transaction_id,customer_id,timestamp,amount,currency,payment_method,payment_status,failure_code,failure_reason,customer_age_days,prior_success_count,prior_failure_count,previous_recovery_count,average_transaction_value,subscription_flag,retry_count,days_since_last_payment,merchant_segment,order_value,checkout_started,checkout_completed,ground_truth_recoverable,ground_truth_recovery_action,recovered_amount
txn_44297dcc1102,cust_efead6e5,2026-07-26 15:28:16.276813,1561.17,INR,upi,failed,insufficient_funds,Customer account has insufficient balance.,791,41,5,5,1100.01,False,3,4,ecommerce,1579.74,True,True,False,CREATE_ESCALATION,0.0
txn_631184d2e0e9,cust_f667ceee,2026-08-14 15:40:16.323954,1074.9,INR,netbanking,failed,fraud_suspected,Transaction flagged by risk engine.,654,19,3,2,2081.91,False,1,12,ecommerce,1109.09,True,True,False,STOP_AUTOMATION,0.0
txn_6a050fa35cd9,cust_31c47f16,2026-08-07 16:56:16.277813,643.02,INR,upi,failed,insufficient_funds,Customer account has insufficient balance.,327,13,2,0,806.58,False,0,22,smb_saas,676.06,True,True,False,CREATE_ESCALATION,0.0
txn_9014abfe2ced,cust_7d8664b3,2026-08-06 11:13:16.244491,657.47,INR,netbanking,failed,insufficient_funds,Customer account has insufficient balance.,900,41,5,2,732.29,True,3,12,smb_saas,685.28,True,False,False,CREATE_ESCALATION,0.0
txn_35d91e83ff54,cust_440e9923,2026-08-19 21:06:16.257223,727.75,INR,netbanking,failed,insufficient_funds,Customer account has insufficient balance.,171,45,0,0,750.13,True,2,11,ecommerce,728.74,True,True,True,SEND_RECOVERY_MESSAGE,727.75
txn_3c8092706c24,cust_5c647857,2026-08-13 16:05:16.315955,98.59,INR,wallet,failed,insufficient_funds,Customer account has insufficient balance.,344,32,2,0,180.57,False,3,17,ecommerce,191.9,True,True,True,SEND_RECOVERY_MESSAGE,98.59
txn_1b9de1949c94,cust_1a9850b7,2026-08-14 10:33:16.283812,100.0,INR,card,failed,bank_timeout,Issuing bank did not respond in time.,16,43,3,1,142.48,False,1,7,mid_market,166.12,True,True,True,WAIT_AND_RETRY,100.0
txn_6f530a46601f,cust_8b1f649d,2026-08-05 15:24:16.234825,561.57,INR,card,failed,temporary_bank_failure,Bank is experiencing intermittent issues.,535,12,3,0,382.11,False,1,30,smb_saas,563.47,True,True,True,WAIT_AND_RETRY,561.57
txn_d4816f38b232,cust_d00fc118,2026-08-15 23:46:16.329954,66.14,INR,upi,failed,insufficient_funds,Customer account has insufficient balance.,454,23,1,0,94.35,False,2,27,ecommerce,116.2,True,True,False,CREATE_ESCALATION,0.0
txn_2c9f55f6afae,cust_51406d9b,2026-08-19 10:35:16.347954,556.11,INR,wallet,failed,insufficient_funds,Customer account has insufficient balance.,340,47,5,4,517.88,False,0,3,ecommerce,638.19,True,True,False,CREATE_ESCALATION,0.0
txn_c6ed7cf7a4f0,cust_2bc721c1,2026-08-17 00:29:16.241825,416.01,INR,wallet,failed,insufficient_funds,Customer account has insufficient balance.,941,5,1,0,323.86,False,0,24,smb_saas,432.94,True,True,False,CREATE_ESCALATION,0.0
txn_34cfdabf6ebb,cust_550c8cb6,2026-08-06 14:45:16.252632,6776.9,INR,wallet,failed,insufficient_funds,Customer account has insufficient balance.,874,15,0,0,12233.48,True,1,11,enterprise,6854.59,True,True,True,SEND_RECOVERY_MESSAGE,6776.9
txn_4733351209c8,cust_2a039bfa,2026-08-07 07:19:16.356096,1133.02,INR,card,failed,temporary_bank_failure,Bank is experiencing intermittent issues.,537,22,2,2,1816.42,True,1,13,ecommerce,1159.69,True,True,True,WAIT_AND_RETRY,1133.02
txn_5ec9c801c4a9,cust_0d5c9bbf,2026-08-15 01:09:16.357097,334.01,USD,netbanking,failed,authentication_failed,OTP or 3D secure authentication failed.,779,42,0,0,261.02,True,3,14,smb_saas,351.14,True,True,True,RETRY_PAYMENT,334.01
txn_2bad9e9050c9,cust_cf59ac73,2026-08-21 02:51:16.351955,240.39,INR,upi,failed,insufficient_funds,Customer account has insufficient balance.,456,31,3,1,266.47,False,2,23,smb_saas,302.67,True,True,False,CREATE_ESCALATION,0.0
txn_85de9547fda5,cust_c1e74abb,2026-08-01 03:06:16.264223,81.86,INR,wallet,failed,authentication_failed,OTP or 3D secure authentication failed.,453,41,2,1,145.36,False,0,11,smb_saas,168.2,True,True,True,RETRY_PAYMENT,81.86
txn_1013f14a6fb0,cust_3c2fce5a,2026-08-16 13:22:16.355058,313.92,INR,wallet,failed,insufficient_funds,Customer account has insufficient balance.,631,18,3,2,465.14,False,2,23,smb_saas,357.94,True,True,False,CREATE_ESCALATION,0.0
txn_fbbe65144e05,cust_b5339134,2026-08-16 15:47:16.266812,297.95,INR,card,failed,bank_timeout,Issuing bank did not respond in time.,113,7,2,2,261.72,False,1,24,ecommerce,326.72,True,False,True,WAIT_AND_RETRY,297.95
txn_e45f4cfd8a99,cust_42c349a6,2026-08-13 17:27:16.252632,1046.67,INR,netbanking,failed,insufficient_funds,Customer account has insufficient balance.,549,44,0,0,1976.05,False,2,16,enterprise,1055.42,True,True,False,CREATE_ESCALATION,0.0
txn_5ba42607b5de,cust_2bbc3270,2026-07-30 15:38:16.302954,1037.74,INR,netbanking,failed,authentication_failed,OTP or 3D secure authentication failed.,422,9,2,2,1502.61,True,0,10,ecommerce,1080.61,True,True,True,RETRY_PAYMENT,1037.74
txn_e50d7c4408ef,cust_e3c85e80,2026-07-29 11:37:16.262223,169.37,INR,netbanking,failed,insufficient_funds,Customer account has insufficient balance.,959,18,1,1,257.99,False,3,19,mid_market,189.4,True,True,True,SEND_RECOVERY_MESSAGE,169.37
txn_dd263d444a7e,cust_ce630d32,2026-08-25 10:42:16.307955,4424.38,INR,card,failed,limit_exceeded,Transaction exceeds customer limits.,491,14,1,0,2401.51,False,3,7,mid_market,4495.83,True,True,False,CREATE_ESCALATION,0.0
txn_4fa88e8a3eab,cust_d020f21e,2026-08-21 02:52:16.335955,601.18,INR,card,failed,bank_timeout,Issuing bank did not respond in time.,974,44,5,3,892.05,False,1,13,smb_saas,672.37,True,True,True,WAIT_AND_RETRY,601.18
txn_1df7a59d2695,cust_b3dcbd23,2026-08-13 03:50:16.300954,542.06,USD,netbanking,failed,authentication_failed,OTP or 3D secure authentication failed.,34,19,0,0,400.22,False,3,20,smb_saas,611.13,True,False,False,CREATE_ESCALATION,0.0
txn_603340aee28c,cust_0d8ba12b,2026-07-31 00:17:16.306955,2374.75,INR,card,failed,insufficient_funds,Customer account has insufficient balance.,467,27,2,1,1441.16,False,2,5,enterprise,2399.87,True,True,True,SEND_RECOVERY_MESSAGE,2374.75
txn_9c4cf850e8e2,cust_2cb9746f,2026-08-18 15:16:16.335955,212.57,INR,upi,failed,temporary_bank_failure,Bank is experiencing intermittent issues.,127,49,1,0,322.55,False,0,21,ecommerce,235.54,True,True,True,WAIT_AND_RETRY,212.57
txn_391aa2658d74,cust_66131e6f,2026-07-26 13:54:16.367097,8180.91,INR,upi,failed,bank_timeout,Issuing bank did not respond in time.,456,39,3,3,13649.65,True,0,26,enterprise,8267.52,True,True,True,WAIT_AND_RETRY,8180.91
txn_8c9727ec3c51,cust_4d3eacf0,2026-08-18 18:06:16.267812,1464.64,INR,netbanking,failed,fraud_suspected,Transaction flagged by risk engine.,263,39,3,3,1388.14,False,0,12,mid_market,1468.34,True,True,False,STOP_AUTOMATION,0.0
txn_f177aa0e2818,cust_419b2d46,2026-08-07 16:21:16.306955,607.38,INR,netbanking,failed,bank_timeout,Issuing bank did not respond in time.,541,36,3,2,543.71,False,0,17,ecommerce,704.71,True,True,True,WAIT_AND_RETRY,607.38
txn_26c29fee5274,cust_0d1fa72f,2026-08-07 23:44:16.295908,1109.71,INR,netbanking,failed,bank_timeout,Issuing bank did not respond in time.,360,38,0,0,1569.2,False,1,30,ecommerce,1133.69,True,True,True,WAIT_AND_RETRY,1109.71
txn_c43e886c1cb5,cust_4464d3fa,2026-08-25 18:07:16.248632,86.26,INR,netbanking,failed,bank_timeout,Issuing bank did not respond in time.,91,23,5,4,78.72,True,3,18,smb_saas,98.55,True,True,True,WAIT_AND_RETRY,86.26
txn_028b3691fb30,cust_69bec34e,2026-08-22 14:57:16.361096,1737.79,INR,card,failed,insufficient_funds,Customer account has insufficient balance.,855,33,0,0,1296.96,False,1,23,ecommerce,1811.83,True,True,False,CREATE_ESCALATION,0.0
txn_68f9acef2609,cust_8940a33f,2026-08-05 13:05:16.277813,1199.31,USD,wallet,failed,authentication_failed,OTP or 3D secure authentication failed.,490,47,0,0,924.63,False,2,28,ecommerce,1290.72,True,True,True,RETRY_PAYMENT,1199.31
txn_e69f3b73411d,cust_779c063e,2026-08-01 12:10:16.353498,414.55,INR,wallet,failed,fraud_suspected,Transaction flagged by risk engine.,654,9,2,2,782.51,False,2,20,ecommerce,498.39,True,True,False,STOP_AUTOMATION,0.0
txn_dd214e826aaa,cust_4dfa4bef,2026-08-05 18:20:16.297955,587.59,INR,netbanking,failed,limit_exceeded,Transaction exceeds customer limits.,423,22,5,2,809.16,False,2,12,ecommerce,641.68,True,True,False,CREATE_ESCALATION,0.0
txn_14f27a2d9d68,cust_e43799d0,2026-08-11 00:48:16.222629,335.91,INR,upi,failed,authentication_failed,OTP or 3D secure authentication failed.,855,23,4,4,242.57,True,2,11,ecommerce,425.81,True,True,False,CREATE_ESCALATION,0.0
txn_6f7e5cf7ed0d,cust_b599d46b,2026-08-01 22:40:16.261223,1071.2,INR,netbanking,failed,insufficient_funds,Customer account has insufficient balance.,590,6,1,0,1566.75,False,3,30,enterprise,1168.49,True,True,True,SEND_RECOVERY_MESSAGE,1071.2
txn_a6ad021e5b96,cust_4e5321f9,2026-08-11 21:20:16.349954,1482.02,INR,wallet,failed,bank_timeout,Issuing bank did not respond in time.,48,50,1,0,2169.32,False,1,18,mid_market,1556.54,True,False,True,WAIT_AND_RETRY,1482.02
txn_53d14194da26,cust_734559f4,2026-07-29 00:57:16.349954,317.36,USD,upi,failed,insufficient_funds,Customer account has insufficient balance.,696,43,0,0,210.75,False,1,23,ecommerce,345.03,True,False,True,SEND_RECOVERY_MESSAGE,317.36
txn_2e1436db6948,cust_5acd9c9b,2026-08-08 06:00:16.229825,957.27,INR,upi,failed,authentication_failed,OTP or 3D secure authentication failed.,203,31,3,1,1284.42,False,1,7,ecommerce,964.43,True,True,True,RETRY_PAYMENT,957.27
txn_64c5cd6d4c19,cust_1854de50,2026-08-19 08:01:16.320954,472.51,INR,upi,failed,insufficient_funds,Customer account has insufficient balance.,617,46,2,0,403.33,True,3,23,ecommerce,532.27,True,False,True,SEND_RECOVERY_MESSAGE,472.51
txn_05c18ec824e5,cust_4de66ed6,2026-08-18 20:39:16.368097,351.83,USD,wallet,failed,limit_exceeded,Transaction exceeds customer limits.,712,47,4,2,422.8,False,1,27,smb_saas,365.9,True,True,True,RETRY_PAYMENT,351.83
txn_3fa98321d90c,cust_b9507a96,2026-08-22 20:11:16.273812,1137.3,USD,wallet,failed,authentication_failed,OTP or 3D secure authentication failed.,969,6,1,1,1654.07,False,3,30,enterprise,1144.79,True,True,True,RETRY_PAYMENT,1137.3
txn_d2ec4a3bfc58,cust_a330506a,2026-08-15 08:26:16.276813,3592.89,INR,wallet,failed,bank_timeout,Issuing bank did not respond in time.,668,42,2,1,4504.13,False,0,1,mid_market,3681.56,True,True,True,WAIT_AND_RETRY,3592.89
txn_e0fccd4f6702,cust_373e3818,2026-07-31 16:56:16.247585,501.77,INR,card,failed,limit_exceeded,Transaction exceeds customer limits.,563,36,5,4,474.58,False,2,3,smb_saas,591.3,True,True,False,CREATE_ESCALATION,0.0
txn_08f259a11d11,cust_f05c1e7b,2026-08-16 06:12:16.298954,395.43,USD,netbanking,failed,bank_timeout,Issuing bank did not respond in time.,659,3,2,0,501.67,False,0,10,smb_saas,468.44,True,True,True,WAIT_AND_RETRY,395.43
txn_2794b13a8f38,cust_63f87906,2026-08-10 22:48:16.243446,58.93,INR,netbanking,failed,authentication_failed,OTP or 3D secure authentication failed.,911,47,1,1,35.92,False,2,14,smb_saas,111.7,True,True,False,CREATE_ESCALATION,0.0
txn_cf0bd7ae6e54,cust_2457150c,2026-07-26 04:29:16.315955,21.8,INR,wallet,failed,insufficient_funds,Customer account has insufficient balance.,773,30,4,2,11.33,False,0,14,smb_saas,42.66,True,True,True,SEND_RECOVERY_MESSAGE,21.8
txn_11288f001e0d,cust_c22378ba,2026-08-24 04:10:16.252632,234.42,INR,card,failed,insufficient_funds,Customer account has insufficient balance.,662,43,5,0,291.51,False,2,29,smb_saas,251.12,True,False,True,SEND_RECOVERY_MESSAGE,234.42
txn_89655b148c5c,cust_ae25c689,2026-07-25 20:04:16.222629,368.06,INR,netbanking,failed,temporary_bank_failure,Bank is experiencing intermittent issues.,853,12,2,0,383.27,False,1,8,smb_saas,372.61,True,True,True,WAIT_AND_RETRY,368.06
txn_e2f02ef0c2e5,cust_b3cc1a56,2026-08-03 12:59:16.263223,2822.91,INR,netbanking,failed,insufficient_funds,Customer account has insufficient balance.,564,41,4,4,5508.02,True,2,18,ecommerce,2881.28,True,True,False,CREATE_ESCALATION,0.0
txn_df976a6c006a,cust_297e8bca,2026-08-19 00:30:16.343954,4201.11,INR,upi,failed,temporary_bank_failure,Bank is experiencing intermittent issues.,520,14,2,0,4534.14,False,2,12,enterprise,4243.57,True,True,True,WAIT_AND_RETRY,4201.11
txn_0c73528101dc,cust_35d00481,2026-08-16 04:53:16.254632,704.45,INR,card,failed,bank_timeout,Issuing bank did not respond in time.,544,30,1,1,1280.18,False,0,3,smb_saas,767.55,True,True,True,WAIT_AND_RETRY,704.45
txn_6358c50f2b96,cust_5f3e8a2b,2026-08-25 00:07:16.251632,42.28,INR,netbanking,failed,authentication_failed,OTP or 3D secure authentication failed.,995,7,3,3,50.12,False,1,15,smb_saas,71.96,True,True,False,CREATE_ESCALATION,0.0
txn_efc1cb717f17,cust_9aad3583,2026-08-01 12:49:16.354544,91.88,INR,netbanking,failed,authentication_failed,OTP or 3D secure authentication failed.,672,15,4,0,165.26,True,0,29,smb_saas,124.48,True,True,True,RETRY_PAYMENT,91.88
txn_237f35c712d3,cust_bd405c12,2026-08-12 12:17:16.341954,80.7,INR,netbanking,failed,insufficient_funds,Customer account has insufficient balance.,315,16,2,1,156.71,True,1,10,ecommerce,134.8,True,True,True,SEND_RECOVERY_MESSAGE,80.7
txn_b9ce69be496e,cust_70d8db7a,2026-07-28 06:09:16.267812,1107.54,USD,card,failed,temporary_bank_failure,Bank is experiencing intermittent issues.,678,42,3,3,733.87,False,3,12,ecommerce,1121.98,True,True,True,WAIT_AND_RETRY,1107.54
txn_8bfe20c72f68,cust_ea590f0a,2026-08-15 01:21:16.270823,529.19,INR,upi,failed,authentication_failed,OTP or 3D secure authentication failed.,886,27,4,4,676.15,False,3,30,smb_saas,576.25,True,True,True,RETRY_PAYMENT,529.19
txn_8215755db717,cust_febbcac9,2026-08-20 02:29:16.273812,9106.2,INR,netbanking,failed,insufficient_funds,Customer account has insufficient balance.,942,2,1,1,9113.18,True,1,1,high_value,9124.79,True,False,True,SEND_RECOVERY_MESSAGE,9106.2
txn_3199c09703f3,cust_987e889a,2026-08-11 20:54:16.270823,658.34,USD,upi,failed,temporary_bank_failure,Bank is experiencing intermittent issues.,694,2,3,1,385.25,False,0,25,ecommerce,727.01,True,True,False,CREATE_ESCALATION,0.0
txn_78c1ab1d2719,cust_eb6c95f9,2026-08-25 03:07:16.361096,6435.67,INR,upi,failed,insufficient_funds,Customer account has insufficient balance.,548,35,2,0,10649.86,False,0,14,enterprise,6492.78,True,True,False,CREATE_ESCALATION,0.0
txn_353a33ec851c,cust_6868b209,2026-08-07 05:25:16.250632,406.17,INR,card,failed,fraud_suspected,Transaction flagged by risk engine.,130,44,2,2,531.01,False,0,17,smb_saas,460.27,True,False,True,RETRY_PAYMENT,406.17
txn_b1cbda0f921b,cust_0354b4ef,2026-07-31 06:20:16.277813,496.04,INR,netbanking,failed,insufficient_funds,Customer account has insufficient balance.,857,5,3,1,743.87,True,3,12,mid_market,587.35,True,False,False,CREATE_ESCALATION,0.0
txn_ffd1cc1c5907,cust_ece73912,2026-08-08 02:44:16.250632,310.87,INR,card,failed,authentication_failed,OTP or 3D secure authentication failed.,883,37,0,0,261.85,True,2,16,smb_saas,375.88,True,False,True,RETRY_PAYMENT,310.87
txn_cf3de108b35d,cust_5a2ef26f,2026-07-31 12:38:16.309954,478.77,INR,netbanking,failed,insufficient_funds,Customer account has insufficient balance.,716,7,1,1,787.41,False,1,17,mid_market,561.14,True,True,True,SEND_RECOVERY_MESSAGE,478.77
txn_06ef6ec9ae11,cust_40c1c8de,2026-08-18 19:07:16.302954,535.81,INR,wallet,failed,insufficient_funds,Customer account has insufficient balance.,580,18,1,1,784.89,False,0,26,ecommerce,599.1,True,True,False,CREATE_ESCALATION,0.0
txn_b54d029ad477,cust_61f7db92,2026-08-10 18:20:16.295908,77.66,USD,card,failed,insufficient_funds,Customer account has insufficient balance.,656,46,1,1,138.37,True,1,20,smb_saas,97.46,True,True,True,SEND_RECOVERY_MESSAGE,77.66
txn_fc2c99138674,cust_79d36edd,2026-07-31 07:03:16.233825,175.88,INR,netbanking,failed,temporary_bank_failure,Bank is experiencing intermittent issues.,693,14,5,5,276.21,False,0,9,ecommerce,222.7,True,True,True,WAIT_AND_RETRY,175.88
txn_b30c80e3f6d4,cust_ca5c07ab,2026-07-28 15:25:16.270823,2194.65,USD,netbanking,failed,insufficient_funds,Customer account has insufficient balance.,383,43,5,2,1371.24,False,0,2,mid_market,2252.33,True,True,False,CREATE_ESCALATION,0.0
txn_a778d15df951,cust_d2823169,2026-08-20 04:08:16.270823,244.54,INR,wallet,failed,fraud_suspected,Transaction flagged by risk engine.,913,35,1,0,269.08,True,0,30,smb_saas,252.46,True,False,False,STOP_AUTOMATION,0.0
txn_80b6522c7f5c,cust_f0259d35,2026-08-18 02:38:16.357097,188.54,INR,wallet,failed,insufficient_funds,Customer account has insufficient balance.,183,6,4,0,353.5,False,0,12,smb_saas,252.91,True,False,False,CREATE_ESCALATION,0.0
txn_ab646d73ab43,cust_22fd06cb,2026-08-09 09:16:16.256176,212.07,INR,upi,failed,insufficient_funds,Customer account has insufficient balance.,279,13,2,0,203.77,False,3,17,ecommerce,227.31,True,True,True,SEND_RECOVERY_MESSAGE,212.07
txn_7d16c793bc65,cust_86e4cb25,2026-08-18 18:17:16.271813,121.75,INR,card,failed,authentication_failed,OTP or 3D secure authentication failed.,661,33,5,0,166.5,False,2,25,ecommerce,157.8,True,True,False,CREATE_ESCALATION,0.0
txn_5824e0e5217f,cust_0d60a1de,2026-08-19 15:50:16.291365,1020.05,INR,card,failed,insufficient_funds,Customer account has insufficient balance.,885,39,3,3,1175.15,True,2,26,ecommerce,1021.45,True,False,False,CREATE_ESCALATION,0.0
txn_5093e81493ee,cust_4bac6844,2026-08-18 22:10:16.265766,1032.15,INR,upi,failed,insufficient_funds,Customer account has insufficient balance.,551,4,5,1,819.8,False,3,2,ecommerce,1079.83,True,True,False,CREATE_ESCALATION,0.0
txn_a7db1c75b6d0,cust_374f54fd,2026-08-12 12:00:16.347954,41.71,INR,netbanking,failed,fraud_suspected,Transaction flagged by risk engine.,721,30,4,2,71.17,False,1,4,smb_saas,43.24,True,True,False,STOP_AUTOMATION,0.0
txn_f70a08a3c5a0,cust_8c1f7448,2026-08-19 13:18:16.362097,4242.57,INR,netbanking,failed,insufficient_funds,Customer account has insufficient balance.,999,25,2,1,3113.01,False,1,6,mid_market,4259.7,True,True,False,CREATE_ESCALATION,0.0
txn_568a040f8c38,cust_0bd256e5,2026-08-11 18:14:16.267812,479.89,INR,upi,failed,insufficient_funds,Customer account has insufficient balance.,509,29,4,1,872.93,False,3,2,smb_saas,546.9,True,True,False,CREATE_ESCALATION,0.0
txn_bafa59613805,cust_d98ba1f3,2026-08-24 19:00:16.254632,176.56,USD,card,failed,fraud_suspected,Transaction flagged by risk engine.,1,35,4,4,235.41,False,0,10,smb_saas,224.81,True,True,False,STOP_AUTOMATION,0.0
txn_4268672f95ae,cust_a3f5eaff,2026-08-20 04:35:16.311954,433.79,INR,wallet,failed,authentication_failed,OTP or 3D secure authentication failed.,215,18,0,0,596.21,False,1,4,smb_saas,527.76,True,True,False,CREATE_ESCALATION,0.0
txn_97bea6ff2bc3,cust_1ff74353,2026-07-26 19:51:16.349954,703.4,INR,upi,failed,authentication_failed,OTP or 3D secure authentication failed.,987,7,4,2,1394.14,False,3,28,ecommerce,741.06,True,True,False,CREATE_ESCALATION,0.0
txn_0e121044f031,cust_5997dbc1,2026-08-17 00:33:16.259223,1680.42,USD,card,failed,bank_timeout,Issuing bank did not respond in time.,878,23,3,1,3056.72,True,2,7,ecommerce,1743.21,True,True,True,WAIT_AND_RETRY,1680.42
txn_96f008c3d8cf,cust_ec6972c4,2026-08-17 22:38:16.228825,24.75,INR,upi,failed,insufficient_funds,Customer account has insufficient balance.,283,49,3,2,37.24,False,1,16,smb_saas,26.29,True,True,False,CREATE_ESCALATION,0.0
txn_131e27cf4f6f,cust_313a2a84,2026-08-16 23:00:16.280813,10.0,USD,netbanking,failed,insufficient_funds,Customer account has insufficient balance.,981,27,4,2,11.26,True,2,8,smb_saas,14.7,True,True,False,CREATE_ESCALATION,0.0
txn_604a2ab91731,cust_59f53f7e,2026-08-05 15:49:16.221629,176.2,INR,card,failed,authentication_failed,OTP or 3D secure authentication failed.,33,1,0,0,149.59,False,1,22,smb_saas,241.19,True,True,True,RETRY_PAYMENT,176.2
txn_4a6bec79c048,cust_c5f6f374,2026-08-13 09:01:16.276813,271.29,INR,wallet,failed,fraud_suspected,Transaction flagged by risk engine.,598,48,0,0,244.81,False,3,12,smb_saas,313.12,True,False,False,STOP_AUTOMATION,0.0
txn_12d0811d5a2a,cust_8f1b40cd,2026-08-08 15:22:16.348954,542.23,INR,upi,failed,insufficient_funds,Customer account has insufficient balance.,284,45,3,2,1074.42,False,0,23,smb_saas,605.17,True,True,False,CREATE_ESCALATION,0.0
txn_6415205f9032,cust_70c4c3ce,2026-08-16 14:37:16.309954,421.98,INR,card,failed,fraud_suspected,Transaction flagged by risk engine.,953,5,4,3,476.71,False,1,7,ecommerce,449.66,True,True,False,STOP_AUTOMATION,0.0
txn_651537925c39,cust_6e06ebe5,2026-08-09 11:51:16.248632,62.94,USD,upi,failed,fraud_suspected,Transaction flagged by risk engine.,385,46,0,0,90.48,True,1,7,ecommerce,103.96,True,True,False,STOP_AUTOMATION,0.0
txn_cfcb4e916813,cust_947e31bc,2026-08-24 09:30:16.326954,180.19,INR,card,failed,insufficient_funds,Customer account has insufficient balance.,4,25,1,1,166.88,False,3,2,smb_saas,243.13,True,True,False,CREATE_ESCALATION,0.0
txn_c2cce8bb5185,cust_88d4c78d,2026-08-07 05:29:16.278812,515.53,INR,netbanking,failed,bank_timeout,Issuing bank did not respond in time.,363,29,5,4,935.05,True,1,23,smb_saas,526.45,True,True,True,WAIT_AND_RETRY,515.53
txn_b52de5712ae1,cust_e28b2a97,2026-08-13 10:22:16.228825,7262.42,USD,wallet,failed,authentication_failed,OTP or 3D secure authentication failed.,189,1,1,0,10843.04,False,0,6,mid_market,7279.11,True,True,True,RETRY_PAYMENT,7262.42
txn_a3cf974408d0,cust_1ac1c332,2026-08-03 13:14:16.295908,1658.48,INR,card,failed,insufficient_funds,Customer account has insufficient balance.,997,22,0,0,1807.28,False,1,9,ecommerce,1727.92,True,True,True,SEND_RECOVERY_MESSAGE,1658.48
txn_f7430d1e522d,cust_c353262b,2026-07-26 07:39:16.236825,236.21,INR,card,failed,insufficient_funds,Customer account has insufficient balance.,763,20,1,1,285.36,False,0,13,smb_saas,254.69,True,False,True,SEND_RECOVERY_MESSAGE,236.21
txn_1c1a54ab6894,cust_cb8129e9,2026-08-03 04:00:16.309954,1535.22,INR,netbanking,failed,temporary_bank_failure,Bank is experiencing intermittent issues.,808,11,5,3,2201.77,False,2,22,ecommerce,1589.25,True,True,False,CREATE_ESCALATION,0.0
txn_888826c69c0b,cust_228ca5db,2026-08-03 04:50:16.296954,19142.49,INR,card,failed,limit_exceeded,Transaction exceeds customer limits.,39,21,0,0,25809.62,False,3,4,enterprise,19224.41,True,True,False,CREATE_ESCALATION,0.0
txn_a98b3eb70c6f,cust_5a3fec2f,2026-08-08 12:06:16.319954,1977.84,INR,netbanking,failed,insufficient_funds,Customer account has insufficient balance.,202,18,3,2,1667.44,True,1,13,ecommerce,2072.1,True,True,False,CREATE_ESCALATION,0.0
txn_7806d19f426f,cust_e95da0d6,2026-08-03 18:45:16.311954,420.84,INR,card,failed,insufficient_funds,Customer account has insufficient balance.,953,38,0,0,752.56,True,1,21,ecommerce,445.23,True,False,True,SEND_RECOVERY_MESSAGE,420.84
txn_57a3197f9828,cust_bfbb3410,2026-08-01 10:23:16.259223,437.15,INR,upi,failed,fraud_suspected,Transaction flagged by risk engine.,323,4,0,0,489.74,True,0,25,smb_saas,484.27,True,True,False,STOP_AUTOMATION,0.0
txn_cc9368292289,cust_456da773,2026-08-24 17:28:16.227825,502.44,INR,upi,failed,temporary_bank_failure,Bank is experiencing intermittent issues.,686,21,4,4,769.92,False,3,21,smb_saas,575.11,True,True,False,CREATE_ESCALATION,0.0
txn_52e8dc048d30,cust_b59e3aa9,2026-08-02 06:21:16.292365,334.14,INR,netbanking,failed,insufficient_funds,Customer account has insufficient balance.,3,26,3,0,446.3,True,2,17,ecommerce,349.5,True,False,True,SEND_RECOVERY_MESSAGE,334.14
txn_b7f49a40c8d3,cust_1ec951f3,2026-07-25 21:49:16.363096,764.52,INR,netbanking,failed,authentication_failed,OTP or 3D secure authentication failed.,622,12,4,4,953.37,False,1,29,ecommerce,858.65,True,True,True,RETRY_PAYMENT,764.52
txn_71564a1e4839,cust_bc2a82a1,2026-08-24 15:54:16.296954,27793.92,INR,card,failed,insufficient_funds,Customer account has insufficient balance.,621,40,2,0,18265.54,False,3,9,high_value,27865.57,True,True,True,SEND_RECOVERY_MESSAGE,27793.92
txn_9cf052f41e73,cust_b9b3813d,2026-08-09 17:11:16.319954,1271.36,INR,wallet,failed,insufficient_funds,Customer account has insufficient balance.,402,39,1,1,2337.85,True,1,0,enterprise,1304.99,True,True,False,CREATE_ESCALATION,0.0
txn_a8f57a6e5d15,cust_927504c4,2026-07-28 14:27:16.246043,860.4,INR,card,failed,insufficient_funds,Customer account has insufficient balance.,39,16,5,3,1445.92,True,1,29,ecommerce,927.66,True,True,False,CREATE_ESCALATION,0.0
txn_94603c2597b9,cust_dfabe9d8,2026-07-29 14:51:16.310954,5000.0,INR,upi,failed,insufficient_funds,Customer account has insufficient balance.,601,15,4,2,5376.11,False,0,9,high_value,5042.47,True,True,False,CREATE_ESCALATION,0.0
txn_74e3d33272c6,cust_6b609554,2026-08-20 08:43:16.292365,5233.94,INR,netbanking,failed,bank_timeout,Issuing bank did not respond in time.,99,47,1,1,8879.49,False,3,10,high_value,5328.25,True,True,True,WAIT_AND_RETRY,5233.94
txn_5783ae7004c7,cust_e253b880,2026-08-20 18:01:16.366097,448.05,USD,upi,failed,bank_timeout,Issuing bank did not respond in time.,756,14,4,4,254.85,False,2,7,mid_market,495.99,True,True,True,WAIT_AND_RETRY,448.05
txn_dd7f36748d0a,cust_eefe1bcc,2026-08-05 07:14:16.230826,7133.15,INR,upi,failed,insufficient_funds,Customer account has insufficient balance.,390,2,1,1,9617.18,False,1,5,mid_market,7220.03,True,True,False,CREATE_ESCALATION,0.0
txn_8643c9f43447,cust_834679b3,2026-08-14 14:10:16.343954,11500.46,INR,wallet,failed,insufficient_funds,Customer account has insufficient balance.,572,13,5,5,14652.81,False,3,9,enterprise,11558.78,True,True,False,CREATE_ESCALATION,0.0
txn_b799fde24cc2,cust_d61d5857,2026-08-06 23:00:16.270823,15774.15,INR,upi,failed,insufficient_funds,Customer account has insufficient balance.,784,8,5,3,15341.8,True,1,10,high_value,15843.59,True,True,False,CREATE_ESCALATION,0.0
txn_399edaf9efd7,cust_f4faa6bb,2026-08-24 03:34:16.232825,586.16,INR,card,failed,authentication_failed,OTP or 3D secure authentication failed.,247,5,4,0,902.53,False,1,4,ecommerce,622.0,True,True,False,CREATE_ESCALATION,0.0
txn_ec014e58dc32,cust_9bd62345,2026-08-09 18:32:16.284812,173.69,USD,wallet,failed,limit_exceeded,Transaction exceeds customer limits.,776,41,4,3,164.12,False,2,4,ecommerce,214.57,True,True,True,RETRY_PAYMENT,173.69
txn_685e68842770,cust_0ddca7dc,2026-08-15 07:30:16.234825,5090.61,INR,card,failed,bank_timeout,Issuing bank did not respond in time.,949,28,3,0,9987.72,False,0,26,mid_market,5146.86,True,True,True,WAIT_AND_RETRY,5090.61
txn_5c4b8e5f94b5,cust_08c9b540,2026-08-17 22:36:16.367097,169.59,INR,netbanking,failed,bank_timeout,Issuing bank did not respond in time.,86,29,2,2,254.37,False,1,20,smb_saas,239.7,True,True,True,WAIT_AND_RETRY,169.59
txn_cbe3bfb85626,cust_d82f9df4,2026-08-22 14:18:16.324955,15660.16,INR,wallet,failed,insufficient_funds,Customer account has insufficient balance.,394,43,3,1,19048.62,True,0,20,enterprise,15740.96,True,True,False,CREATE_ESCALATION,0.0
txn_d0a05feda818,cust_ab4f21ed,2026-07-26 15:19:16.222629,123.88,INR,netbanking,failed,authentication_failed,OTP or 3D secure authentication failed.,452,21,1,0,108.86,False,0,26,mid_market,130.41,True,True,True,RETRY_PAYMENT,123.88
txn_033959e2798b,cust_292afed9,2026-08-20 17:33:16.266812,79.14,USD,netbanking,failed,authentication_failed,OTP or 3D secure authentication failed.,668,40,1,0,149.02,True,2,24,ecommerce,133.29,True,True,True,RETRY_PAYMENT,79.14
txn_e8c56e8e1e6d,cust_44a83b1a,2026-07-26 08:42:16.245325,247.67,INR,upi,failed,temporary_bank_failure,Bank is experiencing intermittent issues.,612,38,0,0,396.3,False,1,16,smb_saas,327.55,True,True,True,WAIT_AND_RETRY,247.67
txn_7694c37d303b,cust_423ec831,2026-07-28 00:42:16.326954,5000.0,INR,wallet,failed,authentication_failed,OTP or 3D secure authentication failed.,572,47,1,0,3047.19,True,2,25,high_value,5024.64,True,True,True,RETRY_PAYMENT,5000.0
txn_a2b785a1c705,cust_bdb17683,2026-08-09 23:55:16.285813,746.15,USD,wallet,failed,temporary_bank_failure,Bank is experiencing intermittent issues.,175,32,0,0,759.13,True,3,9,smb_saas,766.82,True,True,True,WAIT_AND_RETRY,746.15
txn_31f224a2e245,cust_5d3828d6,2026-08-25 05:58:16.319954,162.25,INR,wallet,failed,authentication_failed,OTP or 3D secure authentication failed.,339,24,5,1,309.22,False,1,11,smb_saas,227.23,True,True,False,CREATE_ESCALATION,0.0
txn_8a1352669cfd,cust_e09e754c,2026-07-31 15:49:16.242826,450.15,INR,upi,failed,fraud_suspected,Transaction flagged by risk engine.,216,16,0,0,658.59,True,3,24,ecommerce,474.62,True,True,False,STOP_AUTOMATION,0.0
txn_5f00e2e3a461,cust_42f99753,2026-08-22 18:47:16.351955,634.42,INR,wallet,failed,limit_exceeded,Transaction exceeds customer limits.,276,14,0,0,594.87,False,2,2,smb_saas,675.18,True,True,False,CREATE_ESCALATION,0.0
txn_33f31f0c8dcd,cust_0d4bbcdf,2026-08-02 11:33:16.276813,1940.97,USD,card,failed,temporary_bank_failure,Bank is experiencing intermittent issues.,703,22,5,2,3568.9,False,3,19,mid_market,2017.88,True,True,False,CREATE_ESCALATION,0.0
txn_5b7d74538676,cust_221d6e59,2026-08-24 21:16:16.300954,1728.12,INR,wallet,failed,bank_timeout,Issuing bank did not respond in time.,630,21,1,0,927.72,False,3,7,mid_market,1750.14,True,False,True,WAIT_AND_RETRY,1728.12
txn_fc015c31c504,cust_cfb59b7c,2026-08-18 01:12:16.287327,481.51,INR,wallet,failed,temporary_bank_failure,Bank is experiencing intermittent issues.,632,37,0,0,324.23,False,0,20,smb_saas,569.39,True,True,True,WAIT_AND_RETRY,481.51
txn_9467ca447a3b,cust_3a201473,2026-08-16 15:34:16.300954,4916.77,USD,upi,failed,insufficient_funds,Customer account has insufficient balance.,736,43,5,1,9356.29,False,0,30,mid_market,4992.58,True,True,False,CREATE_ESCALATION,0.0
txn_4256c7370ecb,cust_1ad820de,2026-08-24 06:08:16.285813,309.74,INR,card,failed,insufficient_funds,Customer account has insufficient balance.,597,49,0,0,361.76,False,0,21,smb_saas,360.87,True,True,True,SEND_RECOVERY_MESSAGE,309.74
txn_5afd8ba8210a,cust_51fd6a9d,2026-08-21 05:53:16.283812,698.69,INR,upi,failed,temporary_bank_failure,Bank is experiencing intermittent issues.,694,47,1,1,442.28,True,3,24,ecommerce,714.76,True,False,True,WAIT_AND_RETRY,698.69
txn_e3e9254b2790,cust_13871e3b,2026-08-17 07:59:16.319954,459.09,USD,netbanking,failed,temporary_bank_failure,Bank is experiencing intermittent issues.,409,35,5,0,845.18,False,3,9,ecommerce,526.27,True,True,True,WAIT_AND_RETRY,459.09
txn_e5ae48960c33,cust_fd96c0d3,2026-08-04 20:25:16.360096,179.78,INR,card,failed,insufficient_funds,Customer account has insufficient balance.,947,0,2,0,357.79,False,1,-1,smb_saas,239.14,True,False,False,CREATE_ESCALATION,0.0
txn_7678f03ec7cf,cust_0776c254,2026-08-12 18:51:16.247585,35.45,INR,upi,failed,temporary_bank_failure,Bank is experiencing intermittent issues.,618,38,0,0,23.75,False,2,10,smb_saas,124.29,True,True,True,WAIT_AND_RETRY,35.45
txn_4cf84062d5da,cust_9a8159db,2026-08-09 00:33:16.266812,1163.88,INR,wallet,failed,insufficient_funds,Customer account has insufficient balance.,714,39,4,1,711.25,False,0,13,ecommerce,1228.6,True,True,True,SEND_RECOVERY_MESSAGE,1163.88
txn_48ff827b5b1c,cust_4336dab1,2026-08-13 00:55:16.333954,2388.7,INR,wallet,failed,limit_exceeded,Transaction exceeds customer limits.,63,47,3,0,1809.9,False,2,19,mid_market,2400.94,True,True,False,CREATE_ESCALATION,0.0
txn_2f9b3257f35f,cust_67a55379,2026-08-11 04:03:16.305956,263.96,INR,wallet,failed,bank_timeout,Issuing bank did not respond in time.,87,48,2,0,225.8,True,1,15,smb_saas,265.07,True,True,True,WAIT_AND_RETRY,263.96
txn_21e2ae7da109,cust_c842f5ce,2026-07-30 09:30:16.333954,394.6,INR,card,failed,fraud_suspected,Transaction flagged by risk engine.,414,36,3,2,256.44,False,3,27,smb_saas,481.74,True,True,False,STOP_AUTOMATION,0.0
txn_1931d33ad1b1,cust_b17850f0,2026-08-22 12:18:16.228825,5239.55,INR,card,failed,insufficient_funds,Customer account has insufficient balance.,988,40,0,0,9090.01,False,3,2,mid_market,5245.96,True,True,True,SEND_RECOVERY_MESSAGE,5239.55
txn_6177f140160a,cust_511ced85,2026-08-02 03:07:16.295908,521.71,INR,upi,failed,authentication_failed,OTP or 3D secure authentication failed.,566,49,4,3,532.09,False,0,28,smb_saas,571.03,True,True,True,RETRY_PAYMENT,521.71
txn_40f9745b4e1d,cust_d8e0d2fe,2026-08-03 22:59:16.275813,12862.45,INR,wallet,failed,limit_exceeded,Transaction exceeds customer limits.,838,37,2,0,24738.85,False,3,8,enterprise,12889.6,True,True,False,CREATE_ESCALATION,0.0
txn_bb982f6cb37f,cust_df30f72e,2026-08-03 00:55:16.308955,1519.43,INR,card,failed,authentication_failed,OTP or 3D secure authentication failed.,699,17,0,0,1482.13,False,2,23,ecommerce,1529.81,True,True,False,CREATE_ESCALATION,0.0
txn_b9a458f7c632,cust_fdf0e645,2026-08-03 11:08:16.229825,16043.01,INR,upi,failed,authentication_failed,OTP or 3D secure authentication failed.,790,6,4,1,19399.82,False,2,29,high_value,16075.32,True,True,True,RETRY_PAYMENT,16043.01
txn_748b33ad7c94,cust_a4491530,2026-08-19 09:43:16.272812,2436.02,USD,netbanking,failed,limit_exceeded,Transaction exceeds customer limits.,363,43,3,3,1322.74,True,0,27,mid_market,2444.64,True,True,False,CREATE_ESCALATION,0.0
txn_256270b9d185,cust_1e6eb537,2026-08-16 03:02:16.351955,1754.48,INR,netbanking,failed,authentication_failed,OTP or 3D secure authentication failed.,273,12,2,0,1791.22,True,3,29,ecommerce,1804.52,True,True,True,RETRY_PAYMENT,1754.48
txn_4c2bfd7d8141,cust_fb7e6b65,2026-08-06 14:57:16.249632,260.57,INR,wallet,failed,temporary_bank_failure,Bank is experiencing intermittent issues.,946,3,1,0,430.9,True,3,29,ecommerce,312.97,True,True,True,WAIT_AND_RETRY,260.57
txn_9aa56a4eac3f,cust_b659c116,2026-08-08 20:36:16.256176,58.96,INR,card,failed,authentication_failed,OTP or 3D secure authentication failed.,276,19,3,2,31.57,False,3,26,smb_saas,124.69,True,False,False,CREATE_ESCALATION,0.0
txn_5c46f1a750b6,cust_24fd77af,2026-08-05 21:11:16.258223,1800.21,USD,upi,failed,insufficient_funds,Customer account has insufficient balance.,770,35,5,3,3236.31,False,3,22,ecommerce,1849.75,True,True,False,CREATE_ESCALATION,0.0
txn_9fa7e2e4aea2,cust_2f021d47,2026-07-31 15:37:16.281813,6690.98,INR,netbanking,failed,temporary_bank_failure,Bank is experiencing intermittent issues.,87,4,0,0,6753.21,False,2,9,enterprise,6790.14,True,True,True,WAIT_AND_RETRY,6690.98
txn_6be2f7c26975,cust_da270b06,2026-08-01 05:50:16.223629,100.0,USD,wallet,failed,authentication_failed,OTP or 3D secure authentication failed.,193,33,2,2,163.47,False,0,6,mid_market,126.71,True,True,True,RETRY_PAYMENT,100.0
txn_501d36f0f008,cust_2e5349fb,2026-08-16 04:08:16.337954,961.27,INR,card,failed,limit_exceeded,Transaction exceeds customer limits.,861,18,5,1,1138.55,True,2,22,smb_saas,1049.83,True,True,False,CREATE_ESCALATION,0.0
txn_c78e72dc2a62,cust_7d350937,2026-08-10 23:21:16.249632,1150.51,USD,upi,failed,authentication_failed,OTP or 3D secure authentication failed.,624,34,2,2,2073.35,False,1,28,ecommerce,1242.37,True,True,False,CREATE_ESCALATION,0.0
txn_48d36920baaf,cust_223c2207,2026-08-07 18:04:16.240825,600.76,USD,card,failed,insufficient_funds,Customer account has insufficient balance.,450,11,2,0,583.45,False,1,9,smb_saas,613.73,True,True,False,CREATE_ESCALATION,0.0
txn_7e1caf023448,cust_c15d877e,2026-08-11 12:48:16.263223,89.79,INR,card,failed,bank_timeout,Issuing bank did not respond in time.,851,30,2,1,141.75,False,1,24,smb_saas,132.33,True,True,True,WAIT_AND_RETRY,89.79
txn_7fa947c75b34,cust_a96e7273,2026-08-11 06:01:16.223629,302.14,INR,netbanking,failed,temporary_bank_failure,Bank is experiencing intermittent issues.,704,30,0,0,528.04,True,0,23,smb_saas,376.02,True,True,True,WAIT_AND_RETRY,302.14
txn_0d7bf7ce846f,cust_dc38d127,2026-08-12 04:46:16.230826,178.33,INR,card,failed,bank_timeout,Issuing bank did not respond in time.,729,36,3,0,247.57,False,0,26,smb_saas,222.85,True,True,True,WAIT_AND_RETRY,178.33
txn_6fc6993901b3,cust_68105e70,2026-08-11 13:27:16.343954,2149.72,USD,card,failed,insufficient_funds,Customer account has insufficient balance.,308,35,3,2,4236.83,False,0,0,enterprise,2174.08,True,True,True,SEND_RECOVERY_MESSAGE,2149.72
txn_35c66b947f1c,cust_8a195d9c,2026-08-12 03:27:16.355058,78.49,INR,upi,failed,temporary_bank_failure,Bank is experiencing intermittent issues.,208,10,2,1,136.37,True,1,20,smb_saas,125.03,True,True,True,WAIT_AND_RETRY,78.49
txn_4a6518c66d00,cust_90b4535d,2026-08-17 16:05:16.304955,491.89,USD,upi,failed,limit_exceeded,Transaction exceeds customer limits.,818,31,5,1,406.59,True,1,9,ecommerce,498.15,True,True,False,CREATE_ESCALATION,0.0
txn_20ccd047b0cd,cust_4cd87a01,2026-07-29 00:30:16.269812,1932.09,INR,upi,failed,insufficient_funds,Customer account has insufficient balance.,861,50,3,3,3389.32,False,2,0,ecommerce,1956.96,True,True,False,CREATE_ESCALATION,0.0
txn_efb370142348,cust_0721b26e,2026-08-05 21:42:16.292365,5514.4,USD,wallet,failed,insufficient_funds,Customer account has insufficient balance.,812,20,0,0,8300.06,True,1,21,mid_market,5524.98,True,False,True,SEND_RECOVERY_MESSAGE,5514.4
txn_b9646560f111,cust_009a63ce,2026-08-12 18:25:16.270823,238.05,INR,wallet,failed,bank_timeout,Issuing bank did not respond in time.,840,9,3,0,184.63,False,1,1,smb_saas,294.47,True,True,True,WAIT_AND_RETRY,238.05
txn_bb81ef808884,cust_5246aafc,2026-07-26 04:17:16.363096,104.84,INR,wallet,failed,insufficient_funds,Customer account has insufficient balance.,602,2,4,0,113.24,False,1,22,smb_saas,139.1,True,True,False,CREATE_ESCALATION,0.0
txn_83a7dc590ecf,cust_a3b4008b,2026-08-19 18:16:16.303954,2601.67,INR,wallet,failed,authentication_failed,OTP or 3D secure authentication failed.,58,29,0,0,4529.34,False,0,14,mid_market,2673.58,True,True,True,RETRY_PAYMENT,2601.67
txn_759a99f99dd4,cust_d91e8f72,2026-07-29 17:28:16.302954,524.49,INR,netbanking,failed,temporary_bank_failure,Bank is experiencing intermittent issues.,894,3,2,2,485.98,False,1,17,smb_saas,603.54,True,True,False,CREATE_ESCALATION,0.0
txn_fc47cb541883,cust_3eb683a7,2026-08-10 17:12:16.302954,443.92,INR,netbanking,failed,insufficient_funds,Customer account has insufficient balance.,450,6,0,0,703.96,False,2,27,ecommerce,505.16,True,True,True,SEND_RECOVERY_MESSAGE,443.92
txn_f5cb24d54fa8,cust_803e0f53,2026-07-30 10:27:16.308955,27.25,INR,wallet,failed,insufficient_funds,Customer account has insufficient balance.,869,48,0,0,42.27,True,3,6,smb_saas,105.96,True,False,False,CREATE_ESCALATION,0.0
txn_16338931f5f9,cust_c4c97e45,2026-08-12 09:48:16.304955,1000.0,INR,upi,failed,insufficient_funds,Customer account has insufficient balance.,472,23,0,0,614.04,True,3,9,enterprise,1075.25,True,True,True,SEND_RECOVERY_MESSAGE,1000.0
txn_fad2dd56413b,cust_54972269,2026-07-27 12:12:16.252632,336.74,INR,upi,failed,temporary_bank_failure,Bank is experiencing intermittent issues.,204,7,1,1,482.77,False,1,16,ecommerce,414.3,True,True,True,WAIT_AND_RETRY,336.74
txn_ff9eb6643b92,cust_6262d322,2026-08-07 20:40:16.351955,99.73,INR,card,failed,temporary_bank_failure,Bank is experiencing intermittent issues.,455,24,3,0,54.92,False,2,10,smb_saas,105.77,True,True,False,CREATE_ESCALATION,0.0
txn_7feb25dadee0,cust_2f3059c8,2026-08-02 16:15:16.337954,3734.35,INR,netbanking,failed,authentication_failed,OTP or 3D secure authentication failed.,683,33,5,1,6842.15,False,3,7,mid_market,3786.2,True,True,False,CREATE_ESCALATION,0.0
txn_bc4b698076ea,cust_e9c16116,2026-08-10 10:31:16.346954,488.95,INR,upi,failed,fraud_suspected,Transaction flagged by risk engine.,185,33,3,0,956.2,False,3,4,smb_saas,529.81,True,True,True,RETRY_PAYMENT,488.95
txn_2dabb6389f66,cust_44000d84,2026-08-01 03:32:16.249632,1733.08,INR,upi,failed,limit_exceeded,Transaction exceeds customer limits.,492,29,2,1,2808.01,False,2,15,mid_market,1746.65,True,True,False,CREATE_ESCALATION,0.0
txn_b2481c40f74b,cust_b3e369d6,2026-08-13 02:44:16.363096,1080.68,INR,card,failed,authentication_failed,OTP or 3D secure authentication failed.,914,11,2,0,854.87,False,0,29,enterprise,1120.93,True,True,False,CREATE_ESCALATION,0.0
txn_e6fb70451fcf,cust_e04c92b7,2026-08-24 07:24:16.273812,9863.87,USD,wallet,failed,bank_timeout,Issuing bank did not respond in time.,214,12,1,1,11360.35,True,2,4,enterprise,9878.81,True,False,True,WAIT_AND_RETRY,9863.87
txn_f36cb5363856,cust_64efdbaa,2026-08-15 05:31:16.299954,1241.14,INR,upi,failed,temporary_bank_failure,Bank is experiencing intermittent issues.,281,25,5,2,2057.11,False,3,0,mid_market,1270.55,True,True,False,CREATE_ESCALATION,0.0
txn_f1e105bcb76e,cust_819a9bd4,2026-08-01 07:40:16.319954,5527.34,INR,card,failed,bank_timeout,Issuing bank did not respond in time.,73,24,4,0,10060.59,False,1,28,mid_market,5575.54,True,True,False,CREATE_ESCALATION,0.0
txn_3f564fcb7168,cust_ae006c46,2026-07-28 07:50:16.268812,563.82,USD,netbanking,failed,bank_timeout,Issuing bank did not respond in time.,261,48,0,0,375.0,False,2,11,smb_saas,613.44,True,True,False,CREATE_ESCALATION,0.0
txn_82399e55d026,cust_ed548a7c,2026-08-19 18:47:16.294364,1474.85,INR,card,failed,insufficient_funds,Customer account has insufficient balance.,158,25,3,2,1484.18,False,1,25,mid_market,1545.74,True,True,False,CREATE_ESCALATION,0.0
txn_a158ce4d552d,cust_6df65788,2026-08-06 06:31:16.285813,111.27,INR,upi,failed,temporary_bank_failure,Bank is experiencing intermittent issues.,964,30,0,0,165.27,False,1,24,ecommerce,180.81,True,True,True,WAIT_AND_RETRY,111.27
txn_0bbf472409e7,cust_39cf0201,2026-08-02 17:43:16.328954,6497.28,INR,netbanking,failed,authentication_failed,OTP or 3D secure authentication failed.,14,49,4,0,11958.78,False,2,23,mid_market,6539.45,True,False,False,CREATE_ESCALATION,0.0
txn_9591cf7e2bcb,cust_8ca7dcc5,2026-08-14 11:52:16.298954,127.23,INR,upi,failed,insufficient_funds,Customer account has insufficient balance.,119,7,1,0,117.37,False,2,5,smb_saas,135.59,True,True,False,CREATE_ESCALATION,0.0
txn_0c09a79c8f73,cust_a296d7b6,2026-08-23 10:51:16.264223,31.51,INR,card,failed,authentication_failed,OTP or 3D secure authentication failed.,445,15,2,2,33.02,False,2,3,smb_saas,49.54,True,True,True,RETRY_PAYMENT,31.51
txn_2e94599d67e1,cust_15fc5cd7,2026-08-10 21:26:16.317954,306.58,INR,upi,failed,bank_timeout,Issuing bank did not respond in time.,880,9,0,0,322.84,True,2,23,smb_saas,371.58,True,True,True,WAIT_AND_RETRY,306.58
txn_952c2c768f74,cust_92d13744,2026-08-23 18:00:16.250632,930.0,USD,wallet,failed,insufficient_funds,Customer account has insufficient balance.,821,25,1,0,1447.17,True,3,5,smb_saas,964.89,True,True,False,CREATE_ESCALATION,0.0
txn_acb9efb347d5,cust_06b4c4ad,2026-08-01 19:17:16.289365,486.12,INR,upi,failed,authentication_failed,OTP or 3D secure authentication failed.,586,20,5,4,885.27,False,2,26,smb_saas,579.96,True,True,False,CREATE_ESCALATION,0.0
txn_a794957a7487,cust_948c6f55,2026-08-11 15:38:16.299954,707.21,INR,wallet,failed,bank_timeout,Issuing bank did not respond in time.,661,14,2,1,845.45,False,3,16,ecommerce,781.3,True,True,True,WAIT_AND_RETRY,707.21
txn_d6e023ff53e4,cust_fa37e769,2026-08-15 05:45:16.252632,323.99,INR,card,failed,temporary_bank_failure,Bank is experiencing intermittent issues.,645,44,2,0,557.43,False,0,0,ecommerce,416.75,True,True,True,WAIT_AND_RETRY,323.99
txn_ba536973118d,cust_e2be26d3,2026-08-04 22:48:16.280813,691.76,INR,upi,failed,temporary_bank_failure,Bank is experiencing intermittent issues.,29,4,3,1,445.29,False,1,0,smb_saas,692.35,True,True,True,WAIT_AND_RETRY,691.76
txn_5fded3eff29d,cust_4e62bf82,2026-08-18 22:50:16.331954,274.55,USD,card,failed,bank_timeout,Issuing bank did not respond in time.,738,21,4,3,474.54,False,2,29,ecommerce,332.31,True,True,False,CREATE_ESCALATION,0.0
txn_dd3fc3f5f559,cust_03ccf698,2026-08-22 18:25:16.318954,172.3,INR,card,failed,insufficient_funds,Customer account has insufficient balance.,829,25,3,2,244.68,False,1,8,ecommerce,179.57,True,False,False,CREATE_ESCALATION,0.0
txn_f08a0f00b801,cust_85f16d40,2026-07-29 19:25:16.344954,1029.12,INR,netbanking,failed,insufficient_funds,Customer account has insufficient balance.,17,14,3,2,533.7,False,3,0,mid_market,1061.41,True,True,True,SEND_RECOVERY_MESSAGE,1029.12
txn_d3151a11f23a,cust_fd0203d1,2026-08-15 10:21:16.365098,190.45,INR,card,failed,authentication_failed,OTP or 3D secure authentication failed.,676,11,2,1,298.04,True,0,24,smb_saas,240.0,True,True,True,RETRY_PAYMENT,190.45
txn_449ba44f2fdc,cust_840b15f2,2026-08-21 17:56:16.229825,344.21,USD,upi,failed,bank_timeout,Issuing bank did not respond in time.,745,0,1,0,249.91,False,2,-1,smb_saas,386.23,True,True,True,WAIT_AND_RETRY,344.21
txn_c7908fd5c668,cust_de122087,2026-07-27 07:28:16.232825,108.68,INR,upi,failed,fraud_suspected,Transaction flagged by risk engine.,188,48,0,0,142.98,False,2,8,smb_saas,177.22,True,True,True,RETRY_PAYMENT,108.68
txn_6c9a700b51d9,cust_6db2b0b5,2026-08-21 16:34:16.351955,752.3,INR,netbanking,failed,limit_exceeded,Transaction exceeds customer limits.,72,34,0,0,663.59,True,0,13,ecommerce,764.02,True,True,True,RETRY_PAYMENT,752.3
txn_17bc390e5170,cust_a04ec6fd,2026-07-27 02:52:16.351955,244.08,INR,netbanking,failed,insufficient_funds,Customer account has insufficient balance.,121,30,3,0,297.92,False,3,12,smb_saas,291.64,True,True,False,CREATE_ESCALATION,0.0
txn_0a70b83598bc,cust_a38facbe,2026-07-29 07:19:16.292365,2607.11,INR,netbanking,failed,bank_timeout,Issuing bank did not respond in time.,61,6,4,0,4286.52,False,0,4,mid_market,2628.47,True,True,True,WAIT_AND_RETRY,2607.11
txn_77996a96dbf2,cust_01f33d79,2026-08-24 07:06:16.290365,26.83,INR,netbanking,failed,limit_exceeded,Transaction exceeds customer limits.,868,7,1,1,21.67,False,0,4,ecommerce,91.35,True,True,False,CREATE_ESCALATION,0.0
txn_d751cbc37395,cust_8672a5c9,2026-07-25 21:06:16.343954,258.67,USD,upi,failed,bank_timeout,Issuing bank did not respond in time.,622,12,3,0,146.56,True,3,12,ecommerce,277.31,True,False,False,CREATE_ESCALATION,0.0
txn_db841aeced71,cust_654c0498,2026-08-14 18:51:16.302954,1736.42,INR,upi,failed,insufficient_funds,Customer account has insufficient balance.,822,23,0,0,2575.64,False,0,1,ecommerce,1739.46,True,True,True,SEND_RECOVERY_MESSAGE,1736.42
txn_3b0b868f77ad,cust_1ca8b8fd,2026-08-14 08:45:16.260223,1443.03,INR,wallet,failed,bank_timeout,Issuing bank did not respond in time.,536,25,2,1,2348.4,False,3,11,mid_market,1453.02,True,False,True,WAIT_AND_RETRY,1443.03
txn_bb5745e80e9f,cust_d25c0848,2026-08-18 01:22:16.272812,403.61,INR,wallet,failed,insufficient_funds,Customer account has insufficient balance.,809,37,1,1,219.59,False,0,13,mid_market,471.91,True,False,True,SEND_RECOVERY_MESSAGE,403.61
txn_d143c921e959,cust_6abb09b8,2026-08-24 02:43:16.299954,5034.62,USD,card,failed,temporary_bank_failure,Bank is experiencing intermittent issues.,469,10,1,0,6756.65,True,2,29,enterprise,5085.29,True,True,True,WAIT_AND_RETRY,5034.62
txn_d0c6afd2d100,cust_035f5364,2026-08-03 01:05:16.351955,4263.49,INR,card,failed,insufficient_funds,Customer account has insufficient balance.,512,1,3,3,7704.89,False,0,5,enterprise,4295.92,True,True,True,SEND_RECOVERY_MESSAGE,4263.49
txn_3da4dc148058,cust_17f4c1fd,2026-08-05 14:48:16.361096,3920.51,INR,card,failed,bank_timeout,Issuing bank did not respond in time.,941,45,4,4,2450.28,False,1,21,enterprise,3938.66,True,True,False,CREATE_ESCALATION,0.0
txn_3dd90406e7d5,cust_adb57a60,2026-08-01 11:29:16.267812,266.62,USD,upi,failed,bank_timeout,Issuing bank did not respond in time.,34,26,4,1,248.26,True,1,21,smb_saas,360.78,True,True,True,WAIT_AND_RETRY,266.62
txn_d812bef8f887,cust_1e197ef6,2026-08-09 02:38:16.301954,347.26,USD,card,failed,insufficient_funds,Customer account has insufficient balance.,237,14,3,2,630.67,False,1,6,smb_saas,356.64,True,True,True,SEND_RECOVERY_MESSAGE,347.26
txn_4bcacfef14ee,cust_14dce646,2026-08-02 00:33:16.329954,4601.9,INR,upi,failed,limit_exceeded,Transaction exceeds customer limits.,838,40,0,0,2973.09,False,0,0,enterprise,4693.38,True,False,False,CREATE_ESCALATION,0.0
txn_d620979d7c88,cust_2937af4e,2026-08-10 08:56:16.343954,26.63,INR,wallet,failed,insufficient_funds,Customer account has insufficient balance.,341,27,2,1,17.65,False,0,0,smb_saas,33.87,True,True,False,CREATE_ESCALATION,0.0
txn_7c850a178295,cust_010ce9d6,2026-07-31 07:12:16.267812,921.43,INR,wallet,failed,limit_exceeded,Transaction exceeds customer limits.,526,11,2,0,1771.8,False,1,28,ecommerce,994.38,True,True,False,CREATE_ESCALATION,0.0
txn_4ec266ed5cd0,cust_88d150b8,2026-08-14 05:57:16.260223,3375.79,INR,netbanking,failed,insufficient_funds,Customer account has insufficient balance.,772,43,2,2,3857.08,False,2,18,mid_market,3453.29,True,True,False,CREATE_ESCALATION,0.0
txn_796edd4e343a,cust_a4fe728c,2026-08-25 15:30:16.294364,93.35,INR,upi,failed,bank_timeout,Issuing bank did not respond in time.,994,41,0,0,133.26,False,1,28,smb_saas,136.71,True,False,True,WAIT_AND_RETRY,93.35
txn_33af31b51a1f,cust_7f960f35,2026-08-07 23:46:16.367097,56.12,INR,wallet,failed,bank_timeout,Issuing bank did not respond in time.,888,9,3,1,58.8,False,3,13,smb_saas,68.22,True,True,True,WAIT_AND_RETRY,56.12
txn_191acd91f2e3,cust_fba6c677,2026-08-01 09:33:16.292365,146.31,INR,wallet,failed,insufficient_funds,Customer account has insufficient balance.,929,37,3,2,147.14,True,2,11,smb_saas,204.36,True,True,False,CREATE_ESCALATION,0.0
txn_ce599583eaa3,cust_8c7a3e28,2026-08-04 05:33:16.310954,331.03,INR,upi,failed,limit_exceeded,Transaction exceeds customer limits.,308,16,5,2,314.7,False,3,10,smb_saas,396.44,True,False,True,RETRY_PAYMENT,331.03
txn_a366baba5992,cust_ccba6f56,2026-08-24 06:37:16.273812,120.58,INR,upi,failed,insufficient_funds,Customer account has insufficient balance.,410,47,3,2,82.39,False,1,15,smb_saas,196.59,True,True,False,CREATE_ESCALATION,0.0
txn_865b639fe1c3,cust_1da6da00,2026-08-15 11:57:16.342954,1805.41,INR,wallet,failed,bank_timeout,Issuing bank did not respond in time.,248,36,1,0,3223.68,True,3,11,mid_market,1833.15,True,True,True,WAIT_AND_RETRY,1805.41
txn_25dd580d55d7,cust_cec5e1e7,2026-08-21 15:29:16.298954,281.93,INR,card,failed,insufficient_funds,Customer account has insufficient balance.,907,19,4,1,207.59,False,0,19,ecommerce,322.55,True,True,False,CREATE_ESCALATION,0.0
txn_0d3864d44590,cust_32242bee,2026-08-12 03:21:16.283812,799.85,USD,netbanking,failed,insufficient_funds,Customer account has insufficient balance.,365,48,1,1,931.91,False,2,21,mid_market,880.94,True,True,False,CREATE_ESCALATION,0.0
txn_079f5279111f,cust_78da66ab,2026-07-27 13:57:16.356096,196.82,INR,wallet,failed,bank_timeout,Issuing bank did not respond in time.,773,8,3,2,359.15,True,2,15,smb_saas,277.84,True,True,True,WAIT_AND_RETRY,196.82
txn_ed183f62bf8b,cust_65d7f286,2026-08-25 17:26:16.316954,947.76,INR,wallet,failed,temporary_bank_failure,Bank is experiencing intermittent issues.,844,5,5,1,1728.07,False,0,11,mid_market,1023.59,True,True,False,CREATE_ESCALATION,0.0
txn_82f31bfacbf0,cust_d892c679,2026-08-13 14:27:16.345955,5000.0,INR,wallet,failed,authentication_failed,OTP or 3D secure authentication failed.,96,36,4,4,8030.69,False,1,23,high_value,5068.75,True,True,True,RETRY_PAYMENT,5000.0
txn_dbec7864de78,cust_8dcccefc,2026-08-04 12:23:16.359096,245.68,USD,upi,failed,insufficient_funds,Customer account has insufficient balance.,634,30,2,1,414.05,False,2,16,smb_saas,268.87,True,True,False,CREATE_ESCALATION,0.0
txn_51b7440587b5,cust_ae000063,2026-08-11 19:24:16.294364,777.56,USD,wallet,failed,temporary_bank_failure,Bank is experiencing intermittent issues.,852,19,0,0,940.06,True,2,13,ecommerce,832.49,True,True,True,WAIT_AND_RETRY,777.56
txn_52f653d83f95,cust_5f736dde,2026-07-31 04:32:16.261223,65.52,INR,upi,failed,insufficient_funds,Customer account has insufficient balance.,720,18,2,1,52.92,False,0,14,smb_saas,79.39,True,False,False,CREATE_ESCALATION,0.0
txn_97fecadc06db,cust_20abf5a0,2026-08-08 20:54:16.246043,767.18,INR,netbanking,failed,temporary_bank_failure,Bank is experiencing intermittent issues.,882,30,1,0,1147.74,False,1,3,ecommerce,784.42,True,True,True,WAIT_AND_RETRY,767.18
txn_75b45c5220f0,cust_750f00d9,2026-08-17 05:50:16.348954,299.95,INR,card,failed,insufficient_funds,Customer account has insufficient balance.,680,0,4,0,227.63,False,1,-1,smb_saas,384.78,True,True,False,CREATE_ESCALATION,0.0
txn_6afff1ce0755,cust_4388da0a,2026-08-07 22:51:16.224629,109.54,INR,card,failed,insufficient_funds,Customer account has insufficient balance.,655,50,4,3,65.09,False,3,19,smb_saas,163.15,True,True,False,CREATE_ESCALATION,0.0
txn_0474f27dc7d4,cust_bf82a5a9,2026-08-22 13:37:16.240825,89.02,INR,upi,failed,fraud_suspected,Transaction flagged by risk engine.,496,31,4,3,136.27,True,2,16,smb_saas,110.53,True,True,False,STOP_AUTOMATION,0.0
txn_186ced3e7055,cust_e9823667,2026-08-21 02:09:16.267812,368.79,INR,upi,failed,insufficient_funds,Customer account has insufficient balance.,346,17,5,0,603.83,False,2,30,ecommerce,437.32,True,True,False,CREATE_ESCALATION,0.0
txn_f6de6fa68d55,cust_eb042939,2026-08-02 10:34:16.347954,352.69,USD,card,failed,temporary_bank_failure,Bank is experiencing intermittent issues.,339,1,1,1,205.63,False,0,11,smb_saas,356.8,True,True,True,WAIT_AND_RETRY,352.69
txn_184f967525e1,cust_886ea546,2026-07-31 23:29:16.258223,338.64,INR,wallet,failed,authentication_failed,OTP or 3D secure authentication failed.,269,43,3,0,324.11,False,3,23,mid_market,348.03,True,True,False,CREATE_ESCALATION,0.0
txn_00aab7b89d72,cust_a559a478,2026-07-28 05:33:16.336954,100.0,INR,wallet,failed,insufficient_funds,Customer account has insufficient balance.,500,36,3,3,163.39,False,0,22,mid_market,120.66,True,True,True,SEND_RECOVERY_MESSAGE,100.0
txn_137481645355,cust_44c84db8,2026-08-23 13:57:16.312954,1091.95,USD,wallet,failed,insufficient_funds,Customer account has insufficient balance.,721,43,0,0,1211.32,False,2,21,mid_market,1172.59,True,True,False,CREATE_ESCALATION,0.0
txn_becb9b3af910,cust_7d4c40ac,2026-08-19 20:50:16.263223,2886.41,INR,upi,failed,authentication_failed,OTP or 3D secure authentication failed.,694,22,2,1,2924.89,True,3,1,mid_market,2966.23,True,True,False,CREATE_ESCALATION,0.0
txn_1f713e7baf18,cust_7b7eceb7,2026-08-24 15:30:16.320954,1997.69,USD,netbanking,failed,insufficient_funds,Customer account has insufficient balance.,4,6,0,0,2759.83,True,3,21,ecommerce,2069.94,True,True,False,CREATE_ESCALATION,0.0
txn_305609e6f398,cust_836380dc,2026-07-27 19:24:16.324955,1253.65,INR,wallet,failed,insufficient_funds,Customer account has insufficient balance.,902,32,4,0,1452.24,True,1,30,mid_market,1259.85,True,True,True,SEND_RECOVERY_MESSAGE,1253.65
txn_f445b4101be9,cust_6d0c7d7b,2026-07-27 05:46:16.259223,125.56,INR,netbanking,failed,insufficient_funds,Customer account has insufficient balance.,384,12,5,0,75.56,True,0,13,smb_saas,175.27,True,True,True,SEND_RECOVERY_MESSAGE,125.56
txn_7a44b875f983,cust_2dea34d9,2026-08-03 18:24:16.277813,170.91,USD,wallet,failed,temporary_bank_failure,Bank is experiencing intermittent issues.,149,18,3,1,173.82,True,2,9,ecommerce,259.45,True,True,True,WAIT_AND_RETRY,170.91
txn_3b2482c3c8bf,cust_4178df61,2026-08-14 22:11:16.253632,25.45,INR,card,failed,temporary_bank_failure,Bank is experiencing intermittent issues.,625,13,0,0,39.67,False,1,8,ecommerce,95.03,True,True,True,WAIT_AND_RETRY,25.45
txn_542664f653a2,cust_ba85f3f6,2026-08-21 07:42:16.286812,283.44,INR,wallet,failed,insufficient_funds,Customer account has insufficient balance.,789,10,4,2,536.22,False,2,15,smb_saas,311.45,True,True,True,SEND_RECOVERY_MESSAGE,283.44
txn_e427563bac94,cust_f5fe33d5,2026-08-01 07:03:16.346954,132.04,INR,card,failed,authentication_failed,OTP or 3D secure authentication failed.,112,38,0,0,122.4,False,0,16,smb_saas,217.87,True,True,True,RETRY_PAYMENT,132.04
txn_e41d3b2bc019,cust_8201032a,2026-08-18 02:58:16.222629,42.87,INR,wallet,failed,bank_timeout,Issuing bank did not respond in time.,861,29,1,0,79.76,False,0,2,ecommerce,107.14,True,True,True,WAIT_AND_RETRY,42.87
txn_da1cae739007,cust_f76af60c,2026-08-18 20:14:16.229825,1718.16,INR,card,failed,insufficient_funds,Customer account has insufficient balance.,636,9,2,0,1743.77,False,2,14,mid_market,1765.28,True,True,False,CREATE_ESCALATION,0.0
txn_107c62381c14,cust_878c48d6,2026-08-07 17:27:16.232825,411.41,USD,upi,failed,insufficient_funds,Customer account has insufficient balance.,208,27,2,2,624.35,False,1,10,smb_saas,495.05,True,True,False,CREATE_ESCALATION,0.0
txn_f77852b00e90,cust_cf8fc598,2026-08-06 19:37:16.367097,14789.74,INR,netbanking,failed,insufficient_funds,Customer account has insufficient balance.,302,19,2,1,27830.1,False,3,28,high_value,14836.57,True,True,False,CREATE_ESCALATION,0.0
txn_cedd1f2d22ed,cust_d1fe6a72,2026-08-07 23:22:16.351955,3039.38,USD,upi,failed,insufficient_funds,Customer account has insufficient balance.,905,46,2,0,2155.54,False,0,13,mid_market,3089.99,True,False,False,CREATE_ESCALATION,0.0
txn_14cd0dac5129,cust_6a6a2eef,2026-08-15 22:39:16.353498,1999.34,INR,wallet,failed,authentication_failed,OTP or 3D secure authentication failed.,847,46,2,2,2089.69,False,0,7,mid_market,2093.76,True,True,False,CREATE_ESCALATION,0.0
txn_b6ce5d9851e4,cust_1f9d02f9,2026-08-06 18:10:16.293365,12.23,USD,upi,failed,limit_exceeded,Transaction exceeds customer limits.,752,42,4,1,21.01,True,2,0,smb_saas,22.69,True,True,False,CREATE_ESCALATION,0.0
txn_a386ac5ab46b,cust_ea2bdf71,2026-08-10 16:44:16.360096,472.3,INR,wallet,failed,insufficient_funds,Customer account has insufficient balance.,955,7,4,4,721.24,False,3,2,mid_market,518.07,True,True,False,CREATE_ESCALATION,0.0
txn_82e28d599655,cust_70ecb3b0,2026-08-24 04:19:16.257223,13.87,INR,wallet,failed,bank_timeout,Issuing bank did not respond in time.,148,30,0,0,26.56,True,3,15,smb_saas,55.63,True,True,True,WAIT_AND_RETRY,13.87
txn_411f1d9eea98,cust_059ca39b,2026-08-05 01:32:16.336954,403.69,INR,wallet,failed,fraud_suspected,Transaction flagged by risk engine.,174,35,3,3,393.78,False,3,23,smb_saas,457.42,True,True,False,STOP_AUTOMATION,0.0
txn_d94c66b377cd,cust_be7de8a6,2026-08-25 13:53:16.256176,404.73,INR,upi,failed,limit_exceeded,Transaction exceeds customer limits.,368,21,0,0,664.58,True,0,0,smb_saas,459.58,True,True,False,CREATE_ESCALATION,0.0
txn_f792bbd05cd9,cust_29365d02,2026-08-14 01:39:16.259223,45.44,INR,card,failed,insufficient_funds,Customer account has insufficient balance.,605,20,2,1,61.38,True,3,30,smb_saas,71.86,True,True,True,SEND_RECOVERY_MESSAGE,45.44
txn_018dcd651ffa,cust_cb2f2a3c,2026-08-25 02:22:16.271813,1434.8,USD,wallet,failed,temporary_bank_failure,Bank is experiencing intermittent issues.,980,47,0,0,1109.09,False,1,8,ecommerce,1498.57,True,True,True,WAIT_AND_RETRY,1434.8
txn_32645f232574,cust_1b294bac,2026-08-09 19:18:16.280813,775.7,USD,card,failed,insufficient_funds,Customer account has insufficient balance.,210,10,0,0,1162.85,True,2,27,ecommerce,835.73,True,True,True,SEND_RECOVERY_MESSAGE,775.7
txn_8d1dc8a1aaf7,cust_df5109e7,2026-07-28 22:13:16.365098,8548.57,INR,card,failed,insufficient_funds,Customer account has insufficient balance.,70,16,3,2,13964.94,False,0,28,enterprise,8556.59,True,True,False,CREATE_ESCALATION,0.0
txn_94df89d67118,cust_211f9491,2026-08-12 01:07:16.304955,11408.34,USD,card,failed,insufficient_funds,Customer account has insufficient balance.,192,24,2,0,16681.45,False,2,29,high_value,11422.32,True,True,False,CREATE_ESCALATION,0.0
txn_8c9f4fa9c4c8,cust_baf38c11,2026-08-12 17:34:16.288365,25.72,INR,netbanking,failed,bank_timeout,Issuing bank did not respond in time.,92,32,0,0,38.62,True,3,11,smb_saas,43.41,True,True,True,WAIT_AND_RETRY,25.72
txn_68e55dcea811,cust_b1fb8c43,2026-07-26 23:29:16.302954,572.92,USD,upi,failed,insufficient_funds,Customer account has insufficient balance.,920,31,0,0,984.91,True,2,25,ecommerce,654.37,True,True,True,SEND_RECOVERY_MESSAGE,572.92
txn_4d4a1243b333,cust_020b75d6,2026-08-12 17:21:16.359096,408.97,INR,wallet,failed,bank_timeout,Issuing bank did not respond in time.,938,10,2,1,501.65,True,1,11,smb_saas,471.14,True,False,True,WAIT_AND_RETRY,408.97
txn_8c619b28c798,cust_c2b5e765,2026-08-19 07:49:16.311954,556.89,USD,netbanking,failed,bank_timeout,Issuing bank did not respond in time.,78,33,2,0,1069.94,False,1,19,ecommerce,572.23,True,True,True,WAIT_AND_RETRY,556.89
txn_12f455489e6f,cust_2aecb02f,2026-07-28 11:04:16.261223,10.0,INR,card,failed,authentication_failed,OTP or 3D secure authentication failed.,130,19,0,0,10.13,False,3,19,smb_saas,20.8,True,True,True,RETRY_PAYMENT,10.0
txn_f5e4ef651c1e,cust_f122213a,2026-08-23 03:21:16.324955,1461.87,INR,wallet,failed,insufficient_funds,Customer account has insufficient balance.,16,1,4,3,839.98,True,2,1,ecommerce,1542.05,True,True,False,CREATE_ESCALATION,0.0
txn_35b5981358cb,cust_e953d37b,2026-08-21 02:59:16.299954,1534.0,USD,netbanking,failed,temporary_bank_failure,Bank is experiencing intermittent issues.,453,38,1,1,1663.77,False,2,9,mid_market,1587.87,True,True,False,CREATE_ESCALATION,0.0
txn_4149ec5e6f3d,cust_4f033e47,2026-07-29 09:43:16.327954,5000.0,INR,upi,failed,bank_timeout,Issuing bank did not respond in time.,604,33,1,0,5393.08,False,3,30,high_value,5000.16,True,True,True,WAIT_AND_RETRY,5000.0
txn_cd5640c9aec9,cust_64fce918,2026-08-19 06:01:16.222629,8501.22,INR,wallet,failed,bank_timeout,Issuing bank did not respond in time.,864,34,2,0,5721.43,False,1,18,enterprise,8597.47,True,True,True,WAIT_AND_RETRY,8501.22
txn_f5ddfe6193b3,cust_b0f448dd,2026-08-10 07:22:16.273812,3464.29,USD,upi,failed,insufficient_funds,Customer account has insufficient balance.,142,26,2,1,3155.55,False,3,3,mid_market,3547.08,True,True,False,CREATE_ESCALATION,0.0
txn_312a0708b611,cust_abbcd9e5,2026-08-19 09:27:16.283812,575.05,INR,upi,failed,insufficient_funds,Customer account has insufficient balance.,591,10,2,2,666.51,False,2,12,smb_saas,621.73,True,True,True,SEND_RECOVERY_MESSAGE,575.05
txn_ef8ed004bd66,cust_6644fe0c,2026-08-19 02:28:16.345955,1077.73,USD,wallet,failed,insufficient_funds,Customer account has insufficient balance.,298,29,3,2,1405.12,False,2,28,mid_market,1107.62,True,True,False,CREATE_ESCALATION,0.0
txn_8b7961d74e45,cust_25a36032,2026-07-26 10:48:16.256176,3640.2,INR,upi,failed,limit_exceeded,Transaction exceeds customer limits.,451,26,1,1,3910.41,False,0,19,mid_market,3649.01,True,True,False,CREATE_ESCALATION,0.0
txn_bdd7f57c2ce4,cust_e1ea2cfd,2026-08-22 01:13:16.294364,35.95,INR,netbanking,failed,bank_timeout,Issuing bank did not respond in time.,704,18,2,1,43.13,True,0,14,smb_saas,49.72,True,True,True,WAIT_AND_RETRY,35.95
txn_4ddb06263796,cust_26493f83,2026-08-02 14:32:16.325954,1160.47,INR,card,failed,temporary_bank_failure,Bank is experiencing intermittent issues.,886,11,5,2,915.36,False,0,25,mid_market,1172.74,True,False,True,WAIT_AND_RETRY,1160.47
txn_ff6cc3909bca,cust_6d284d54,2026-08-18 12:30:16.288365,2641.45,INR,netbanking,failed,limit_exceeded,Transaction exceeds customer limits.,321,19,0,0,4713.62,False,0,0,mid_market,2673.54,True,True,False,CREATE_ESCALATION,0.0
txn_d1fb34009c18,cust_b9eb0d5a,2026-08-08 00:14:16.355058,199.95,INR,upi,failed,temporary_bank_failure,Bank is experiencing intermittent issues.,956,38,1,1,154.15,True,0,2,smb_saas,282.53,True,True,True,WAIT_AND_RETRY,199.95
txn_bbc4d62e120a,cust_87274a34,2026-07-29 21:17:16.361096,1123.89,USD,card,failed,insufficient_funds,Customer account has insufficient balance.,519,41,3,3,1838.58,False,3,20,ecommerce,1218.69,True,True,False,CREATE_ESCALATION,0.0
txn_2e014fabab1e,cust_539efebe,2026-08-13 02:46:16.261223,59.18,USD,upi,failed,bank_timeout,Issuing bank did not respond in time.,885,41,5,3,114.0,False,1,10,smb_saas,86.33,True,False,True,WAIT_AND_RETRY,59.18
txn_c16c8c603dcb,cust_ff7ad80c,2026-08-13 13:09:16.285813,947.75,INR,wallet,failed,authentication_failed,OTP or 3D secure authentication failed.,518,19,1,0,1551.64,False,2,14,ecommerce,980.87,True,True,False,CREATE_ESCALATION,0.0
txn_896505c14afd,cust_9093f4b7,2026-08-08 06:04:16.340954,1717.79,INR,netbanking,failed,insufficient_funds,Customer account has insufficient balance.,742,28,0,0,2843.04,False,3,22,ecommerce,1730.88,True,True,False,CREATE_ESCALATION,0.0
txn_9d6c7f95ab0b,cust_d0a10af0,2026-08-04 06:19:16.251632,15.64,INR,netbanking,failed,insufficient_funds,Customer account has insufficient balance.,89,45,0,0,30.97,True,3,17,smb_saas,48.03,True,True,False,CREATE_ESCALATION,0.0
txn_f4aeb246aa18,cust_dcd393f7,2026-08-02 21:21:16.283812,719.4,INR,upi,failed,bank_timeout,Issuing bank did not respond in time.,583,42,1,1,1121.16,True,3,7,ecommerce,770.38,True,True,True,WAIT_AND_RETRY,719.4
txn_cc4c8723c003,cust_8795b2a4,2026-07-31 17:44:16.233825,332.65,INR,netbanking,failed,insufficient_funds,Customer account has insufficient balance.,989,49,3,0,176.56,True,3,24,ecommerce,372.89,True,True,False,CREATE_ESCALATION,0.0
txn_f5a09cb7bc27,cust_c7293e81,2026-08-13 23:23:16.278812,18.68,INR,netbanking,failed,limit_exceeded,Transaction exceeds customer limits.,176,32,4,0,18.76,False,3,10,smb_saas,23.24,True,True,False,CREATE_ESCALATION,0.0
txn_ba0ab9041422,cust_5ed69675,2026-08-23 00:54:16.235826,2321.84,INR,netbanking,failed,limit_exceeded,Transaction exceeds customer limits.,175,1,4,0,1778.19,True,3,5,mid_market,2329.6,True,True,False,CREATE_ESCALATION,0.0
txn_6986214721f9,cust_7c6f4590,2026-07-29 13:31:16.268812,1115.98,INR,netbanking,failed,insufficient_funds,Customer account has insufficient balance.,839,29,1,0,962.63,False,2,29,mid_market,1123.24,True,True,True,SEND_RECOVERY_MESSAGE,1115.98
txn_b25fe630f2b6,cust_e4f807ed,2026-08-06 20:39:16.312954,4791.36,INR,netbanking,failed,bank_timeout,Issuing bank did not respond in time.,868,16,5,2,3701.82,False,1,3,enterprise,4875.14,True,True,True,WAIT_AND_RETRY,4791.36
txn_c3cb840ec8bd,cust_7bf7bd1c,2026-08-15 23:06:16.246043,139.35,INR,upi,failed,authentication_failed,OTP or 3D secure authentication failed.,256,0,3,1,231.14,True,1,-1,smb_saas,161.69,True,True,False,CREATE_ESCALATION,0.0
txn_cd50487480b0,cust_3c039e3b,2026-07-30 22:00:16.289365,93.22,INR,netbanking,failed,authentication_failed,OTP or 3D secure authentication failed.,424,10,0,0,175.16,True,2,0,smb_saas,191.5,True,True,True,RETRY_PAYMENT,93.22
txn_35506197c530,cust_cb149c6b,2026-08-21 13:14:16.309954,199.4,INR,upi,failed,authentication_failed,OTP or 3D secure authentication failed.,23,20,1,1,108.45,False,3,22,smb_saas,238.64,True,True,False,CREATE_ESCALATION,0.0
txn_8b70611c6b3d,cust_b148d7cc,2026-08-17 00:56:16.284812,1043.2,INR,card,failed,insufficient_funds,Customer account has insufficient balance.,752,17,0,0,1099.94,True,1,24,mid_market,1129.35,True,True,False,CREATE_ESCALATION,0.0
txn_ef753878268b,cust_8bfcc214,2026-08-02 06:20:16.332954,10.78,INR,upi,failed,insufficient_funds,Customer account has insufficient balance.,785,47,3,1,6.58,False,1,15,smb_saas,71.15,True,True,False,CREATE_ESCALATION,0.0
txn_2b250984f687,cust_ccabc278,2026-07-26 02:14:16.321954,365.76,USD,netbanking,failed,insufficient_funds,Customer account has insufficient balance.,378,17,5,2,510.71,False,3,23,mid_market,435.86,True,True,False,CREATE_ESCALATION,0.0
txn_1c4de96e2443,cust_541b7aee,2026-08-08 03:39:16.309954,387.51,INR,wallet,failed,insufficient_funds,Customer account has insufficient balance.,565,45,2,0,269.46,False,3,10,ecommerce,397.92,True,True,True,SEND_RECOVERY_MESSAGE,387.51
txn_8fc1cbc4ea40,cust_9c6a4507,2026-08-07 03:14:16.320954,18965.05,INR,upi,failed,insufficient_funds,Customer account has insufficient balance.,574,44,0,0,28766.53,True,2,19,high_value,18976.54,True,True,False,CREATE_ESCALATION,0.0
txn_eb3197818d61,cust_4fc3fdf6,2026-07-26 22:42:16.229825,2243.11,USD,netbanking,failed,authentication_failed,OTP or 3D secure authentication failed.,874,4,1,0,2095.95,False,3,8,mid_market,2313.16,True,True,True,RETRY_PAYMENT,2243.11
txn_536eb491df16,cust_8232ba89,2026-08-11 21:24:16.328954,307.8,INR,card,failed,authentication_failed,OTP or 3D secure authentication failed.,313,45,0,0,237.73,False,1,19,smb_saas,348.13,True,True,True,RETRY_PAYMENT,307.8
txn_a8a5c436e629,cust_84e41661,2026-07-25 20:39:16.328954,209.87,INR,wallet,failed,bank_timeout,Issuing bank did not respond in time.,805,29,5,5,270.04,False,1,18,ecommerce,295.26,True,True,True,WAIT_AND_RETRY,209.87
txn_99df92fa2936,cust_6415ec6d,2026-08-17 21:02:16.310954,113.38,USD,netbanking,failed,fraud_suspected,Transaction flagged by risk engine.,177,4,0,0,206.81,False,3,0,smb_saas,182.03,True,False,False,STOP_AUTOMATION,0.0
txn_a7a649672e58,cust_b8f94519,2026-08-05 13:14:16.299954,1090.7,INR,wallet,failed,insufficient_funds,Customer account has insufficient balance.,865,7,5,1,1229.42,False,2,10,ecommerce,1153.8,True,True,False,CREATE_ESCALATION,0.0
txn_83bb79458a66,cust_0dd02a88,2026-08-17 08:41:16.302954,6755.25,INR,netbanking,failed,authentication_failed,OTP or 3D secure authentication failed.,735,7,1,1,4505.01,True,1,14,mid_market,6805.45,True,True,False,CREATE_ESCALATION,0.0
txn_0b2b084579b4,cust_6a8107ba,2026-08-19 18:14:16.320954,9271.83,INR,card,failed,bank_timeout,Issuing bank did not respond in time.,8,0,5,3,15948.38,False,3,-1,enterprise,9300.0,True,True,False,CREATE_ESCALATION,0.0
txn_4b1bcbb96052,cust_83a51146,2026-08-02 14:56:16.281813,267.4,INR,upi,failed,insufficient_funds,Customer account has insufficient balance.,370,6,0,0,159.05,True,0,13,ecommerce,356.94,True,True,True,SEND_RECOVERY_MESSAGE,267.4
txn_4a5af5bb5556,cust_03611a3b,2026-08-01 08:56:16.327954,177.99,INR,wallet,failed,limit_exceeded,Transaction exceeds customer limits.,236,29,1,1,144.43,False,2,6,smb_saas,223.09,True,True,False,CREATE_ESCALATION,0.0
txn_121a4c9627d4,cust_3361c6a9,2026-07-31 11:55:16.297955,825.36,USD,card,failed,insufficient_funds,Customer account has insufficient balance.,541,9,4,2,842.36,False,1,6,smb_saas,903.23,True,True,True,SEND_RECOVERY_MESSAGE,825.36
txn_0566f9045c02,cust_5e4de0d4,2026-08-22 06:22:16.283812,4312.1,INR,upi,failed,authentication_failed,OTP or 3D secure authentication failed.,372,20,2,0,4032.49,True,2,14,mid_market,4373.63,True,False,False,CREATE_ESCALATION,0.0
txn_660d0d6e682d,cust_64bde8bf,2026-08-04 01:39:16.337954,194.17,INR,card,failed,temporary_bank_failure,Bank is experiencing intermittent issues.,403,6,0,0,366.3,True,0,14,ecommerce,288.16,True,True,True,WAIT_AND_RETRY,194.17
txn_414bd264a615,cust_340dc90d,2026-08-23 02:53:16.316954,348.53,INR,netbanking,failed,temporary_bank_failure,Bank is experiencing intermittent issues.,480,41,3,1,206.89,False,3,10,ecommerce,446.18,True,True,True,WAIT_AND_RETRY,348.53
txn_0d19b80453a8,cust_27dd52ec,2026-08-07 08:05:16.356096,1344.72,INR,card,failed,bank_timeout,Issuing bank did not respond in time.,990,18,3,2,1997.56,False,0,14,ecommerce,1444.38,True,True,True,WAIT_AND_RETRY,1344.72
txn_c37f750cddce,cust_2379185f,2026-08-07 00:44:16.270823,201.27,INR,netbanking,failed,insufficient_funds,Customer account has insufficient balance.,903,17,3,3,104.6,False,0,20,smb_saas,243.93,True,True,True,SEND_RECOVERY_MESSAGE,201.27
txn_0883d041bfbf,cust_3c56c7dd,2026-08-16 07:36:16.274812,272.39,INR,wallet,failed,insufficient_funds,Customer account has insufficient balance.,126,43,2,0,228.98,True,2,25,smb_saas,330.45,True,True,False,CREATE_ESCALATION,0.0
txn_3e1120023d74,cust_b81c3548,2026-08-01 17:33:16.298954,26815.59,INR,card,failed,insufficient_funds,Customer account has insufficient balance.,991,1,0,0,40846.3,False,3,16,high_value,26817.28,True,True,False,CREATE_ESCALATION,0.0
txn_750139664040,cust_2663583b,2026-07-26 16:47:16.354544,71.34,INR,wallet,failed,temporary_bank_failure,Bank is experiencing intermittent issues.,101,40,5,5,84.66,False,3,23,smb_saas,86.76,True,True,True,WAIT_AND_RETRY,71.34
txn_a3e25941bde0,cust_8c057f3e,2026-07-30 05:45:16.306955,201.4,USD,wallet,failed,authentication_failed,OTP or 3D secure authentication failed.,371,18,2,2,201.16,False,3,7,ecommerce,251.16,True,True,True,RETRY_PAYMENT,201.4
txn_e8510f6c7895,cust_accb3c52,2026-08-03 18:38:16.314954,598.02,INR,card,failed,fraud_suspected,Transaction flagged by risk engine.,555,31,5,2,805.97,False,3,7,smb_saas,611.83,True,True,False,STOP_AUTOMATION,0.0
txn_96df132524c4,cust_0c79d985,2026-08-01 07:46:16.282812,940.3,USD,card,failed,temporary_bank_failure,Bank is experiencing intermittent issues.,138,30,2,1,1297.25,False,0,3,mid_market,989.09,True,True,True,WAIT_AND_RETRY,940.3
txn_6afb3369d7d6,cust_350dc9ca,2026-08-24 16:53:16.348954,407.18,INR,wallet,failed,insufficient_funds,Customer account has insufficient balance.,647,7,5,0,219.69,False,2,17,smb_saas,444.21,True,True,False,CREATE_ESCALATION,0.0
txn_8af3dc50df6e,cust_82b7e4b7,2026-07-28 13:31:16.232825,5000.0,INR,upi,failed,authentication_failed,OTP or 3D secure authentication failed.,896,13,4,0,4698.77,False,1,15,high_value,5034.67,True,True,False,CREATE_ESCALATION,0.0
txn_d2441c98e24c,cust_2e6828f5,2026-08-07 16:54:16.254632,25131.76,INR,wallet,failed,insufficient_funds,Customer account has insufficient balance.,662,20,2,0,21739.57,False,0,22,high_value,25184.87,True,True,False,CREATE_ESCALATION,0.0
txn_bdc1a0832060,cust_2e5413e3,2026-08-04 17:02:16.231825,3696.65,INR,netbanking,failed,insufficient_funds,Customer account has insufficient balance.,800,4,2,0,3970.94,False,0,8,enterprise,3792.21,True,True,False,CREATE_ESCALATION,0.0
txn_6e548902bd05,cust_8b1828e0,2026-08-18 22:37:16.332954,48922.56,INR,card,failed,insufficient_funds,Customer account has insufficient balance.,859,42,1,1,32984.28,False,0,1,high_value,49010.25,True,True,True,SEND_RECOVERY_MESSAGE,48922.56
txn_12477ac066fb,cust_e717775e,2026-07-29 09:02:16.274812,395.77,INR,card,failed,insufficient_funds,Customer account has insufficient balance.,413,16,3,2,470.7,False,0,21,smb_saas,469.94,True,True,True,SEND_RECOVERY_MESSAGE,395.77
txn_f1d735f8873c,cust_841facaa,2026-08-24 18:37:16.316954,7679.51,INR,card,failed,limit_exceeded,Transaction exceeds customer limits.,124,9,4,2,6829.64,False,3,28,enterprise,7697.38,True,True,False,CREATE_ESCALATION,0.0
txn_5b3de122b5ac,cust_9ca33125,2026-08-02 16:30:16.271813,2893.82,INR,card,failed,bank_timeout,Issuing bank did not respond in time.,178,37,1,1,2460.69,False,0,18,mid_market,2918.87,True,True,True,WAIT_AND_RETRY,2893.82
txn_c1496e85f4f9,cust_dc0ea811,2026-08-11 00:58:16.341954,335.16,USD,netbanking,failed,limit_exceeded,Transaction exceeds customer limits.,515,13,4,3,233.47,False,3,22,ecommerce,377.68,True,True,False,CREATE_ESCALATION,0.0
txn_37713a03c3af,cust_c7ffe640,2026-08-18 15:09:16.324955,6703.4,USD,wallet,failed,fraud_suspected,Transaction flagged by risk engine.,181,35,5,3,5510.63,False,3,26,enterprise,6716.11,True,True,False,STOP_AUTOMATION,0.0
txn_8d42bda96f19,cust_ecc04a27,2026-08-08 03:23:16.311954,381.21,INR,card,failed,insufficient_funds,Customer account has insufficient balance.,948,33,5,5,326.51,False,3,17,ecommerce,394.56,True,True,False,CREATE_ESCALATION,0.0
txn_584f0ec90d6e,cust_868fa20d,2026-08-23 15:03:16.260223,10.0,USD,upi,failed,authentication_failed,OTP or 3D secure authentication failed.,667,27,3,0,12.71,True,2,16,smb_saas,15.16,True,True,False,CREATE_ESCALATION,0.0
txn_b3b9212556f2,cust_da39050f,2026-07-30 03:46:16.348954,77.37,INR,wallet,failed,authentication_failed,OTP or 3D secure authentication failed.,169,40,1,1,78.71,False,0,0,smb_saas,155.07,True,True,True,RETRY_PAYMENT,77.37
txn_4c0a433fdf20,cust_05eaf540,2026-08-07 00:30:16.332954,16100.36,INR,wallet,failed,insufficient_funds,Customer account has insufficient balance.,821,10,3,2,32089.17,True,3,24,high_value,16145.38,True,True,False,CREATE_ESCALATION,0.0
txn_8d5b24d3ebf4,cust_1693f53e,2026-08-17 02:30:16.281813,675.74,INR,card,failed,insufficient_funds,Customer account has insufficient balance.,509,32,2,1,796.11,False,0,17,ecommerce,741.25,True,True,True,SEND_RECOVERY_MESSAGE,675.74
txn_839a1d8dd1b0,cust_427b5f2a,2026-08-16 14:53:16.351955,3997.43,INR,wallet,failed,authentication_failed,OTP or 3D secure authentication failed.,921,28,3,3,5688.91,False,0,1,mid_market,4096.07,True,True,False,CREATE_ESCALATION,0.0
txn_029b4b7027d1,cust_238a753f,2026-08-07 17:25:16.289365,1376.68,INR,netbanking,failed,insufficient_funds,Customer account has insufficient balance.,857,43,3,1,1396.86,True,0,3,ecommerce,1415.5,True,True,False,CREATE_ESCALATION,0.0
txn_cdf3bb6a467b,cust_c0ecd95e,2026-08-22 17:05:16.306955,279.92,USD,upi,failed,insufficient_funds,Customer account has insufficient balance.,461,12,5,4,185.76,True,1,0,ecommerce,341.13,True,False,True,SEND_RECOVERY_MESSAGE,279.92
txn_79f7e0a98100,cust_fc37266e,2026-08-13 20:20:16.301954,19306.07,USD,upi,failed,insufficient_funds,Customer account has insufficient balance.,90,33,4,2,32823.16,False,2,28,enterprise,19316.08,True,True,False,CREATE_ESCALATION,0.0
txn_d1b29b6d466b,cust_0955260a,2026-08-22 09:10:16.247585,721.96,INR,upi,failed,bank_timeout,Issuing bank did not respond in time.,686,38,4,4,747.47,False,1,28,ecommerce,746.45,True,True,True,WAIT_AND_RETRY,721.96
txn_ed89c564c4b5,cust_b4d20fe3,2026-08-14 03:48:16.229825,69.35,INR,upi,failed,insufficient_funds,Customer account has insufficient balance.,795,25,0,0,53.57,False,2,26,smb_saas,107.51,True,True,False,CREATE_ESCALATION,0.0
txn_66fe7853e085,cust_a12ad4b9,2026-08-09 00:20:16.345955,374.57,INR,card,failed,bank_timeout,Issuing bank did not respond in time.,443,0,0,0,330.39,False,2,-1,smb_saas,448.21,True,True,True,WAIT_AND_RETRY,374.57
txn_482a2c9b61cb,cust_46712e9b,2026-08-07 16:50:16.298954,435.64,INR,wallet,failed,limit_exceeded,Transaction exceeds customer limits.,907,39,5,0,611.38,True,3,9,ecommerce,442.22,True,True,False,CREATE_ESCALATION,0.0
txn_aeaf45ade829,cust_572f363f,2026-08-11 13:29:16.228825,29871.96,INR,netbanking,failed,limit_exceeded,Transaction exceeds customer limits.,569,27,3,1,21470.94,False,1,15,high_value,29952.53,True,True,False,CREATE_ESCALATION,0.0
txn_478e2bbe8741,cust_dfdea549,2026-07-25 22:49:16.243446,56.8,INR,wallet,failed,insufficient_funds,Customer account has insufficient balance.,923,33,3,3,68.27,True,2,0,smb_saas,64.29,True,True,False,CREATE_ESCALATION,0.0
txn_8c54a3c48e1f,cust_4f275056,2026-07-28 03:47:16.331954,436.29,INR,wallet,failed,limit_exceeded,Transaction exceeds customer limits.,641,41,5,5,239.09,False,0,16,smb_saas,529.82,True,True,False,CREATE_ESCALATION,0.0
txn_72f5be5f92f6,cust_ca920c44,2026-08-10 17:41:16.278812,465.15,INR,upi,failed,bank_timeout,Issuing bank did not respond in time.,159,22,3,3,439.11,False,2,6,smb_saas,503.14,True,True,False,CREATE_ESCALATION,0.0
txn_c1c5a27e97cd,cust_886a4ca1,2026-07-27 12:30:16.287327,233.91,INR,upi,failed,limit_exceeded,Transaction exceeds customer limits.,393,3,5,4,189.61,False,2,4,smb_saas,309.96,True,True,False,CREATE_ESCALATION,0.0
txn_b6a6b25e2391,cust_e78014b3,2026-08-20 06:09:16.245325,1007.8,INR,netbanking,failed,insufficient_funds,Customer account has insufficient balance.,257,22,5,1,1305.93,False,2,9,ecommerce,1083.23,True,True,True,SEND_RECOVERY_MESSAGE,1007.8
txn_6f6a9d15c4f7,cust_de9d72ae,2026-07-27 19:12:16.277813,555.19,INR,netbanking,failed,insufficient_funds,Customer account has insufficient balance.,966,25,3,0,802.03,False,1,0,smb_saas,654.69,True,True,False,CREATE_ESCALATION,0.0
txn_90f0828a7176,cust_851e7129,2026-08-21 19:12:16.243446,23317.71,INR,wallet,failed,authentication_failed,OTP or 3D secure authentication failed.,565,36,1,1,18166.53,False,3,20,high_value,23375.26,True,False,False,CREATE_ESCALATION,0.0
txn_16c482b01322,cust_c015b3d0,2026-07-29 20:18:16.343954,3415.35,INR,wallet,failed,authentication_failed,OTP or 3D secure authentication failed.,465,37,1,1,4269.28,False,3,30,mid_market,3504.09,True,True,True,RETRY_PAYMENT,3415.35
txn_c5d171ff920a,cust_809a18c1,2026-08-12 16:14:16.293365,393.94,USD,upi,failed,insufficient_funds,Customer account has insufficient balance.,54,44,3,3,523.47,True,2,12,smb_saas,443.06,True,False,True,SEND_RECOVERY_MESSAGE,393.94
txn_a074d1adb3b5,cust_78979d81,2026-08-01 13:34:16.357097,392.55,INR,card,failed,authentication_failed,OTP or 3D secure authentication failed.,782,37,0,0,610.71,False,0,13,ecommerce,446.79,True,False,True,RETRY_PAYMENT,392.55
txn_44b72f34fd6c,cust_933ee6db,2026-08-20 12:50:16.275813,486.83,INR,netbanking,failed,temporary_bank_failure,Bank is experiencing intermittent issues.,619,0,0,0,874.35,False,3,-1,smb_saas,496.55,True,False,True,WAIT_AND_RETRY,486.83
txn_4bbfbde1b7d1,cust_2e666841,2026-07-31 00:29:16.265766,1330.41,INR,netbanking,failed,limit_exceeded,Transaction exceeds customer limits.,128,19,0,0,1324.63,False,1,17,ecommerce,1362.78,True,True,False,CREATE_ESCALATION,0.0
txn_0c7fbec02568,cust_cd3baa89,2026-07-27 15:31:16.248632,161.15,INR,upi,failed,authentication_failed,OTP or 3D secure authentication failed.,792,19,4,2,231.9,True,0,26,smb_saas,257.07,True,True,True,RETRY_PAYMENT,161.15
txn_e024ad519e26,cust_1b886f89,2026-08-09 03:21:16.302954,346.71,USD,netbanking,failed,insufficient_funds,Customer account has insufficient balance.,811,49,3,1,608.1,False,1,11,smb_saas,357.92,True,True,False,CREATE_ESCALATION,0.0
txn_05dbefcce74b,cust_4a38318d,2026-08-14 16:02:16.292365,846.94,INR,card,failed,limit_exceeded,Transaction exceeds customer limits.,115,31,2,0,1003.33,False,1,12,ecommerce,928.42,True,True,False,CREATE_ESCALATION,0.0
txn_bd927750ca66,cust_1cf46c4c,2026-07-30 17:24:16.264223,1469.8,INR,card,failed,limit_exceeded,Transaction exceeds customer limits.,813,14,2,0,1353.19,False,1,9,ecommerce,1470.02,True,True,True,RETRY_PAYMENT,1469.8
txn_9bdaeabd1d61,cust_5334eb42,2026-07-27 11:14:16.278812,418.56,USD,netbanking,failed,authentication_failed,OTP or 3D secure authentication failed.,959,34,2,2,768.07,False,3,27,ecommerce,490.57,True,True,False,CREATE_ESCALATION,0.0
txn_41eea1c0e765,cust_1d9b4117,2026-08-13 23:03:16.299954,1813.04,INR,card,failed,authentication_failed,OTP or 3D secure authentication failed.,299,8,1,0,3300.65,False,2,7,mid_market,1867.67,True,True,False,CREATE_ESCALATION,0.0
txn_2ed97360d26b,cust_157adf85,2026-08-01 06:30:16.355058,8148.97,INR,wallet,failed,insufficient_funds,Customer account has insufficient balance.,326,13,0,0,10024.06,True,0,15,mid_market,8246.27,True,True,True,SEND_RECOVERY_MESSAGE,8148.97
txn_7d5a9bd30605,cust_226284f7,2026-08-10 06:37:16.273812,281.21,INR,upi,failed,temporary_bank_failure,Bank is experiencing intermittent issues.,453,18,1,1,236.72,False,2,29,smb_saas,340.86,True,True,True,WAIT_AND_RETRY,281.21
txn_1f99bb85ebfe,cust_564c8f18,2026-08-10 05:17:16.309954,667.23,INR,card,failed,insufficient_funds,Customer account has insufficient balance.,312,2,2,1,666.72,True,2,14,smb_saas,722.06,True,True,False,CREATE_ESCALATION,0.0
txn_9e5b395c1408,cust_973f9ef4,2026-08-25 03:11:16.308955,2792.92,INR,upi,failed,bank_timeout,Issuing bank did not respond in time.,974,6,4,0,5112.09,False,2,17,ecommerce,2889.92,True,False,True,WAIT_AND_RETRY,2792.92
txn_57d07cc39590,cust_48f9ca55,2026-07-29 13:08:16.265766,654.51,INR,card,failed,temporary_bank_failure,Bank is experiencing intermittent issues.,803,15,3,3,784.49,False,2,0,ecommerce,681.02,True,True,False,CREATE_ESCALATION,0.0
txn_f751dd95b689,cust_a129133b,2026-07-26 03:35:16.335955,822.77,USD,upi,failed,authentication_failed,OTP or 3D secure authentication failed.,591,31,4,1,720.85,True,2,16,mid_market,824.42,True,True,True,RETRY_PAYMENT,822.77
txn_48f51c54375a,cust_577ebeec,2026-08-21 16:26:16.358096,758.58,USD,wallet,failed,insufficient_funds,Customer account has insufficient balance.,922,8,5,4,783.1,False,1,6,ecommerce,858.04,True,True,False,CREATE_ESCALATION,0.0
txn_a2b23a4b4836,cust_7faa5bc8,2026-07-29 16:41:16.318954,77.66,INR,upi,failed,insufficient_funds,Customer account has insufficient balance.,486,44,5,3,154.23,False,0,7,smb_saas,110.41,True,True,False,CREATE_ESCALATION,0.0
txn_d5be4c80fd6e,cust_9045a7c5,2026-08-07 18:05:16.274812,31.67,USD,upi,failed,limit_exceeded,Transaction exceeds customer limits.,330,16,4,0,59.99,False,2,14,smb_saas,52.34,True,True,False,CREATE_ESCALATION,0.0
txn_73a3566ffe65,cust_57fbc570,2026-07-29 20:05:16.223629,269.87,USD,wallet,failed,authentication_failed,OTP or 3D secure authentication failed.,406,19,5,2,224.63,False,0,16,smb_saas,333.19,True,True,True,RETRY_PAYMENT,269.87
txn_1a313ef0b7cf,cust_40b259ef,2026-08-10 06:40:16.304955,1557.1,INR,wallet,failed,bank_timeout,Issuing bank did not respond in time.,2,8,1,1,2127.2,False,1,23,ecommerce,1584.76,True,True,True,WAIT_AND_RETRY,1557.1
txn_dd1161e7b795,cust_3e26ea91,2026-08-21 01:45:16.302954,1804.42,INR,wallet,failed,bank_timeout,Issuing bank did not respond in time.,311,38,5,1,2700.87,False,1,26,mid_market,1874.4,True,True,True,WAIT_AND_RETRY,1804.42
txn_6d27bdbbc4a5,cust_1f11000e,2026-08-21 14:01:16.307955,3046.75,INR,upi,failed,insufficient_funds,Customer account has insufficient balance.,813,48,2,0,5917.02,False,1,24,mid_market,3077.27,True,True,True,SEND_RECOVERY_MESSAGE,3046.75
txn_6870511c9e10,cust_04fb92f3,2026-08-21 05:46:16.295908,73.82,INR,netbanking,failed,authentication_failed,OTP or 3D secure authentication failed.,931,23,0,0,87.29,False,2,13,smb_saas,141.76,True,True,False,CREATE_ESCALATION,0.0
txn_9fa4c02f9c5c,cust_da1a47c5,2026-08-22 15:23:16.250632,1042.73,INR,wallet,failed,temporary_bank_failure,Bank is experiencing intermittent issues.,253,44,3,0,1070.77,True,0,13,mid_market,1111.01,True,True,True,WAIT_AND_RETRY,1042.73
txn_749818e15392,cust_ba0a8b8c,2026-08-03 01:31:16.266812,298.75,USD,upi,failed,limit_exceeded,Transaction exceeds customer limits.,374,47,0,0,589.04,False,2,10,smb_saas,371.02,True,True,False,CREATE_ESCALATION,0.0
txn_c8a6039a668f,cust_de3c3f79,2026-08-14 16:57:16.254632,2123.79,USD,card,failed,insufficient_funds,Customer account has insufficient balance.,912,44,5,5,1743.58,False,0,17,mid_market,2206.63,True,True,True,SEND_RECOVERY_MESSAGE,2123.79
txn_ee94173aba85,cust_6d2e2233,2026-08-09 18:50:16.281813,177.67,USD,card,failed,authentication_failed,OTP or 3D secure authentication failed.,806,38,5,1,174.56,False,2,5,smb_saas,257.78,True,True,False,CREATE_ESCALATION,0.0
txn_2b8ada859953,cust_cb3f25df,2026-07-30 06:09:16.291365,133.83,INR,wallet,failed,authentication_failed,OTP or 3D secure authentication failed.,309,5,0,0,67.46,False,0,25,ecommerce,209.06,True,True,True,RETRY_PAYMENT,133.83
txn_9d757ad33b0a,cust_d2b56891,2026-07-26 20:16:16.273812,103.67,INR,netbanking,failed,bank_timeout,Issuing bank did not respond in time.,276,21,3,2,120.51,False,3,11,ecommerce,171.37,True,True,True,WAIT_AND_RETRY,103.67
txn_4c23f427ec31,cust_d9e6c325,2026-08-07 08:34:16.358096,49.32,INR,netbanking,failed,authentication_failed,OTP or 3D secure authentication failed.,129,14,0,0,89.3,True,0,19,smb_saas,132.62,True,True,True,RETRY_PAYMENT,49.32
txn_cd5c7ed6520b,cust_067cb57f,2026-08-19 08:52:16.318954,33996.89,INR,wallet,failed,insufficient_funds,Customer account has insufficient balance.,833,20,2,1,24869.61,False,1,13,high_value,34023.68,True,True,False,CREATE_ESCALATION,0.0
txn_c0ea7592d944,cust_7ebed17d,2026-08-24 08:41:16.290365,1854.12,USD,netbanking,failed,temporary_bank_failure,Bank is experiencing intermittent issues.,337,19,3,1,3438.2,False,0,17,mid_market,1882.39,True,True,True,WAIT_AND_RETRY,1854.12
txn_e0f8dd085e11,cust_311fa65a,2026-08-03 02:45:16.250632,223.87,USD,netbanking,failed,authentication_failed,OTP or 3D secure authentication failed.,805,0,2,1,157.24,False,2,-1,smb_saas,309.14,True,True,True,RETRY_PAYMENT,223.87
txn_581362410aff,cust_554998f7,2026-08-19 16:58:16.283812,310.78,INR,card,failed,insufficient_funds,Customer account has insufficient balance.,162,47,3,1,395.07,True,1,22,smb_saas,399.84,True,True,True,SEND_RECOVERY_MESSAGE,310.78
txn_8ea98cd1db45,cust_d38155b0,2026-08-02 22:53:16.323954,525.85,USD,card,failed,bank_timeout,Issuing bank did not respond in time.,575,21,4,2,264.96,True,0,4,smb_saas,605.06,True,True,True,WAIT_AND_RETRY,525.85
txn_3e8372cf8d78,cust_71526cb0,2026-08-10 23:49:16.354544,20.0,INR,wallet,failed,insufficient_funds,Customer account has insufficient balance.,887,44,1,0,33.78,True,2,18,ecommerce,103.35,True,True,False,CREATE_ESCALATION,0.0
txn_d1c3a3f5e11b,cust_b7b95ce0,2026-08-02 04:41:16.224629,2105.13,INR,netbanking,failed,fraud_suspected,Transaction flagged by risk engine.,803,28,1,0,2029.77,False,3,28,ecommerce,2188.64,True,True,False,STOP_AUTOMATION,0.0
txn_5339989dbfcb,cust_4633a386,2026-08-17 00:18:16.273812,609.12,INR,upi,failed,bank_timeout,Issuing bank did not respond in time.,913,40,1,1,956.59,False,1,20,smb_saas,630.45,True,True,True,WAIT_AND_RETRY,609.12
txn_bba284bfe636,cust_ba2434e6,2026-08-08 18:34:16.310954,957.82,INR,netbanking,failed,authentication_failed,OTP or 3D secure authentication failed.,506,2,3,2,1310.5,False,0,18,ecommerce,1039.99,True,True,False,CREATE_ESCALATION,0.0
txn_e019ddbabdf3,cust_3346d980,2026-08-07 09:16:16.338954,145.72,USD,card,failed,insufficient_funds,Customer account has insufficient balance.,606,9,2,2,154.91,False,2,15,ecommerce,229.21,True,True,True,SEND_RECOVERY_MESSAGE,145.72
txn_db31fda86dfd,cust_502bdfe1,2026-08-05 23:45:16.249632,29.74,INR,card,failed,insufficient_funds,Customer account has insufficient balance.,683,38,3,3,46.93,True,2,4,smb_saas,87.7,True,True,False,CREATE_ESCALATION,0.0
txn_ddb28155d9b3,cust_dc5eface,2026-08-21 15:23:16.332954,30765.39,INR,wallet,failed,insufficient_funds,Customer account has insufficient balance.,711,45,3,3,54333.31,False,0,11,high_value,30801.6,True,True,False,CREATE_ESCALATION,0.0
txn_d46ae86433d8,cust_2a416b1d,2026-07-28 02:51:16.359096,1141.15,INR,card,failed,authentication_failed,OTP or 3D secure authentication failed.,971,3,3,3,1672.97,True,1,3,ecommerce,1221.51,True,True,False,CREATE_ESCALATION,0.0
txn_f790e9f910e6,cust_bc1e57be,2026-07-28 17:52:16.322954,297.46,INR,netbanking,failed,insufficient_funds,Customer account has insufficient balance.,738,39,0,0,340.16,False,1,14,ecommerce,366.84,True,True,False,CREATE_ESCALATION,0.0
txn_926083a8323f,cust_dd74a3a9,2026-08-08 10:50:16.228825,758.77,INR,upi,failed,authentication_failed,OTP or 3D secure authentication failed.,666,41,4,1,1494.06,True,2,21,ecommerce,809.81,True,True,True,RETRY_PAYMENT,758.77
txn_f605eb3624bb,cust_ee7f8564,2026-08-24 04:01:16.325954,60.95,INR,wallet,failed,insufficient_funds,Customer account has insufficient balance.,163,12,5,2,115.96,False,3,8,ecommerce,112.38,True,True,False,CREATE_ESCALATION,0.0
txn_fa19ba550543,cust_4661963d,2026-07-29 22:03:16.357097,69.46,INR,netbanking,failed,limit_exceeded,Transaction exceeds customer limits.,198,21,4,0,86.8,True,3,14,smb_saas,78.12,True,True,True,RETRY_PAYMENT,69.46
txn_4eed826f31ed,cust_eaf73cf0,2026-08-17 13:27:16.297955,114.38,USD,card,failed,limit_exceeded,Transaction exceeds customer limits.,753,14,1,1,132.12,False,2,16,ecommerce,202.48,True,True,False,CREATE_ESCALATION,0.0
txn_6e10950d8160,cust_2685e7ff,2026-08-09 17:48:16.333954,304.09,USD,upi,failed,limit_exceeded,Transaction exceeds customer limits.,629,46,3,3,230.09,True,2,11,ecommerce,315.64,True,True,False,CREATE_ESCALATION,0.0
txn_101d9e273a38,cust_dde3cfd4,2026-08-20 02:29:16.314954,747.58,USD,card,failed,bank_timeout,Issuing bank did not respond in time.,581,28,0,0,943.8,True,3,6,smb_saas,762.25,True,False,True,WAIT_AND_RETRY,747.58
txn_e8cb0e0f9f87,cust_26ab2dfe,2026-08-11 09:31:16.227825,722.72,INR,netbanking,failed,insufficient_funds,Customer account has insufficient balance.,694,20,3,0,464.35,False,0,0,smb_saas,807.92,True,True,True,SEND_RECOVERY_MESSAGE,722.72
txn_87c9974b137f,cust_0a83cd19,2026-08-06 17:13:16.271813,218.07,USD,wallet,failed,temporary_bank_failure,Bank is experiencing intermittent issues.,449,1,0,0,400.54,True,2,30,smb_saas,249.35,True,True,True,WAIT_AND_RETRY,218.07
txn_4992bf6735a8,cust_0d2e3d27,2026-08-16 20:04:16.240825,811.78,INR,upi,failed,insufficient_funds,Customer account has insufficient balance.,726,30,4,4,1451.45,False,0,29,ecommerce,822.28,True,True,False,CREATE_ESCALATION,0.0
txn_a4ec034db51b,cust_76b7ca11,2026-08-09 03:25:16.271813,452.43,INR,netbanking,failed,fraud_suspected,Transaction flagged by risk engine.,158,22,5,5,537.87,True,3,24,smb_saas,527.07,True,True,True,RETRY_PAYMENT,452.43
txn_e7140e6ef7d6,cust_e913ca3e,2026-08-05 11:47:16.249632,1000.0,INR,card,failed,fraud_suspected,Transaction flagged by risk engine.,890,20,0,0,508.35,False,0,16,enterprise,1020.41,True,True,False,STOP_AUTOMATION,0.0
txn_9dcd58f664f7,cust_2cfe2c00,2026-08-22 10:16:16.298954,10.0,INR,netbanking,failed,insufficient_funds,Customer account has insufficient balance.,105,47,0,0,18.65,False,2,19,smb_saas,73.14,True,True,False,CREATE_ESCALATION,0.0
txn_3c46b8426a96,cust_d106a231,2026-08-08 17:33:16.290365,620.8,INR,upi,failed,authentication_failed,OTP or 3D secure authentication failed.,525,42,3,1,692.85,True,3,1,mid_market,650.13,True,True,True,RETRY_PAYMENT,620.8
txn_b068ae96fb5f,cust_6840ad2f,2026-08-19 21:46:16.367097,2276.48,INR,wallet,failed,temporary_bank_failure,Bank is experiencing intermittent issues.,173,44,0,0,2286.92,False,0,18,mid_market,2302.88,True,True,True,WAIT_AND_RETRY,2276.48
txn_aaf19ce5e20d,cust_b90c74e1,2026-07-27 15:48:16.317954,358.63,INR,netbanking,failed,limit_exceeded,Transaction exceeds customer limits.,681,20,3,2,529.5,False,1,6,ecommerce,457.58,True,True,False,CREATE_ESCALATION,0.0
txn_40bc878e443a,cust_37ce8a28,2026-07-28 03:15:16.228825,554.93,INR,upi,failed,bank_timeout,Issuing bank did not respond in time.,84,17,1,0,496.58,False,0,23,ecommerce,562.47,True,True,True,WAIT_AND_RETRY,554.93
txn_7a877acf1d63,cust_8af45fa4,2026-08-17 11:47:16.281813,16838.33,INR,card,failed,limit_exceeded,Transaction exceeds customer limits.,544,22,4,3,24052.85,False,3,22,high_value,16839.84,True,True,False,CREATE_ESCALATION,0.0
txn_8899293f16f1,cust_c1f6f7fe,2026-07-28 01:26:16.366097,907.11,USD,wallet,failed,temporary_bank_failure,Bank is experiencing intermittent issues.,428,30,2,0,858.92,False,2,20,mid_market,975.88,True,True,True,WAIT_AND_RETRY,907.11
txn_fdc7af4b6fd9,cust_e936900c,2026-08-24 23:19:16.234825,2308.16,INR,upi,failed,bank_timeout,Issuing bank did not respond in time.,263,22,3,3,3662.9,False,1,4,ecommerce,2387.86,True,True,True,WAIT_AND_RETRY,2308.16
txn_ce19b38ded88,cust_3d0fcbd4,2026-08-06 11:53:16.267812,8849.56,INR,wallet,failed,authentication_failed,OTP or 3D secure authentication failed.,840,4,5,2,11329.56,True,0,21,enterprise,8854.71,True,True,False,CREATE_ESCALATION,0.0
txn_35c3a40ed4d7,cust_8b6014d9,2026-07-27 16:41:16.347954,51.06,INR,card,failed,limit_exceeded,Transaction exceeds customer limits.,497,12,5,1,60.6,False,0,3,smb_saas,114.73,True,True,False,CREATE_ESCALATION,0.0
txn_b3b9059d41b0,cust_4ec465ab,2026-08-18 20:26:16.320954,194.83,INR,wallet,failed,bank_timeout,Issuing bank did not respond in time.,482,11,4,0,272.98,True,2,4,smb_saas,272.79,True,True,False,CREATE_ESCALATION,0.0
txn_6dc475faa092,cust_e4f21836,2026-08-14 16:34:16.254632,4367.47,INR,card,failed,fraud_suspected,Transaction flagged by risk engine.,476,47,0,0,3462.26,False,0,23,mid_market,4441.91,True,True,False,STOP_AUTOMATION,0.0
txn_15d799ebaa52,cust_1eed64e2,2026-07-28 04:24:16.279813,73.5,USD,upi,failed,insufficient_funds,Customer account has insufficient balance.,769,23,1,0,38.32,False,0,21,smb_saas,115.8,True,True,True,SEND_RECOVERY_MESSAGE,73.5
txn_1a8477469c3d,cust_3d9e1337,2026-08-15 08:43:16.269812,280.99,INR,upi,failed,authentication_failed,OTP or 3D secure authentication failed.,227,5,3,2,364.52,True,1,0,ecommerce,306.46,True,False,False,CREATE_ESCALATION,0.0
txn_8c37bf4f829f,cust_480a86d2,2026-08-08 14:14:16.312954,509.54,INR,netbanking,failed,insufficient_funds,Customer account has insufficient balance.,808,42,2,2,486.94,False,3,24,smb_saas,571.47,True,True,True,SEND_RECOVERY_MESSAGE,509.54
txn_9093c66f9e92,cust_5dd0d709,2026-08-25 11:59:16.239825,374.59,USD,netbanking,failed,insufficient_funds,Customer account has insufficient balance.,893,10,2,0,487.58,True,2,12,smb_saas,436.45,True,True,False,CREATE_ESCALATION,0.0
txn_95a72c5077e8,cust_d45260df,2026-08-25 19:37:16.324955,16726.02,INR,wallet,failed,bank_timeout,Issuing bank did not respond in time.,306,47,0,0,14383.41,False,1,5,high_value,16743.9,True,True,False,CREATE_ESCALATION,0.0
txn_b3dd9e62ee2e,cust_a4c60ec3,2026-08-14 23:01:16.223629,820.22,INR,card,failed,temporary_bank_failure,Bank is experiencing intermittent issues.,689,17,4,0,1348.99,True,3,29,smb_saas,848.04,True,False,True,WAIT_AND_RETRY,820.22
txn_ce9daf73039a,cust_c6d54651,2026-07-27 17:49:16.303954,2015.1,INR,wallet,failed,bank_timeout,Issuing bank did not respond in time.,99,32,2,1,2545.4,False,3,16,mid_market,2070.01,True,False,True,WAIT_AND_RETRY,2015.1
txn_19157581cdb1,cust_9fe79551,2026-08-19 14:24:16.221629,887.37,INR,card,failed,authentication_failed,OTP or 3D secure authentication failed.,501,1,0,0,1613.31,False,2,7,smb_saas,893.16,True,True,False,CREATE_ESCALATION,0.0
txn_249ba5c8f6a6,cust_88fedf72,2026-07-27 01:47:16.258223,45.84,INR,card,failed,authentication_failed,OTP or 3D secure authentication failed.,463,41,2,1,40.55,False,3,4,smb_saas,113.78,True,True,True,RETRY_PAYMENT,45.84
txn_af5a59387c7c,cust_de758daf,2026-08-21 04:16:16.317954,825.5,INR,netbanking,failed,insufficient_funds,Customer account has insufficient balance.,78,34,1,1,1500.49,False,2,13,smb_saas,836.83,True,True,True,SEND_RECOVERY_MESSAGE,825.5
txn_2017bead70ef,cust_a6f6f6ca,2026-08-22 22:57:16.317954,483.47,INR,netbanking,failed,authentication_failed,OTP or 3D secure authentication failed.,518,7,5,0,250.21,False,2,21,ecommerce,573.28,True,True,False,CREATE_ESCALATION,0.0
txn_253be6ba1d8b,cust_6b68dbdd,2026-08-07 23:38:16.259223,3399.16,INR,card,failed,insufficient_funds,Customer account has insufficient balance.,296,35,2,0,2981.8,True,0,5,enterprise,3467.67,True,True,False,CREATE_ESCALATION,0.0
txn_58f59d992908,cust_38d0587e,2026-08-25 02:37:16.263223,48.56,INR,upi,failed,temporary_bank_failure,Bank is experiencing intermittent issues.,667,45,3,1,43.19,False,3,11,smb_saas,72.48,True,False,True,WAIT_AND_RETRY,48.56
txn_0575bcd5a270,cust_e6295814,2026-07-28 02:59:16.334955,456.25,INR,wallet,failed,insufficient_funds,Customer account has insufficient balance.,157,9,5,2,761.43,False,1,3,ecommerce,537.25,True,False,True,SEND_RECOVERY_MESSAGE,456.25
txn_9e3aeb3a7357,cust_19684bc0,2026-08-07 02:10:16.341954,408.39,USD,upi,failed,bank_timeout,Issuing bank did not respond in time.,939,16,3,0,589.39,False,0,0,smb_saas,469.71,True,True,True,WAIT_AND_RETRY,408.39
txn_6c7c974a8965,cust_61973218,2026-07-29 16:31:16.292365,77.64,USD,netbanking,failed,insufficient_funds,Customer account has insufficient balance.,397,5,5,1,133.85,True,3,15,smb_saas,91.92,True,True,True,SEND_RECOVERY_MESSAGE,77.64
txn_b65cf3dc9a1f,cust_a3701ae7,2026-08-11 04:52:16.328954,172.93,INR,upi,failed,insufficient_funds,Customer account has insufficient balance.,254,4,5,4,108.0,False,3,16,smb_saas,264.68,True,True,False,CREATE_ESCALATION,0.0
txn_59a6c44bc0f3,cust_cf49bd44,2026-08-12 08:24:16.234825,327.24,INR,upi,failed,temporary_bank_failure,Bank is experiencing intermittent issues.,655,14,5,1,392.62,True,3,23,ecommerce,404.07,True,True,True,WAIT_AND_RETRY,327.24
txn_892faadd609c,cust_815c31e6,2026-08-16 09:50:16.323954,58.1,INR,card,failed,insufficient_funds,Customer account has insufficient balance.,527,12,2,2,32.79,True,0,24,smb_saas,119.91,True,True,True,SEND_RECOVERY_MESSAGE,58.1
txn_1dd6ffa5bf7e,cust_873b6c9c,2026-07-29 17:07:16.337954,6110.22,USD,card,failed,insufficient_funds,Customer account has insufficient balance.,168,33,0,0,12213.23,False,0,24,enterprise,6155.75,True,True,False,CREATE_ESCALATION,0.0
txn_b2ff6f7c4ab0,cust_61a2d8e0,2026-08-22 20:43:16.358096,4863.07,INR,upi,failed,insufficient_funds,Customer account has insufficient balance.,46,44,4,0,5588.3,False,3,17,mid_market,4907.54,True,True,False,CREATE_ESCALATION,0.0
txn_bf7612464ee5,cust_ecc8924a,2026-08-01 21:02:16.228825,4003.28,USD,wallet,failed,limit_exceeded,Transaction exceeds customer limits.,175,14,3,1,6773.25,False,1,19,enterprise,4069.24,True,True,False,CREATE_ESCALATION,0.0
txn_e8a108ab80fb,cust_0f02c292,2026-07-26 14:30:16.275813,2532.65,INR,card,failed,insufficient_funds,Customer account has insufficient balance.,87,34,1,1,1818.47,False,1,13,mid_market,2625.83,True,True,False,CREATE_ESCALATION,0.0
txn_8181f843e2c5,cust_0629770a,2026-08-24 11:03:16.317954,128.58,USD,wallet,failed,insufficient_funds,Customer account has insufficient balance.,395,47,1,1,101.91,False,0,6,smb_saas,220.22,True,True,False,CREATE_ESCALATION,0.0
txn_a624e7eed4e2,cust_6cba4515,2026-08-12 04:44:16.351955,10863.14,USD,card,failed,bank_timeout,Issuing bank did not respond in time.,160,32,0,0,21144.12,True,1,17,enterprise,10930.86,True,False,True,WAIT_AND_RETRY,10863.14
txn_ebd64de77e20,cust_63a82ec8,2026-07-30 15:47:16.284812,8981.62,INR,upi,failed,insufficient_funds,Customer account has insufficient balance.,657,33,5,5,10312.48,False,0,20,enterprise,9000.06,True,True,True,SEND_RECOVERY_MESSAGE,8981.62
txn_c1e9cbd49250,cust_52e8e74f,2026-07-26 01:54:16.236825,121.69,USD,wallet,failed,bank_timeout,Issuing bank did not respond in time.,536,22,4,4,154.05,False,0,7,smb_saas,125.36,True,True,True,WAIT_AND_RETRY,121.69
txn_75f364891284,cust_cd11ed25,2026-08-05 20:38:16.250632,88.5,INR,upi,failed,insufficient_funds,Customer account has insufficient balance.,633,46,0,0,62.3,False,3,29,smb_saas,113.37,True,False,False,CREATE_ESCALATION,0.0
txn_629cf7092b5d,cust_2d5f9bdf,2026-08-25 13:06:16.355058,838.31,INR,upi,failed,authentication_failed,OTP or 3D secure authentication failed.,844,0,3,1,1414.12,False,3,-1,smb_saas,898.67,True,True,False,CREATE_ESCALATION,0.0
txn_072d3e124c4f,cust_7f35ccc3,2026-08-17 17:50:16.367097,38929.71,INR,upi,failed,authentication_failed,OTP or 3D secure authentication failed.,129,28,5,5,41313.8,True,1,3,high_value,39014.32,True,True,False,CREATE_ESCALATION,0.0
txn_487fef5edd08,cust_08863248,2026-08-22 22:20:16.338954,811.67,INR,card,failed,insufficient_funds,Customer account has insufficient balance.,640,46,1,1,773.15,False,0,9,smb_saas,834.84,True,True,False,CREATE_ESCALATION,0.0
txn_6a4814613154,cust_6031cb58,2026-08-20 17:21:16.241825,461.87,INR,upi,failed,insufficient_funds,Customer account has insufficient balance.,841,27,4,2,485.38,False,2,17,ecommerce,515.97,True,True,True,SEND_RECOVERY_MESSAGE,461.87
txn_4a7430d38fb5,cust_41d3ebcf,2026-08-10 19:18:16.257223,2819.07,INR,netbanking,failed,limit_exceeded,Transaction exceeds customer limits.,161,18,1,0,4031.28,False,1,9,ecommerce,2873.25,True,True,True,RETRY_PAYMENT,2819.07
txn_c34ac4a12103,cust_b668fd22,2026-07-30 18:38:16.332954,360.05,INR,wallet,failed,insufficient_funds,Customer account has insufficient balance.,221,8,3,3,592.75,True,2,23,ecommerce,369.77,True,True,False,CREATE_ESCALATION,0.0
txn_9d45e59df547,cust_9a326bb8,2026-08-16 05:55:16.265766,229.52,INR,netbanking,failed,insufficient_funds,Customer account has insufficient balance.,56,4,2,0,128.18,True,2,9,smb_saas,230.55,True,True,True,SEND_RECOVERY_MESSAGE,229.52
txn_a5aad45322d8,cust_8e014cd4,2026-08-04 04:33:16.327954,798.21,INR,netbanking,failed,bank_timeout,Issuing bank did not respond in time.,204,33,0,0,569.52,False,3,16,mid_market,873.31,True,True,True,WAIT_AND_RETRY,798.21
txn_5d5f2ba1afd4,cust_635e03d2,2026-08-20 00:39:16.232825,767.13,INR,wallet,failed,insufficient_funds,Customer account has insufficient balance.,503,2,2,2,733.28,False,3,7,ecommerce,769.81,True,True,False,CREATE_ESCALATION,0.0
txn_cf3c7d0ef58c,cust_f122820f,2026-08-04 12:52:16.248632,647.26,INR,card,failed,limit_exceeded,Transaction exceeds customer limits.,876,2,5,0,1252.01,False,3,24,smb_saas,743.43,True,False,False,CREATE_ESCALATION,0.0
txn_a2fa4398ffd8,cust_ea3781d5,2026-08-15 10:46:16.324955,56.17,INR,card,failed,bank_timeout,Issuing bank did not respond in time.,722,26,1,1,74.79,True,0,26,smb_saas,59.72,True,True,True,WAIT_AND_RETRY,56.17
txn_c6702dc3a5c6,cust_da04cb7e,2026-08-15 14:23:16.233825,1132.33,INR,netbanking,failed,authentication_failed,OTP or 3D secure authentication failed.,6,21,0,0,1118.03,False,1,6,ecommerce,1218.66,True,True,True,RETRY_PAYMENT,1132.33
txn_3974762306c7,cust_4b50fd91,2026-08-20 14:56:16.325954,614.63,INR,wallet,failed,limit_exceeded,Transaction exceeds customer limits.,54,44,0,0,513.52,True,0,0,smb_saas,647.49,True,True,False,CREATE_ESCALATION,0.0
txn_e1124357f2d8,cust_c4252909,2026-08-17 12:50:16.334955,387.77,INR,wallet,failed,limit_exceeded,Transaction exceeds customer limits.,487,41,2,2,611.35,True,1,9,ecommerce,404.49,True,True,True,RETRY_PAYMENT,387.77
txn_5544bf650477,cust_32c6e96a,2026-07-29 01:56:16.344954,165.31,INR,wallet,failed,bank_timeout,Issuing bank did not respond in time.,491,33,5,1,280.34,False,1,11,ecommerce,231.85,True,True,True,WAIT_AND_RETRY,165.31
txn_327cdc81b28c,cust_bb4644f1,2026-08-14 20:53:16.324955,426.17,USD,wallet,failed,temporary_bank_failure,Bank is experiencing intermittent issues.,47,16,1,1,355.84,False,3,13,ecommerce,485.49,True,False,True,WAIT_AND_RETRY,426.17
txn_d66a2d165635,cust_9d9919ba,2026-08-16 09:22:16.278812,5000.0,USD,wallet,failed,authentication_failed,OTP or 3D secure authentication failed.,118,1,0,0,5996.51,True,1,5,high_value,5032.63,True,True,False,CREATE_ESCALATION,0.0
txn_9b94445bcdf9,cust_eb0ab0c3,2026-08-05 21:32:16.346954,1636.43,INR,wallet,failed,insufficient_funds,Customer account has insufficient balance.,460,25,4,2,1020.53,False,3,0,ecommerce,1711.27,True,True,True,SEND_RECOVERY_MESSAGE,1636.43
txn_dc9ddba226d3,cust_8db1aaa4,2026-08-04 20:16:16.276813,25.68,INR,netbanking,failed,insufficient_funds,Customer account has insufficient balance.,794,41,0,0,40.19,False,0,24,smb_saas,57.29,True,True,True,SEND_RECOVERY_MESSAGE,25.68
txn_ad9b99cba856,cust_77e3cc5f,2026-08-17 23:05:16.279813,110.69,INR,upi,failed,bank_timeout,Issuing bank did not respond in time.,393,8,2,0,167.19,True,2,0,mid_market,134.19,True,True,True,WAIT_AND_RETRY,110.69
txn_b088d0dcb3f1,cust_c143275b,2026-07-28 19:01:16.286812,575.84,INR,upi,failed,authentication_failed,OTP or 3D secure authentication failed.,374,3,0,0,505.92,True,3,12,ecommerce,675.37,True,True,True,RETRY_PAYMENT,575.84
txn_51d78b696ea3,cust_9e318cf1,2026-07-31 15:48:16.309954,1405.26,USD,card,failed,insufficient_funds,Customer account has insufficient balance.,706,42,0,0,2022.18,False,1,24,mid_market,1441.98,True,True,False,CREATE_ESCALATION,0.0
txn_c99d9cddf9ee,cust_9ac1754a,2026-08-10 23:28:16.281813,3450.67,INR,netbanking,failed,fraud_suspected,Transaction flagged by risk engine.,331,29,1,1,6256.84,True,2,23,mid_market,3542.72,True,True,True,RETRY_PAYMENT,3450.67
txn_94609219319d,cust_044b0309,2026-07-28 07:53:16.328954,21181.7,INR,upi,failed,authentication_failed,OTP or 3D secure authentication failed.,946,14,1,1,39634.91,False,2,30,high_value,21189.64,True,False,False,CREATE_ESCALATION,0.0
txn_ffa69a5efe67,cust_c3d27f75,2026-08-12 11:10:16.253632,245.16,INR,netbanking,failed,bank_timeout,Issuing bank did not respond in time.,315,45,2,0,413.72,False,0,12,smb_saas,302.1,True,True,True,WAIT_AND_RETRY,245.16
txn_98c2edbef42c,cust_b5963fd8,2026-07-28 10:56:16.300954,134.67,INR,netbanking,failed,insufficient_funds,Customer account has insufficient balance.,122,43,4,3,183.06,False,0,24,ecommerce,191.09,True,True,False,CREATE_ESCALATION,0.0
txn_94580f678e65,cust_8f40967c,2026-08-24 03:44:16.318954,3799.46,INR,card,failed,authentication_failed,OTP or 3D secure authentication failed.,503,48,1,1,6822.41,True,1,2,enterprise,3810.3,True,False,True,RETRY_PAYMENT,3799.46
txn_3f354f02e6fe,cust_7aa5241b,2026-07-31 07:54:16.278812,461.37,INR,upi,failed,insufficient_funds,Customer account has insufficient balance.,27,22,1,0,618.45,False,0,17,ecommerce,506.69,True,True,False,CREATE_ESCALATION,0.0
txn_cff73c151c55,cust_6a69ff66,2026-07-27 06:26:16.303954,274.25,INR,upi,failed,authentication_failed,OTP or 3D secure authentication failed.,972,3,3,3,290.34,False,1,4,mid_market,312.8,True,False,False,CREATE_ESCALATION,0.0
txn_b6bb08f5e5c5,cust_3cd7a968,2026-08-25 03:43:16.322954,220.95,INR,card,failed,limit_exceeded,Transaction exceeds customer limits.,631,29,4,4,373.49,False,0,7,ecommerce,231.02,True,True,False,CREATE_ESCALATION,0.0
txn_a94c9aa13b91,cust_1c7fcc26,2026-08-14 10:44:16.300954,628.43,USD,upi,failed,insufficient_funds,Customer account has insufficient balance.,111,31,3,1,964.02,True,3,29,smb_saas,682.37,True,True,False,CREATE_ESCALATION,0.0
txn_e5cf5fd2bb48,cust_50f0a0e3,2026-08-17 08:44:16.245325,2669.71,INR,wallet,failed,insufficient_funds,Customer account has insufficient balance.,763,12,1,0,1505.85,False,3,28,mid_market,2715.87,True,False,False,CREATE_ESCALATION,0.0
txn_d1519ca319fc,cust_c04f9c63,2026-08-24 23:54:16.283812,2443.88,INR,netbanking,failed,authentication_failed,OTP or 3D secure authentication failed.,637,39,5,4,1355.2,False,1,7,mid_market,2499.66,True,True,False,CREATE_ESCALATION,0.0
txn_ab429fdbfe2e,cust_fe4c597d,2026-08-02 01:41:16.327954,1858.63,USD,upi,failed,fraud_suspected,Transaction flagged by risk engine.,527,41,0,0,1534.57,False,1,8,ecommerce,1903.0,True,False,True,RETRY_PAYMENT,1858.63
txn_693f431ffbd5,cust_448f00b3,2026-08-04 20:39:16.279813,10.0,INR,netbanking,failed,insufficient_funds,Customer account has insufficient balance.,258,13,3,2,9.35,True,1,23,smb_saas,87.81,True,True,True,SEND_RECOVERY_MESSAGE,10.0
txn_27ce4d0a375e,cust_24110da9,2026-08-02 02:37:16.278812,32.5,USD,wallet,failed,insufficient_funds,Customer account has insufficient balance.,285,50,1,0,58.75,True,0,25,ecommerce,60.28,True,True,False,CREATE_ESCALATION,0.0
txn_63746812eedd,cust_5aad19c0,2026-08-03 10:29:16.294364,315.87,INR,upi,failed,authentication_failed,OTP or 3D secure authentication failed.,680,15,0,0,390.45,True,2,12,smb_saas,399.55,True,True,True,RETRY_PAYMENT,315.87
txn_65feabcffdd8,cust_c0eb638d,2026-08-07 12:58:16.231825,3793.77,INR,card,failed,bank_timeout,Issuing bank did not respond in time.,852,4,0,0,2452.85,True,3,11,mid_market,3815.71,True,True,True,WAIT_AND_RETRY,3793.77
txn_4e786988389a,cust_2bc7a9a0,2026-08-18 23:32:16.230826,857.01,INR,card,failed,insufficient_funds,Customer account has insufficient balance.,561,17,4,4,1482.78,True,1,4,ecommerce,862.52,True,True,True,SEND_RECOVERY_MESSAGE,857.01
txn_5dd79358d371,cust_ae4959d3,2026-07-31 20:54:16.265766,183.31,INR,wallet,failed,limit_exceeded,Transaction exceeds customer limits.,83,5,4,0,279.41,False,1,23,ecommerce,279.48,True,True,False,CREATE_ESCALATION,0.0
txn_825c39b7832a,cust_b045572d,2026-08-14 15:27:16.303954,3099.37,INR,wallet,failed,limit_exceeded,Transaction exceeds customer limits.,409,5,1,0,5438.71,False,1,25,enterprise,3161.38,True,False,True,RETRY_PAYMENT,3099.37
txn_1d5a30ba0b28,cust_dc754b53,2026-08-11 08:34:16.348954,24.27,INR,wallet,failed,bank_timeout,Issuing bank did not respond in time.,918,6,3,1,24.54,False,3,3,ecommerce,112.39,True,True,True,WAIT_AND_RETRY,24.27
txn_a45865fcb82e,cust_9b1b3800,2026-08-10 06:13:16.313954,2274.71,USD,upi,failed,limit_exceeded,Transaction exceeds customer limits.,849,7,2,1,4111.81,False,2,2,mid_market,2345.66,True,True,False,CREATE_ESCALATION,0.0
txn_92faa0224acf,cust_85632178,2026-08-07 12:37:16.223629,633.12,INR,upi,failed,insufficient_funds,Customer account has insufficient balance.,152,50,4,0,579.88,False,1,17,mid_market,658.19,True,True,False,CREATE_ESCALATION,0.0
txn_0ac2351c536c,cust_0fc425af,2026-08-01 12:19:16.345955,103.13,INR,wallet,failed,insufficient_funds,Customer account has insufficient balance.,383,4,2,0,96.22,True,3,15,smb_saas,192.03,True,True,True,SEND_RECOVERY_MESSAGE,103.13
txn_9e75d1ac24c2,cust_e192c524,2026-08-25 12:26:16.320954,1000.0,USD,wallet,failed,limit_exceeded,Transaction exceeds customer limits.,178,4,3,0,920.87,False,3,16,enterprise,1099.43,True,True,False,CREATE_ESCALATION,0.0
txn_dfadc26d3784,cust_135edf5c,2026-08-12 16:12:16.259223,539.16,USD,netbanking,failed,limit_exceeded,Transaction exceeds customer limits.,7,19,1,1,666.47,True,1,10,ecommerce,561.71,True,True,True,RETRY_PAYMENT,539.16
txn_ccdd82f3d7d9,cust_350dc56f,2026-07-26 05:36:16.332954,2244.05,INR,wallet,failed,insufficient_funds,Customer account has insufficient balance.,392,5,2,0,1150.42,False,1,15,mid_market,2269.84,True,True,False,CREATE_ESCALATION,0.0
txn_2ec1be708b11,cust_41511f92,2026-08-23 16:48:16.248632,1198.1,INR,netbanking,failed,insufficient_funds,Customer account has insufficient balance.,646,47,4,0,1891.61,False,2,12,ecommerce,1265.32,True,True,False,CREATE_ESCALATION,0.0
txn_5d1ee0a86b75,cust_9051e60d,2026-08-16 18:15:16.284812,16824.95,INR,upi,failed,insufficient_funds,Customer account has insufficient balance.,576,32,5,2,27319.3,False,3,29,high_value,16845.56,True,True,False,CREATE_ESCALATION,0.0
txn_83d53221cf5e,cust_6d123a3c,2026-08-03 23:57:16.262223,12496.09,INR,wallet,failed,authentication_failed,OTP or 3D secure authentication failed.,758,40,0,0,13393.13,False,2,19,enterprise,12587.83,True,True,False,CREATE_ESCALATION,0.0
txn_c979b6ce13a8,cust_0f88bb6d,2026-08-19 17:46:16.361096,498.81,INR,wallet,failed,insufficient_funds,Customer account has insufficient balance.,57,0,0,0,746.71,False,1,-1,smb_saas,534.73,True,True,True,SEND_RECOVERY_MESSAGE,498.81
txn_a843ec18e7dd,cust_4b90b9d0,2026-08-11 16:17:16.282812,689.22,INR,upi,failed,insufficient_funds,Customer account has insufficient balance.,413,32,3,0,816.12,True,3,10,smb_saas,704.4,True,True,False,CREATE_ESCALATION,0.0
txn_b3d5a93443f9,cust_74327382,2026-08-17 13:52:16.346954,504.11,INR,wallet,failed,limit_exceeded,Transaction exceeds customer limits.,708,9,5,2,344.13,False,2,29,ecommerce,516.48,True,True,False,CREATE_ESCALATION,0.0
txn_8e816ceaa83c,cust_c20c3021,2026-08-22 12:46:16.284812,655.16,USD,netbanking,failed,insufficient_funds,Customer account has insufficient balance.,796,0,3,0,1301.09,False,3,-1,ecommerce,665.42,True,True,False,CREATE_ESCALATION,0.0
txn_d85605d77b99,cust_9e87019f,2026-07-31 17:27:16.281813,1910.02,INR,wallet,failed,insufficient_funds,Customer account has insufficient balance.,435,4,2,1,1194.31,False,0,3,ecommerce,2000.06,True,True,True,SEND_RECOVERY_MESSAGE,1910.02
txn_fce2a3b427a2,cust_e1bc34be,2026-08-02 15:12:16.345955,1608.93,INR,card,failed,insufficient_funds,Customer account has insufficient balance.,758,49,3,0,3069.48,False,3,21,ecommerce,1706.79,True,True,False,CREATE_ESCALATION,0.0
txn_b7212a73374c,cust_8f96df91,2026-08-06 21:50:16.358096,388.36,INR,netbanking,failed,bank_timeout,Issuing bank did not respond in time.,627,42,5,4,773.07,False,0,20,mid_market,413.47,True,True,True,WAIT_AND_RETRY,388.36
txn_221c84cc76f6,cust_541e9e4d,2026-08-21 14:04:16.283812,444.72,USD,card,failed,authentication_failed,OTP or 3D secure authentication failed.,540,27,0,0,477.62,False,3,23,ecommerce,449.1,True,True,True,RETRY_PAYMENT,444.72
txn_640597416cbe,cust_23149cd3,2026-08-20 12:50:16.230826,331.83,INR,upi,failed,temporary_bank_failure,Bank is experiencing intermittent issues.,313,21,3,3,536.43,True,2,11,ecommerce,394.35,True,True,False,CREATE_ESCALATION,0.0
txn_38b6bf3c5c6b,cust_f3071297,2026-08-21 12:05:16.274812,426.34,INR,card,failed,limit_exceeded,Transaction exceeds customer limits.,903,37,5,3,618.15,False,3,27,smb_saas,481.1,True,False,False,CREATE_ESCALATION,0.0
txn_e97f7755edcb,cust_254c4793,2026-08-12 14:06:16.320954,20.0,INR,upi,failed,insufficient_funds,Customer account has insufficient balance.,804,37,0,0,31.28,False,1,17,ecommerce,100.77,True,True,False,CREATE_ESCALATION,0.0
txn_b7b69aec7d95,cust_27aca43b,2026-08-20 11:07:16.236825,197.99,INR,wallet,failed,insufficient_funds,Customer account has insufficient balance.,724,50,0,0,155.03,False,1,7,smb_saas,210.04,True,True,True,SEND_RECOVERY_MESSAGE,197.99
txn_8dd336c93043,cust_fcd9f5e1,2026-07-27 03:22:16.330954,671.09,USD,card,failed,fraud_suspected,Transaction flagged by risk engine.,123,23,1,0,894.15,False,3,25,ecommerce,677.04,True,True,False,STOP_AUTOMATION,0.0
txn_2b9ca55ecb93,cust_6947ac83,2026-07-28 16:55:16.242826,99.99,USD,netbanking,failed,temporary_bank_failure,Bank is experiencing intermittent issues.,631,32,4,1,154.12,True,3,6,ecommerce,176.06,True,True,True,WAIT_AND_RETRY,99.99
txn_562733a4b2af,cust_aaf07c91,2026-08-02 05:10:16.287327,48.2,INR,wallet,failed,authentication_failed,OTP or 3D secure authentication failed.,295,5,5,2,66.03,False,0,15,smb_saas,81.91,True,True,False,CREATE_ESCALATION,0.0
txn_b94d68299487,cust_28db7803,2026-07-27 01:11:16.325954,228.24,INR,upi,failed,insufficient_funds,Customer account has insufficient balance.,578,48,0,0,197.08,False,3,14,ecommerce,260.31,True,True,True,SEND_RECOVERY_MESSAGE,228.24
txn_603bb598ed13,cust_3b3b0552,2026-08-24 22:36:16.325954,576.09,INR,netbanking,failed,insufficient_funds,Customer account has insufficient balance.,707,42,4,1,815.08,True,1,1,ecommerce,650.42,True,True,True,SEND_RECOVERY_MESSAGE,576.09
txn_5726cf07dfc3,cust_0c326c32,2026-08-03 01:40:16.342954,1575.21,INR,wallet,failed,authentication_failed,OTP or 3D secure authentication failed.,415,31,4,2,3043.05,False,3,13,ecommerce,1587.5,True,True,False,CREATE_ESCALATION,0.0
txn_3d922ab45b22,cust_48ef7a10,2026-08-12 05:30:16.265766,4810.94,INR,upi,failed,insufficient_funds,Customer account has insufficient balance.,209,23,0,0,2467.98,False,2,6,enterprise,4837.69,True,False,False,CREATE_ESCALATION,0.0
txn_6eddb9768bcb,cust_c2744ba1,2026-08-18 19:11:16.339954,658.14,INR,card,failed,insufficient_funds,Customer account has insufficient balance.,856,15,1,0,725.39,False,1,30,mid_market,745.68,True,True,False,CREATE_ESCALATION,0.0
txn_57e71ff68bec,cust_cfecbf1d,2026-08-03 20:19:16.256176,667.21,INR,netbanking,failed,bank_timeout,Issuing bank did not respond in time.,963,9,0,0,388.57,True,3,28,ecommerce,697.03,True,True,True,WAIT_AND_RETRY,667.21
txn_cac5319e43a4,cust_69e99b9a,2026-08-03 10:35:16.367097,356.09,INR,upi,failed,limit_exceeded,Transaction exceeds customer limits.,972,1,4,1,548.91,False,0,10,ecommerce,446.29,True,True,False,CREATE_ESCALATION,0.0
txn_d33b20cb980c,cust_cfc1a900,2026-08-08 16:37:16.309954,230.19,INR,upi,failed,fraud_suspected,Transaction flagged by risk engine.,771,30,0,0,128.28,False,3,10,smb_saas,323.39,True,True,False,STOP_AUTOMATION,0.0
txn_76a023289aa8,cust_e56dd8bf,2026-08-03 19:10:16.235826,1017.63,INR,wallet,failed,fraud_suspected,Transaction flagged by risk engine.,635,5,0,0,1080.5,True,1,12,ecommerce,1038.07,True,True,False,STOP_AUTOMATION,0.0
txn_f21572cdf16a,cust_74b99283,2026-08-22 01:00:16.327954,164.59,USD,netbanking,failed,temporary_bank_failure,Bank is experiencing intermittent issues.,336,2,5,5,163.3,True,2,19,smb_saas,165.87,True,True,True,WAIT_AND_RETRY,164.59
txn_ad341adeaaa8,cust_91fb4088,2026-08-14 14:20:16.298954,1772.51,INR,wallet,failed,authentication_failed,OTP or 3D secure authentication failed.,734,2,2,2,3533.09,False,1,18,ecommerce,1773.91,True,False,False,CREATE_ESCALATION,0.0
txn_24ccf6d19c64,cust_a7ac48a5,2026-08-23 08:38:16.328954,5000.0,INR,wallet,failed,temporary_bank_failure,Bank is experiencing intermittent issues.,668,35,3,0,9393.53,False,0,1,high_value,5082.15,True,True,True,WAIT_AND_RETRY,5000.0
txn_86ff4faca79c,cust_8bc962e3,2026-08-16 06:19:16.254632,7221.67,INR,wallet,failed,authentication_failed,OTP or 3D secure authentication failed.,449,10,4,2,12535.58,False,2,20,enterprise,7292.67,True,True,False,CREATE_ESCALATION,0.0
txn_a5b895651fa4,cust_c0227733,2026-08-20 23:36:16.360096,218.68,USD,upi,failed,insufficient_funds,Customer account has insufficient balance.,544,8,4,2,213.9,False,3,17,smb_saas,300.06,True,True,False,CREATE_ESCALATION,0.0
txn_f7d290d4a45d,cust_0a45c761,2026-08-16 16:01:16.336954,199.95,USD,card,failed,bank_timeout,Issuing bank did not respond in time.,508,37,1,0,150.37,False,1,18,smb_saas,232.21,True,True,True,WAIT_AND_RETRY,199.95
txn_89533c05cb89,cust_1c5818a7,2026-08-14 11:40:16.266812,104.36,INR,card,failed,temporary_bank_failure,Bank is experiencing intermittent issues.,419,30,1,0,180.55,False,1,4,smb_saas,170.11,True,True,True,WAIT_AND_RETRY,104.36
txn_2fa1b111e18c,cust_f2153160,2026-08-04 10:14:16.356096,900.04,INR,wallet,failed,limit_exceeded,Transaction exceeds customer limits.,431,45,2,1,1612.15,True,2,21,ecommerce,947.33,True,True,False,CREATE_ESCALATION,0.0
txn_dc059b8aa803,cust_95e799ce,2026-08-08 19:43:16.243446,146.79,INR,card,failed,insufficient_funds,Customer account has insufficient balance.,93,45,4,3,261.04,True,2,17,smb_saas,182.17,True,True,True,SEND_RECOVERY_MESSAGE,146.79
txn_9ed284d30526,cust_41d981cc,2026-08-15 20:52:16.262223,2057.53,INR,netbanking,failed,insufficient_funds,Customer account has insufficient balance.,844,9,3,0,2265.27,False,0,28,mid_market,2122.03,True,True,False,CREATE_ESCALATION,0.0
txn_84979e3a085d,cust_becda411,2026-08-06 01:51:16.350954,3013.04,USD,card,failed,insufficient_funds,Customer account has insufficient balance.,672,25,5,1,3116.25,False,2,28,mid_market,3068.73,True,True,False,CREATE_ESCALATION,0.0
txn_05f9c1c018e3,cust_240155dd,2026-07-26 13:16:16.294364,48.36,INR,netbanking,failed,bank_timeout,Issuing bank did not respond in time.,788,45,2,2,49.29,False,3,26,smb_saas,63.13,True,True,True,WAIT_AND_RETRY,48.36
txn_cab54fd23d70,cust_e03522a4,2026-08-11 04:44:16.270823,10169.67,INR,card,failed,authentication_failed,OTP or 3D secure authentication failed.,199,43,1,0,14057.02,False,0,23,enterprise,10229.3,True,True,True,RETRY_PAYMENT,10169.67
txn_c9f68b38ff65,cust_b3734e62,2026-08-20 12:54:16.345955,72.14,INR,netbanking,failed,bank_timeout,Issuing bank did not respond in time.,21,6,1,0,54.16,True,0,25,smb_saas,82.49,True,True,True,WAIT_AND_RETRY,72.14
txn_bf75c8a65549,cust_a89e172a,2026-07-26 05:23:16.308955,810.98,INR,netbanking,failed,limit_exceeded,Transaction exceeds customer limits.,290,39,0,0,551.01,False,2,13,ecommerce,906.07,True,False,False,CREATE_ESCALATION,0.0
txn_ea7f8d873a2d,cust_70f0ddcf,2026-07-31 14:55:16.365098,234.85,INR,card,failed,bank_timeout,Issuing bank did not respond in time.,273,36,0,0,205.28,False,0,20,smb_saas,290.42,True,True,True,WAIT_AND_RETRY,234.85
txn_6b78fc2aae97,cust_6e66c990,2026-08-14 00:26:16.307955,39.09,INR,wallet,failed,insufficient_funds,Customer account has insufficient balance.,611,17,4,3,46.42,False,2,3,smb_saas,55.33,True,True,False,CREATE_ESCALATION,0.0
txn_3ac286d5fc7e,cust_29d365a3,2026-07-29 06:13:16.227825,802.92,INR,wallet,failed,insufficient_funds,Customer account has insufficient balance.,649,43,4,0,1331.42,False,1,30,mid_market,852.8,True,True,True,SEND_RECOVERY_MESSAGE,802.92
txn_c9f154c93412,cust_d884b6cc,2026-08-02 08:02:16.281813,3965.04,INR,netbanking,failed,insufficient_funds,Customer account has insufficient balance.,836,39,1,1,5943.47,True,2,24,enterprise,4003.45,True,True,True,SEND_RECOVERY_MESSAGE,3965.04
txn_7ea28c1d11ca,cust_0e6d5add,2026-08-03 04:43:16.237825,430.58,INR,upi,failed,insufficient_funds,Customer account has insufficient balance.,684,37,4,1,424.38,False,2,0,mid_market,445.63,True,True,True,SEND_RECOVERY_MESSAGE,430.58
txn_6504492ba787,cust_9cef2d1b,2026-08-05 05:46:16.243446,255.48,INR,netbanking,failed,limit_exceeded,Transaction exceeds customer limits.,498,22,2,1,471.02,False,1,10,ecommerce,257.07,True,True,True,RETRY_PAYMENT,255.48
txn_86e3a7edeff0,cust_0fa2cf96,2026-08-13 17:52:16.237825,271.77,USD,upi,failed,authentication_failed,OTP or 3D secure authentication failed.,326,33,1,1,230.04,False,1,16,ecommerce,283.61,True,True,True,RETRY_PAYMENT,271.77
txn_a3098124c91f,cust_87f231b1,2026-08-18 19:12:16.259223,186.6,INR,card,failed,temporary_bank_failure,Bank is experiencing intermittent issues.,255,38,5,4,135.18,True,0,21,smb_saas,207.5,True,True,True,WAIT_AND_RETRY,186.6
txn_e63b43cd6ad6,cust_af98ae8c,2026-08-14 16:34:16.346954,430.19,USD,card,failed,insufficient_funds,Customer account has insufficient balance.,431,47,4,4,452.59,False,0,10,smb_saas,472.95,True,True,True,SEND_RECOVERY_MESSAGE,430.19
txn_0563913db9b1,cust_3e103ad6,2026-08-22 00:23:16.293365,13805.06,USD,upi,failed,bank_timeout,Issuing bank did not respond in time.,916,38,1,0,19340.76,False,2,6,enterprise,13899.44,True,True,True,WAIT_AND_RETRY,13805.06
txn_98f8ad4abbaf,cust_4846f43e,2026-08-13 00:39:16.276813,669.78,INR,upi,failed,limit_exceeded,Transaction exceeds customer limits.,685,43,3,0,860.85,False,2,20,smb_saas,737.7,True,False,False,CREATE_ESCALATION,0.0
txn_bac1eca48b0e,cust_7db04788,2026-08-24 01:01:16.280813,1033.46,INR,upi,failed,insufficient_funds,Customer account has insufficient balance.,635,49,1,1,1506.33,True,1,19,mid_market,1048.74,True,True,True,SEND_RECOVERY_MESSAGE,1033.46
txn_6f4e60fae3dd,cust_cd6002e8,2026-08-04 16:13:16.263223,11802.39,USD,card,failed,insufficient_funds,Customer account has insufficient balance.,353,5,5,2,17412.29,True,2,19,high_value,11883.98,True,True,False,CREATE_ESCALATION,0.0
txn_c160aff19e53,cust_3b59113f,2026-08-06 23:34:16.292365,33.71,INR,netbanking,failed,insufficient_funds,Customer account has insufficient balance.,189,34,4,4,54.2,True,1,22,smb_saas,48.71,True,True,True,SEND_RECOVERY_MESSAGE,33.71
txn_2e7d48708cbd,cust_19d51208,2026-08-20 14:05:16.258223,181.49,INR,card,failed,fraud_suspected,Transaction flagged by risk engine.,621,44,5,3,198.12,False,3,1,smb_saas,194.93,True,True,False,STOP_AUTOMATION,0.0
txn_2d8ccce1589b,cust_e390c109,2026-08-24 14:05:16.321954,6889.77,INR,wallet,failed,insufficient_funds,Customer account has insufficient balance.,114,31,1,1,6785.92,False,2,1,enterprise,6924.33,True,True,True,SEND_RECOVERY_MESSAGE,6889.77
txn_e09953a2b494,cust_a7a6df85,2026-08-22 00:57:16.300954,647.28,INR,upi,failed,insufficient_funds,Customer account has insufficient balance.,393,42,0,0,969.45,False,1,2,smb_saas,700.09,True,True,False,CREATE_ESCALATION,0.0
txn_68d28079c282,cust_88990556,2026-08-19 23:09:16.358096,2245.67,INR,wallet,failed,limit_exceeded,Transaction exceeds customer limits.,388,11,2,0,4472.77,False,0,27,mid_market,2266.3,True,True,False,CREATE_ESCALATION,0.0
txn_0e104b326817,cust_e8be8b42,2026-08-03 17:13:16.304955,2240.31,USD,upi,failed,fraud_suspected,Transaction flagged by risk engine.,605,30,0,0,3717.03,True,3,17,ecommerce,2284.73,True,True,False,STOP_AUTOMATION,0.0
txn_4e86612b01b4,cust_e9cfe0d9,2026-07-31 12:39:16.271813,962.36,INR,netbanking,failed,authentication_failed,OTP or 3D secure authentication failed.,27,32,5,4,685.44,False,1,26,mid_market,1035.24,True,True,True,RETRY_PAYMENT,962.36
txn_630a76580970,cust_62f76088,2026-08-05 19:04:16.238825,604.11,INR,netbanking,failed,insufficient_funds,Customer account has insufficient balance.,355,25,0,0,749.54,True,2,22,smb_saas,702.51,True,True,False,CREATE_ESCALATION,0.0
txn_cd9c7a34a6c6,cust_ddb2c2e3,2026-08-09 01:48:16.260223,493.15,INR,wallet,failed,bank_timeout,Issuing bank did not respond in time.,826,17,0,0,364.32,False,1,5,smb_saas,590.26,True,True,True,WAIT_AND_RETRY,493.15
txn_703979c25b69,cust_2b258fe3,2026-08-03 21:03:16.351955,5945.68,INR,netbanking,failed,insufficient_funds,Customer account has insufficient balance.,324,23,4,4,7137.74,False,2,11,mid_market,5945.99,True,True,False,CREATE_ESCALATION,0.0
txn_039ccea2874d,cust_f5d88c73,2026-08-12 06:06:16.367097,825.28,INR,wallet,failed,insufficient_funds,Customer account has insufficient balance.,772,38,4,0,1176.89,False,3,26,smb_saas,885.98,True,True,False,CREATE_ESCALATION,0.0
txn_3478c560c61e,cust_4731dbd3,2026-08-20 00:42:16.231825,427.92,INR,card,failed,bank_timeout,Issuing bank did not respond in time.,368,31,0,0,685.95,True,1,0,ecommerce,499.89,True,True,True,WAIT_AND_RETRY,427.92
txn_b9fcd840697e,cust_29e7d28d,2026-08-10 09:32:16.354544,238.52,USD,upi,failed,insufficient_funds,Customer account has insufficient balance.,7,47,2,2,331.28,True,3,19,smb_saas,322.51,True,True,False,CREATE_ESCALATION,0.0
txn_701ceef16b30,cust_20c8790c,2026-08-10 18:11:16.240825,189.02,INR,upi,failed,insufficient_funds,Customer account has insufficient balance.,768,7,3,3,131.71,False,2,27,smb_saas,197.51,True,True,False,CREATE_ESCALATION,0.0
txn_a429620a4b0f,cust_4bce790b,2026-07-27 04:52:16.292365,1344.3,INR,netbanking,failed,insufficient_funds,Customer account has insufficient balance.,974,24,5,4,1074.8,False,1,2,mid_market,1382.41,True,False,False,CREATE_ESCALATION,0.0
txn_ff6114cf950d,cust_792e7d39,2026-08-19 03:58:16.349954,16397.47,INR,upi,failed,temporary_bank_failure,Bank is experiencing intermittent issues.,251,15,1,0,30697.74,True,0,28,enterprise,16481.55,True,True,True,WAIT_AND_RETRY,16397.47
txn_07ee902f71f3,cust_adf12184,2026-07-28 16:30:16.357097,8494.86,USD,netbanking,failed,insufficient_funds,Customer account has insufficient balance.,284,22,1,0,14774.93,False,2,5,high_value,8505.85,True,True,True,SEND_RECOVERY_MESSAGE,8494.86
txn_d0ad7add60fe,cust_27e44fc2,2026-08-12 08:43:16.236825,1996.99,INR,upi,failed,insufficient_funds,Customer account has insufficient balance.,10,34,3,2,1431.94,False,1,15,mid_market,2064.99,True,True,True,SEND_RECOVERY_MESSAGE,1996.99
txn_e8da55316599,cust_794a9601,2026-07-28 10:36:16.251632,535.54,INR,netbanking,failed,bank_timeout,Issuing bank did not respond in time.,382,31,0,0,617.3,False,0,27,ecommerce,593.34,True,True,True,WAIT_AND_RETRY,535.54
txn_c46a75ea0e01,cust_3740d02e,2026-07-30 02:30:16.235826,2205.89,INR,card,failed,insufficient_funds,Customer account has insufficient balance.,369,2,4,1,2207.29,False,2,9,ecommerce,2280.41,True,True,False,CREATE_ESCALATION,0.0
txn_40bb7d884c71,cust_60fae9fd,2026-07-27 00:32:16.364096,21000.25,INR,upi,failed,bank_timeout,Issuing bank did not respond in time.,819,27,5,5,24325.31,False,2,13,enterprise,21087.45,True,True,False,CREATE_ESCALATION,0.0
txn_c6743de3524a,cust_741f220b,2026-07-27 06:15:16.314954,1786.48,INR,upi,failed,limit_exceeded,Transaction exceeds customer limits.,698,49,3,0,1479.29,False,1,6,ecommerce,1831.74,True,True,False,CREATE_ESCALATION,0.0
txn_f594ba589ae4,cust_a2500d83,2026-08-04 04:38:16.351955,551.18,INR,wallet,failed,insufficient_funds,Customer account has insufficient balance.,77,29,1,1,645.9,False,1,7,smb_saas,620.76,True,True,False,CREATE_ESCALATION,0.0
txn_e8ff1888bae1,cust_c9c43ccc,2026-08-14 02:56:16.332954,237.94,INR,netbanking,failed,insufficient_funds,Customer account has insufficient balance.,982,12,1,0,372.59,False,0,22,smb_saas,247.26,True,True,False,CREATE_ESCALATION,0.0
txn_c1a5f729bd50,cust_d1033a64,2026-08-20 19:30:16.355058,9368.31,INR,card,failed,bank_timeout,Issuing bank did not respond in time.,82,46,3,0,10282.02,False,2,9,mid_market,9467.91,True,True,False,CREATE_ESCALATION,0.0
txn_35117eb6fa5c,cust_62db5474,2026-07-27 14:00:16.302954,1284.65,USD,card,failed,insufficient_funds,Customer account has insufficient balance.,253,5,5,0,1526.41,True,3,2,mid_market,1312.28,True,True,False,CREATE_ESCALATION,0.0
txn_697d0c55ee09,cust_d56347f9,2026-08-17 15:40:16.231825,760.8,INR,upi,failed,insufficient_funds,Customer account has insufficient balance.,723,24,3,2,546.04,False,0,9,ecommerce,853.52,True,True,False,CREATE_ESCALATION,0.0
txn_df0703fff59d,cust_d44ac258,2026-08-06 12:39:16.224629,116.5,INR,wallet,failed,authentication_failed,OTP or 3D secure authentication failed.,368,19,2,1,147.86,False,0,25,smb_saas,214.63,True,True,False,CREATE_ESCALATION,0.0
txn_f03f4c47d2b2,cust_9320b812,2026-08-15 21:36:16.242826,2426.15,INR,netbanking,failed,bank_timeout,Issuing bank did not respond in time.,115,48,1,1,1236.79,False,3,15,enterprise,2442.46,True,True,True,WAIT_AND_RETRY,2426.15
txn_ce702fa46026,cust_251a7b41,2026-07-31 09:38:16.228825,1490.79,INR,wallet,failed,insufficient_funds,Customer account has insufficient balance.,168,45,5,5,1616.89,False,2,2,mid_market,1533.01,True,True,False,CREATE_ESCALATION,0.0
txn_8c0e7fc98103,cust_703d7265,2026-08-14 17:29:16.284812,1438.88,INR,wallet,failed,bank_timeout,Issuing bank did not respond in time.,372,4,4,1,1743.83,False,2,6,ecommerce,1445.57,True,False,True,WAIT_AND_RETRY,1438.88
txn_4db5211937d6,cust_a32c0c23,2026-08-13 19:44:16.267812,866.47,INR,card,failed,insufficient_funds,Customer account has insufficient balance.,100,49,5,4,1298.49,False,2,2,ecommerce,887.85,True,False,True,SEND_RECOVERY_MESSAGE,866.47
txn_4be49071b883,cust_6e36cb45,2026-08-17 21:33:16.365098,100.0,INR,card,failed,insufficient_funds,Customer account has insufficient balance.,842,41,3,0,90.41,True,1,5,mid_market,186.73,True,True,False,CREATE_ESCALATION,0.0
txn_1d937e9adcb5,cust_98e52a85,2026-08-05 11:52:16.301954,1311.8,INR,upi,failed,insufficient_funds,Customer account has insufficient balance.,492,32,1,0,2471.68,True,1,2,ecommerce,1402.87,True,True,True,SEND_RECOVERY_MESSAGE,1311.8
txn_2d30246353e2,cust_a2d17255,2026-08-25 08:45:16.226780,313.25,INR,upi,failed,bank_timeout,Issuing bank did not respond in time.,561,5,2,2,619.58,False,0,13,smb_saas,407.49,True,True,True,WAIT_AND_RETRY,313.25
txn_884b6072dd79,cust_9029007c,2026-07-28 06:31:16.324955,15310.52,USD,card,failed,bank_timeout,Issuing bank did not respond in time.,252,47,5,5,21490.21,False,0,10,high_value,15366.18,True,False,False,CREATE_ESCALATION,0.0
txn_b73c19ba0dda,cust_f8041d1b,2026-07-31 06:31:16.292365,20441.56,INR,netbanking,failed,insufficient_funds,Customer account has insufficient balance.,620,6,4,2,37007.18,True,0,0,high_value,20521.1,True,True,False,CREATE_ESCALATION,0.0
txn_c2bd403de546,cust_a1bca8c4,2026-08-10 20:37:16.338954,100.23,INR,upi,failed,insufficient_funds,Customer account has insufficient balance.,385,48,0,0,94.17,False,3,29,smb_saas,111.41,True,True,False,CREATE_ESCALATION,0.0
txn_2752c59d2db1,cust_e8cd5035,2026-07-29 21:56:16.252632,384.04,INR,card,failed,authentication_failed,OTP or 3D secure authentication failed.,279,25,5,3,350.89,False,0,15,ecommerce,450.94,True,True,False,CREATE_ESCALATION,0.0
txn_b30a911e980b,cust_b02aecf3,2026-07-27 06:11:16.261223,69.29,INR,wallet,failed,insufficient_funds,Customer account has insufficient balance.,650,49,4,4,126.96,False,1,9,smb_saas,89.54,True,False,False,CREATE_ESCALATION,0.0
txn_dddd7f506d5e,cust_54f0f73e,2026-08-02 03:11:16.319954,200.2,USD,netbanking,failed,insufficient_funds,Customer account has insufficient balance.,523,19,5,0,153.0,False,3,20,smb_saas,241.42,True,False,False,CREATE_ESCALATION,0.0
txn_4e131c093ebc,cust_af1b51d2,2026-08-05 11:53:16.314954,3087.36,INR,upi,failed,insufficient_funds,Customer account has insufficient balance.,267,22,5,2,5366.17,True,1,4,mid_market,3135.17,True,True,False,CREATE_ESCALATION,0.0
txn_e9655e51fa00,cust_67c9c791,2026-08-17 13:37:16.291365,1031.46,INR,upi,failed,insufficient_funds,Customer account has insufficient balance.,590,41,2,2,1156.11,True,3,21,ecommerce,1100.04,True,True,False,CREATE_ESCALATION,0.0
txn_1108c587e528,cust_3d970e07,2026-08-04 00:19:16.351955,5000.0,USD,card,failed,bank_timeout,Issuing bank did not respond in time.,16,20,0,0,9735.92,False,2,24,high_value,5050.37,True,False,False,CREATE_ESCALATION,0.0
txn_73e6d9f28d9b,cust_213d637e,2026-08-06 00:23:16.295908,492.71,INR,card,failed,insufficient_funds,Customer account has insufficient balance.,354,45,2,1,772.15,True,1,29,smb_saas,545.17,True,True,False,CREATE_ESCALATION,0.0
txn_d330ff173584,cust_acc083ff,2026-08-13 19:46:16.344954,17.13,INR,upi,failed,insufficient_funds,Customer account has insufficient balance.,619,19,0,0,14.83,False,1,3,smb_saas,67.57,True,True,True,SEND_RECOVERY_MESSAGE,17.13
txn_01dda4eb23ee,cust_be9f6fa2,2026-08-11 21:03:16.222629,896.5,INR,wallet,failed,insufficient_funds,Customer account has insufficient balance.,984,23,5,3,1399.4,False,2,19,ecommerce,977.32,True,True,False,CREATE_ESCALATION,0.0
txn_233aaa848da1,cust_0af058a0,2026-08-23 01:28:16.345955,693.8,USD,netbanking,failed,bank_timeout,Issuing bank did not respond in time.,400,38,0,0,882.39,True,3,6,ecommerce,788.65,True,True,True,WAIT_AND_RETRY,693.8
txn_f7786510ef80,cust_e8a5efb4,2026-08-20 13:44:16.301954,2468.66,INR,card,failed,insufficient_funds,Customer account has insufficient balance.,532,18,5,5,2120.17,False,3,16,mid_market,2546.29,True,True,True,SEND_RECOVERY_MESSAGE,2468.66
txn_230871bcedd4,cust_532c567f,2026-08-24 19:59:16.300954,1231.31,USD,upi,failed,authentication_failed,OTP or 3D secure authentication failed.,33,45,2,0,1386.82,False,2,0,ecommerce,1317.2,True,True,True,RETRY_PAYMENT,1231.31
txn_8f353d8b11ec,cust_2c3f267c,2026-08-20 15:40:16.274812,571.03,USD,wallet,failed,bank_timeout,Issuing bank did not respond in time.,360,35,3,0,832.4,False,0,1,smb_saas,649.81,True,True,True,WAIT_AND_RETRY,571.03
txn_2895379a57e2,cust_a9a12a25,2026-08-07 06:13:16.279813,130.15,INR,netbanking,failed,insufficient_funds,Customer account has insufficient balance.,725,33,1,1,79.3,False,1,20,smb_saas,180.32,True,True,True,SEND_RECOVERY_MESSAGE,130.15
txn_e81e6a25614e,cust_740d2507,2026-08-25 15:11:16.339954,15.06,INR,wallet,failed,insufficient_funds,Customer account has insufficient balance.,868,4,0,0,20.37,False,2,0,smb_saas,72.54,True,True,False,CREATE_ESCALATION,0.0
txn_1b47df9960ac,cust_9dbbf04f,2026-08-09 23:01:16.303954,24.27,INR,card,failed,authentication_failed,OTP or 3D secure authentication failed.,371,29,3,0,15.87,True,3,22,ecommerce,68.22,True,True,False,CREATE_ESCALATION,0.0
txn_c379ff742bb7,cust_42d02204,2026-07-29 09:36:16.243446,5917.64,INR,card,failed,insufficient_funds,Customer account has insufficient balance.,159,42,2,0,7348.17,False,1,7,high_value,6005.15,True,True,False,CREATE_ESCALATION,0.0
txn_cd7bba9074bb,cust_a94ff674,2026-08-10 02:36:16.290365,478.16,INR,card,failed,insufficient_funds,Customer account has insufficient balance.,378,35,0,0,646.13,False,2,11,smb_saas,569.21,True,True,True,SEND_RECOVERY_MESSAGE,478.16
txn_a72a4e6c6d81,cust_ffec3570,2026-08-24 15:16:16.324955,1772.52,INR,netbanking,failed,temporary_bank_failure,Bank is experiencing intermittent issues.,265,1,2,0,3458.03,True,3,10,ecommerce,1827.14,True,True,True,WAIT_AND_RETRY,1772.52
txn_5fab8f6383b5,cust_e80f9fd2,2026-08-11 22:17:16.259223,69.11,INR,wallet,failed,insufficient_funds,Customer account has insufficient balance.,962,4,3,0,133.55,False,2,23,smb_saas,116.92,True,False,False,CREATE_ESCALATION,0.0
txn_8dd87f2c850a,cust_49e6b9eb,2026-07-30 01:44:16.279813,641.39,USD,card,failed,insufficient_funds,Customer account has insufficient balance.,716,7,1,0,957.42,True,2,30,mid_market,692.54,True,False,False,CREATE_ESCALATION,0.0
txn_c4e5cebb89b8,cust_e9608834,2026-08-21 02:24:16.319954,10362.61,INR,wallet,failed,authentication_failed,OTP or 3D secure authentication failed.,581,38,2,2,20579.56,False,0,18,high_value,10393.77,True,True,True,RETRY_PAYMENT,10362.61
txn_b008845b4bdd,cust_e842984d,2026-08-11 19:14:16.250632,95.6,INR,netbanking,failed,authentication_failed,OTP or 3D secure authentication failed.,249,40,3,2,125.61,True,1,8,smb_saas,149.06,True,True,True,RETRY_PAYMENT,95.6
txn_0bfdcd72e83c,cust_bdc4dd44,2026-08-20 13:57:16.307955,1630.49,INR,netbanking,failed,insufficient_funds,Customer account has insufficient balance.,852,13,1,1,2993.43,False,0,8,ecommerce,1676.92,True,True,True,SEND_RECOVERY_MESSAGE,1630.49
txn_f3c570f17065,cust_5e8ee646,2026-08-08 20:09:16.290365,3552.43,INR,card,failed,insufficient_funds,Customer account has insufficient balance.,656,38,4,3,5162.11,False,0,16,mid_market,3602.3,True,True,False,CREATE_ESCALATION,0.0
txn_4c6d5d28f09b,cust_c1e86327,2026-08-05 16:01:16.242826,4283.0,INR,wallet,failed,insufficient_funds,Customer account has insufficient balance.,414,31,3,2,7449.03,False,1,12,mid_market,4311.84,True,True,False,CREATE_ESCALATION,0.0
txn_46600dad4bda,cust_edcb3a78,2026-07-31 16:17:16.332954,202.09,USD,upi,failed,bank_timeout,Issuing bank did not respond in time.,577,43,4,0,280.15,False,1,13,smb_saas,252.24,True,False,True,WAIT_AND_RETRY,202.09
txn_66e4fd7df27c,cust_f28bad13,2026-08-23 03:31:16.224629,1824.37,INR,wallet,failed,insufficient_funds,Customer account has insufficient balance.,913,24,3,3,1940.16,False,1,20,ecommerce,1910.4,True,True,False,CREATE_ESCALATION,0.0
txn_9f79798cb969,cust_30681649,2026-08-10 23:42:16.261223,1622.89,INR,netbanking,failed,authentication_failed,OTP or 3D secure authentication failed.,620,18,4,4,3201.9,False,0,0,mid_market,1659.81,True,True,False,CREATE_ESCALATION,0.0
txn_24ac285d0348,cust_1d986516,2026-08-01 17:03:16.309954,577.46,INR,upi,failed,insufficient_funds,Customer account has insufficient balance.,346,0,3,2,783.72,False,2,-1,ecommerce,605.75,True,True,False,CREATE_ESCALATION,0.0
txn_c1934513d4e8,cust_87320ea2,2026-08-21 04:00:16.296954,595.56,INR,wallet,failed,insufficient_funds,Customer account has insufficient balance.,988,21,0,0,368.6,False,1,27,mid_market,668.05,True,True,True,SEND_RECOVERY_MESSAGE,595.56
txn_a4d75c0d2716,cust_f8a43694,2026-08-15 19:46:16.351955,524.45,INR,wallet,failed,fraud_suspected,Transaction flagged by risk engine.,267,19,1,0,825.17,True,3,0,smb_saas,585.99,True,True,False,STOP_AUTOMATION,0.0
txn_bfc0403afcb5,cust_4a8d7429,2026-08-02 19:03:16.251632,945.79,INR,netbanking,failed,temporary_bank_failure,Bank is experiencing intermittent issues.,976,47,4,3,1093.62,True,0,28,mid_market,1014.69,True,True,False,CREATE_ESCALATION,0.0
txn_ad3d2fbec766,cust_64150cde,2026-08-22 06:40:16.307955,76.64,INR,upi,failed,insufficient_funds,Customer account has insufficient balance.,436,33,2,0,121.53,True,2,2,smb_saas,139.57,True,True,True,SEND_RECOVERY_MESSAGE,76.64
txn_fff23e6140d8,cust_07de3cfb,2026-08-11 07:20:16.295908,159.88,INR,netbanking,failed,temporary_bank_failure,Bank is experiencing intermittent issues.,898,34,2,0,253.74,False,3,8,smb_saas,258.46,True,True,True,WAIT_AND_RETRY,159.88
txn_8b0a5ad0ac7d,cust_1904bd15,2026-08-10 00:02:16.275813,5212.14,INR,upi,failed,temporary_bank_failure,Bank is experiencing intermittent issues.,404,21,4,3,3991.97,False,3,16,enterprise,5261.38,True,True,True,WAIT_AND_RETRY,5212.14
txn_9abe844d2f83,cust_7f17f84d,2026-08-21 09:17:16.294364,158.83,INR,netbanking,failed,authentication_failed,OTP or 3D secure authentication failed.,376,17,4,3,187.22,False,1,12,ecommerce,188.52,True,False,False,CREATE_ESCALATION,0.0
txn_deaef56e07ed,cust_5fa436fa,2026-08-19 13:15:16.341954,1673.53,INR,wallet,failed,authentication_failed,OTP or 3D secure authentication failed.,713,42,1,1,1211.91,False,3,24,ecommerce,1756.21,True,True,False,CREATE_ESCALATION,0.0
txn_f13ea07a8bd2,cust_dc2a7836,2026-08-13 10:38:16.257223,2320.33,INR,wallet,failed,bank_timeout,Issuing bank did not respond in time.,63,13,0,0,2267.14,False,0,24,ecommerce,2338.9,True,True,True,WAIT_AND_RETRY,2320.33
txn_3376c7692b8e,cust_a75f3892,2026-08-22 06:46:16.246043,5000.0,USD,netbanking,failed,temporary_bank_failure,Bank is experiencing intermittent issues.,466,35,4,2,6333.39,False,2,1,high_value,5098.16,True,True,True,WAIT_AND_RETRY,5000.0
txn_e0dc9c24385f,cust_970c6872,2026-07-31 15:54:16.269812,2540.62,USD,upi,failed,insufficient_funds,Customer account has insufficient balance.,727,33,4,3,1501.97,False,1,8,mid_market,2586.47,True,True,True,SEND_RECOVERY_MESSAGE,2540.62
txn_a29c8288282d,cust_1543f98a,2026-08-22 13:52:16.233825,12860.81,INR,wallet,failed,insufficient_funds,Customer account has insufficient balance.,859,27,5,3,11803.36,False,2,24,high_value,12939.76,True,True,False,CREATE_ESCALATION,0.0
txn_0e0c5e0fbc7b,cust_41397467,2026-08-11 05:05:16.250632,425.76,INR,card,failed,insufficient_funds,Customer account has insufficient balance.,688,49,1,1,312.88,False,3,29,ecommerce,451.18,True,True,True,SEND_RECOVERY_MESSAGE,425.76
txn_d7f3e520ca7a,cust_288b82ed,2026-07-27 18:44:16.359096,374.32,INR,wallet,failed,insufficient_funds,Customer account has insufficient balance.,955,6,3,3,212.57,False,2,0,smb_saas,387.43,True,True,False,CREATE_ESCALATION,0.0
txn_ea03dd3e812c,cust_98d18443,2026-08-07 15:48:16.224629,939.36,INR,upi,failed,insufficient_funds,Customer account has insufficient balance.,875,33,3,0,1428.24,False,3,2,ecommerce,1029.25,True,True,True,SEND_RECOVERY_MESSAGE,939.36
txn_8c3a81b24d53,cust_1398b5e1,2026-08-06 15:57:16.334955,94.04,INR,wallet,failed,authentication_failed,OTP or 3D secure authentication failed.,53,26,5,1,117.08,True,2,14,ecommerce,187.16,True,True,False,CREATE_ESCALATION,0.0
txn_71bbc76766f4,cust_af7f796d,2026-08-15 21:04:16.287327,2749.26,INR,wallet,failed,insufficient_funds,Customer account has insufficient balance.,299,42,3,3,1970.51,False,1,4,mid_market,2772.14,True,True,False,CREATE_ESCALATION,0.0
txn_7e2ab327226c,cust_07e1b5df,2026-08-07 22:00:16.268812,914.08,INR,upi,failed,insufficient_funds,Customer account has insufficient balance.,652,7,3,0,881.7,False,2,13,smb_saas,914.22,True,True,False,CREATE_ESCALATION,0.0
txn_dc3b0206089d,cust_486edcbb,2026-08-12 03:35:16.249632,3270.66,INR,card,failed,insufficient_funds,Customer account has insufficient balance.,50,40,1,0,2202.26,True,3,13,mid_market,3317.32,True,True,True,SEND_RECOVERY_MESSAGE,3270.66
txn_a9b003360e14,cust_ab518b1c,2026-08-08 01:48:16.361096,2926.0,INR,upi,failed,limit_exceeded,Transaction exceeds customer limits.,1,27,5,2,4870.16,False,3,29,mid_market,2965.61,True,True,False,CREATE_ESCALATION,0.0
txn_4708b866873f,cust_8a37bc04,2026-07-31 14:59:16.250632,5000.0,INR,wallet,failed,temporary_bank_failure,Bank is experiencing intermittent issues.,699,17,5,4,7100.43,False,3,1,high_value,5032.69,True,True,True,WAIT_AND_RETRY,5000.0
txn_75c97e43174c,cust_f035eb02,2026-07-29 01:53:16.226780,9279.63,INR,card,failed,authentication_failed,OTP or 3D secure authentication failed.,653,25,0,0,10694.54,False,1,9,enterprise,9305.73,True,True,False,CREATE_ESCALATION,0.0
txn_6d3596e0134b,cust_4cba69ff,2026-08-22 21:07:16.266812,174.29,INR,netbanking,failed,authentication_failed,OTP or 3D secure authentication failed.,513,21,3,2,114.3,False,3,9,ecommerce,183.81,True,True,False,CREATE_ESCALATION,0.0
txn_e4e0dfd6a9c7,cust_016aa85b,2026-08-14 04:06:16.226172,10.0,USD,card,failed,bank_timeout,Issuing bank did not respond in time.,470,40,5,5,10.37,True,3,6,smb_saas,106.81,True,True,True,WAIT_AND_RETRY,10.0
txn_b639bece2ae7,cust_3caae957,2026-08-17 21:27:16.324955,6560.95,INR,netbanking,failed,temporary_bank_failure,Bank is experiencing intermittent issues.,233,29,5,3,6897.18,False,2,20,enterprise,6571.24,True,True,False,CREATE_ESCALATION,0.0
txn_ac09d548cbec,cust_8624c8b6,2026-08-23 11:40:16.353498,2455.26,USD,wallet,failed,insufficient_funds,Customer account has insufficient balance.,479,35,0,0,4160.76,False,2,20,mid_market,2538.37,True,True,True,SEND_RECOVERY_MESSAGE,2455.26
txn_c0341c3ea174,cust_2b1d394b,2026-08-08 16:00:16.246043,323.42,INR,card,failed,insufficient_funds,Customer account has insufficient balance.,270,42,2,1,356.41,False,1,3,smb_saas,325.83,True,True,True,SEND_RECOVERY_MESSAGE,323.42
txn_c6a7c72cc06e,cust_c3b0b710,2026-08-04 14:21:16.243446,102.42,INR,upi,failed,bank_timeout,Issuing bank did not respond in time.,161,20,4,3,151.61,False,2,7,smb_saas,195.7,True,True,False,CREATE_ESCALATION,0.0
txn_a93bac2163b7,cust_56b77715,2026-08-06 05:36:16.234825,217.56,INR,wallet,failed,authentication_failed,OTP or 3D secure authentication failed.,439,39,4,0,219.61,False,0,14,ecommerce,269.28,True,True,True,RETRY_PAYMENT,217.56
txn_0cc4ab3e9ea8,cust_639e2758,2026-08-14 20:18:16.293365,180.81,INR,wallet,failed,insufficient_funds,Customer account has insufficient balance.,578,7,4,0,323.95,False,0,24,smb_saas,215.7,True,True,True,SEND_RECOVERY_MESSAGE,180.81
txn_f096826eb380,cust_cca728a3,2026-08-05 23:32:16.313954,84.12,USD,wallet,failed,bank_timeout,Issuing bank did not respond in time.,597,2,5,0,92.28,False,0,9,smb_saas,154.0,True,True,True,WAIT_AND_RETRY,84.12
txn_2f4bc70ef1f1,cust_fe629ab2,2026-08-21 14:55:16.298954,126.47,INR,wallet,failed,temporary_bank_failure,Bank is experiencing intermittent issues.,687,10,4,4,74.56,True,1,19,smb_saas,134.08,True,False,False,CREATE_ESCALATION,0.0
txn_bbffee450d2e,cust_5983bbe9,2026-07-31 14:52:16.336954,1444.48,INR,wallet,failed,temporary_bank_failure,Bank is experiencing intermittent issues.,996,24,1,0,2603.99,False,1,21,mid_market,1483.0,True,True,True,WAIT_AND_RETRY,1444.48
txn_d8324c6e4f29,cust_d83020c2,2026-08-09 13:35:16.249632,9459.76,INR,wallet,failed,temporary_bank_failure,Bank is experiencing intermittent issues.,24,31,5,4,12457.53,False,3,21,high_value,9552.47,True,True,True,WAIT_AND_RETRY,9459.76
txn_9ff157b328e3,cust_c405501b,2026-08-10 18:19:16.249632,206.31,INR,upi,failed,bank_timeout,Issuing bank did not respond in time.,812,15,2,0,318.39,False,2,24,ecommerce,305.76,True,True,True,WAIT_AND_RETRY,206.31
txn_c54254574824,cust_d48e1ba9,2026-08-04 15:13:16.237825,719.22,INR,card,failed,bank_timeout,Issuing bank did not respond in time.,519,28,2,2,405.65,False,0,23,ecommerce,798.28,True,True,True,WAIT_AND_RETRY,719.22
txn_a1a25249d6cb,cust_46c59512,2026-08-03 09:58:16.342954,100.19,USD,netbanking,failed,authentication_failed,OTP or 3D secure authentication failed.,220,30,2,2,129.43,True,0,6,smb_saas,114.74,True,True,False,CREATE_ESCALATION,0.0
txn_e21da7b701dc,cust_2779b958,2026-07-31 23:59:16.314954,69.15,USD,card,failed,authentication_failed,OTP or 3D secure authentication failed.,230,19,0,0,118.11,True,2,22,smb_saas,100.45,True,True,False,CREATE_ESCALATION,0.0
txn_e084a447b445,cust_5944904f,2026-08-19 16:02:16.297955,1355.46,INR,upi,failed,limit_exceeded,Transaction exceeds customer limits.,636,20,0,0,2351.54,False,1,30,ecommerce,1413.78,True,True,False,CREATE_ESCALATION,0.0
txn_16d490f49477,cust_39fdca91,2026-08-22 06:42:16.221629,567.16,INR,netbanking,failed,authentication_failed,OTP or 3D secure authentication failed.,722,4,0,0,941.26,False,1,27,smb_saas,577.26,True,True,False,CREATE_ESCALATION,0.0
txn_96239089b5fe,cust_7eb45e31,2026-08-20 12:53:16.318954,646.75,USD,card,failed,insufficient_funds,Customer account has insufficient balance.,405,38,0,0,716.49,True,2,14,mid_market,691.19,True,True,True,SEND_RECOVERY_MESSAGE,646.75
txn_b1499fc985f8,cust_0740e0d8,2026-08-20 04:38:16.259223,227.37,INR,netbanking,failed,bank_timeout,Issuing bank did not respond in time.,48,8,1,0,121.08,True,0,2,smb_saas,269.7,True,True,True,WAIT_AND_RETRY,227.37
txn_200e27db1d48,cust_9f23b281,2026-08-04 15:48:16.300954,8431.35,USD,netbanking,failed,bank_timeout,Issuing bank did not respond in time.,311,49,2,2,14955.76,False,1,0,mid_market,8476.01,True,True,True,WAIT_AND_RETRY,8431.35
txn_5d819215ddb4,cust_fa369b47,2026-08-10 22:39:16.260223,259.33,INR,card,failed,insufficient_funds,Customer account has insufficient balance.,28,39,1,0,225.09,False,0,14,smb_saas,289.73,True,True,True,SEND_RECOVERY_MESSAGE,259.33
txn_75771b12c62c,cust_3c1018bb,2026-08-14 00:44:16.224629,810.25,INR,card,failed,insufficient_funds,Customer account has insufficient balance.,100,25,2,1,1083.1,False,1,6,ecommerce,870.5,True,True,True,SEND_RECOVERY_MESSAGE,810.25
txn_af55144ad13c,cust_e07abbf3,2026-08-16 16:24:16.242826,1123.2,USD,upi,failed,insufficient_funds,Customer account has insufficient balance.,112,48,1,0,1079.17,False,3,3,ecommerce,1191.67,True,False,True,SEND_RECOVERY_MESSAGE,1123.2
txn_eeda50e50008,cust_254f6a1a,2026-07-27 01:32:16.337954,7116.18,USD,card,failed,insufficient_funds,Customer account has insufficient balance.,582,46,2,1,9897.52,False,3,26,high_value,7122.91,True,False,True,SEND_RECOVERY_MESSAGE,7116.18
txn_4a52a7f4be1d,cust_47311ad8,2026-08-05 18:24:16.263223,91.3,INR,netbanking,failed,insufficient_funds,Customer account has insufficient balance.,186,10,1,0,101.54,True,0,20,smb_saas,147.38,True,True,False,CREATE_ESCALATION,0.0
txn_0ba05330b7fb,cust_0a4bb980,2026-08-16 22:21:16.288365,492.3,INR,wallet,failed,insufficient_funds,Customer account has insufficient balance.,370,26,0,0,979.82,False,1,27,ecommerce,520.5,True,True,True,SEND_RECOVERY_MESSAGE,492.3
txn_f26e067d072c,cust_d66b702c,2026-08-01 19:10:16.240825,861.93,INR,card,failed,insufficient_funds,Customer account has insufficient balance.,435,31,1,1,611.8,False,3,12,mid_market,862.86,True,True,False,CREATE_ESCALATION,0.0
txn_cdf623b3b3d7,cust_85c2a0fd,2026-08-02 19:16:16.356096,38.46,INR,netbanking,failed,bank_timeout,Issuing bank did not respond in time.,399,21,4,3,62.17,False,3,10,smb_saas,66.35,True,True,True,WAIT_AND_RETRY,38.46
txn_eda2b008727c,cust_5922e354,2026-08-10 17:20:16.294364,204.38,INR,wallet,failed,insufficient_funds,Customer account has insufficient balance.,924,14,1,1,165.84,False,1,0,smb_saas,298.23,True,True,False,CREATE_ESCALATION,0.0
txn_157f3b064ec9,cust_03194b6c,2026-08-14 21:02:16.298954,124.41,INR,upi,failed,bank_timeout,Issuing bank did not respond in time.,373,40,1,1,229.2,False,1,1,mid_market,124.71,True,True,True,WAIT_AND_RETRY,124.41
txn_52fcd9a94833,cust_89b043f8,2026-08-08 05:41:16.315955,467.27,INR,upi,failed,bank_timeout,Issuing bank did not respond in time.,465,43,1,0,545.71,False,1,25,ecommerce,519.85,True,True,True,WAIT_AND_RETRY,467.27
txn_f44660e1bfbf,cust_913a36ac,2026-08-11 08:03:16.252632,15335.52,INR,wallet,failed,insufficient_funds,Customer account has insufficient balance.,861,40,1,1,12337.78,False,3,10,high_value,15366.4,True,True,False,CREATE_ESCALATION,0.0
txn_f1d787be9ecd,cust_62a8a387,2026-08-24 10:45:16.222629,261.89,INR,wallet,failed,insufficient_funds,Customer account has insufficient balance.,975,26,2,0,315.7,False,0,30,smb_saas,296.89,True,True,False,CREATE_ESCALATION,0.0
txn_27edac6be00d,cust_955286dc,2026-08-17 00:19:16.278812,949.39,INR,netbanking,failed,limit_exceeded,Transaction exceeds customer limits.,50,27,0,0,1284.0,False,1,12,mid_market,979.16,True,True,False,CREATE_ESCALATION,0.0
txn_0fde330d8bb8,cust_aadf7516,2026-07-27 15:01:16.230826,13453.88,INR,upi,failed,insufficient_funds,Customer account has insufficient balance.,571,34,5,0,10442.94,False,1,23,enterprise,13456.83,True,True,False,CREATE_ESCALATION,0.0
txn_2e9f5ccc4ff8,cust_f92a2bf9,2026-08-19 07:22:16.300954,2304.84,INR,wallet,failed,limit_exceeded,Transaction exceeds customer limits.,478,26,1,1,2921.89,False,1,4,mid_market,2338.25,True,True,False,CREATE_ESCALATION,0.0
txn_c74fd642905e,cust_722e3865,2026-08-21 05:18:16.277813,1257.32,USD,card,failed,temporary_bank_failure,Bank is experiencing intermittent issues.,204,43,1,0,1823.05,False,1,16,ecommerce,1265.34,True,True,True,WAIT_AND_RETRY,1257.32
txn_499f14f591aa,cust_ea1eee7b,2026-08-02 21:05:16.339954,2071.44,INR,card,failed,insufficient_funds,Customer account has insufficient balance.,846,30,1,0,2050.62,False,0,0,enterprise,2132.72,True,True,True,SEND_RECOVERY_MESSAGE,2071.44
txn_679d8ec431e6,cust_3c5c4cbf,2026-08-20 00:08:16.280813,299.82,INR,upi,failed,insufficient_funds,Customer account has insufficient balance.,936,49,1,1,351.36,False,3,7,smb_saas,363.02,True,True,False,CREATE_ESCALATION,0.0
txn_749d2bc50124,cust_f6ee9821,2026-08-04 01:07:16.350954,32.68,INR,upi,failed,authentication_failed,OTP or 3D secure authentication failed.,900,36,0,0,27.3,False,0,22,smb_saas,67.25,True,True,False,CREATE_ESCALATION,0.0
txn_95fa44cede16,cust_9753237f,2026-08-03 01:49:16.353498,6386.21,USD,netbanking,failed,temporary_bank_failure,Bank is experiencing intermittent issues.,306,4,4,2,9786.95,True,2,21,mid_market,6413.94,True,True,True,WAIT_AND_RETRY,6386.21
txn_ad0b2c14d4ac,cust_c3dc3b50,2026-08-02 00:32:16.237825,368.39,INR,wallet,failed,limit_exceeded,Transaction exceeds customer limits.,169,3,2,2,418.61,True,0,2,smb_saas,404.66,True,True,True,RETRY_PAYMENT,368.39
txn_3b3fe9df4680,cust_2035143a,2026-08-12 08:28:16.249632,602.86,INR,upi,failed,insufficient_funds,Customer account has insufficient balance.,171,20,5,2,936.67,True,1,10,ecommerce,658.45,True,True,False,CREATE_ESCALATION,0.0
txn_8d0d29428bff,cust_9a950573,2026-08-12 16:39:16.355058,131.46,INR,upi,failed,insufficient_funds,Customer account has insufficient balance.,865,42,4,2,209.23,False,0,15,smb_saas,165.3,True,True,False,CREATE_ESCALATION,0.0
txn_0f437fcd577a,cust_25a6d93f,2026-08-19 07:24:16.261223,91.6,USD,card,failed,insufficient_funds,Customer account has insufficient balance.,770,35,2,1,128.97,True,2,28,ecommerce,169.78,True,True,False,CREATE_ESCALATION,0.0
txn_609f86708749,cust_e74e17e4,2026-07-29 15:00:16.340954,920.65,INR,card,failed,insufficient_funds,Customer account has insufficient balance.,853,30,3,2,657.53,False,0,15,ecommerce,1009.05,True,True,True,SEND_RECOVERY_MESSAGE,920.65
txn_dafc2b24a04e,cust_36a7bfad,2026-08-21 07:39:16.289365,114.15,INR,upi,failed,limit_exceeded,Transaction exceeds customer limits.,586,28,2,1,131.6,False,3,22,smb_saas,209.19,True,True,False,CREATE_ESCALATION,0.0
txn_a92a713980de,cust_4bf24d98,2026-08-05 06:53:16.243446,263.91,USD,netbanking,failed,insufficient_funds,Customer account has insufficient balance.,482,2,5,1,493.61,True,3,24,smb_saas,323.76,True,True,True,SEND_RECOVERY_MESSAGE,263.91
txn_c0e4b534cb2c,cust_346f1bb7,2026-07-29 08:36:16.283812,1629.86,INR,card,failed,bank_timeout,Issuing bank did not respond in time.,836,33,2,0,2677.61,True,0,10,ecommerce,1703.44,True,True,True,WAIT_AND_RETRY,1629.86
txn_d90e12984950,cust_406056f0,2026-07-26 13:29:16.362097,2836.29,INR,card,failed,authentication_failed,OTP or 3D secure authentication failed.,176,17,5,1,3680.15,False,0,2,enterprise,2907.7,True,True,False,CREATE_ESCALATION,0.0
txn_b08c49efbcef,cust_d0ba0933,2026-08-14 14:19:16.311954,762.06,INR,card,failed,insufficient_funds,Customer account has insufficient balance.,4,40,2,2,1293.4,False,1,25,ecommerce,824.92,True,True,True,SEND_RECOVERY_MESSAGE,762.06
txn_69571feb5b8f,cust_020560a9,2026-08-20 13:48:16.312954,1338.94,INR,card,failed,insufficient_funds,Customer account has insufficient balance.,493,49,4,0,1655.03,False,0,28,ecommerce,1376.92,True,True,True,SEND_RECOVERY_MESSAGE,1338.94
txn_424f44801f71,cust_e4f30c91,2026-08-01 02:40:16.321954,392.15,INR,netbanking,failed,temporary_bank_failure,Bank is experiencing intermittent issues.,542,34,0,0,314.94,False,2,10,ecommerce,419.31,True,True,True,WAIT_AND_RETRY,392.15
txn_ada58171b133,cust_12674ea9,2026-08-11 18:51:16.272812,790.84,INR,wallet,failed,insufficient_funds,Customer account has insufficient balance.,620,15,5,1,1566.04,True,3,1,ecommerce,793.77,True,True,False,CREATE_ESCALATION,0.0
txn_0d09d5bfe499,cust_d8bc1f2e,2026-08-15 10:26:16.294364,189.53,INR,card,failed,bank_timeout,Issuing bank did not respond in time.,661,27,0,0,272.23,False,2,24,ecommerce,248.72,True,True,True,WAIT_AND_RETRY,189.53
txn_7ce960262d94,cust_783ced71,2026-08-10 05:36:16.309954,342.77,USD,netbanking,failed,insufficient_funds,Customer account has insufficient balance.,335,8,2,2,279.53,False,3,7,smb_saas,374.25,True,True,False,CREATE_ESCALATION,0.0
txn_98a2a1989c85,cust_e8804597,2026-08-05 23:32:16.305956,2536.95,USD,upi,failed,fraud_suspected,Transaction flagged by risk engine.,1000,17,5,2,3894.55,False,0,27,ecommerce,2563.68,True,True,False,STOP_AUTOMATION,0.0
txn_305bc0b3b3b7,cust_d9585d7a,2026-08-16 18:28:16.286812,285.72,USD,card,failed,authentication_failed,OTP or 3D secure authentication failed.,914,36,4,0,540.09,False,2,19,ecommerce,309.92,True,True,True,RETRY_PAYMENT,285.72
txn_059aaa260b62,cust_d24ebe4b,2026-08-01 01:08:16.359096,41.77,INR,upi,failed,authentication_failed,OTP or 3D secure authentication failed.,933,10,4,3,58.63,False,3,15,smb_saas,73.39,True,True,False,CREATE_ESCALATION,0.0
txn_21aeef653aab,cust_b5e84a8e,2026-08-18 07:04:16.323954,9098.35,INR,wallet,failed,temporary_bank_failure,Bank is experiencing intermittent issues.,635,42,2,0,13044.03,False,3,20,mid_market,9116.55,True,True,True,WAIT_AND_RETRY,9098.35
txn_74ea61feaa16,cust_aa6f2155,2026-08-03 17:26:16.295908,18073.87,INR,wallet,failed,limit_exceeded,Transaction exceeds customer limits.,104,47,1,1,29608.62,False,0,24,enterprise,18141.04,True,True,False,CREATE_ESCALATION,0.0
txn_f981d06cf778,cust_9a59f835,2026-08-10 15:02:16.292365,1589.27,INR,wallet,failed,temporary_bank_failure,Bank is experiencing intermittent issues.,875,26,1,0,2644.01,True,0,21,mid_market,1681.49,True,True,True,WAIT_AND_RETRY,1589.27
txn_c993211ad155,cust_e154ffe0,2026-08-09 07:17:16.365098,146.57,USD,upi,failed,authentication_failed,OTP or 3D secure authentication failed.,518,50,5,5,210.89,False,0,27,smb_saas,217.25,True,False,False,CREATE_ESCALATION,0.0
txn_0e09e1ffc608,cust_7376502c,2026-08-23 05:15:16.363096,204.48,INR,wallet,failed,authentication_failed,OTP or 3D secure authentication failed.,60,39,5,3,172.55,False,0,21,smb_saas,213.66,True,False,False,CREATE_ESCALATION,0.0
txn_576835cefeca,cust_0ee36229,2026-08-18 10:50:16.284812,902.95,INR,upi,failed,insufficient_funds,Customer account has insufficient balance.,790,43,0,0,971.41,False,2,9,ecommerce,968.55,True,True,False,CREATE_ESCALATION,0.0
txn_029390f35793,cust_dfe972fd,2026-08-01 14:10:16.270823,1773.75,INR,upi,failed,authentication_failed,OTP or 3D secure authentication failed.,750,48,0,0,1751.39,False,3,3,ecommerce,1864.36,True,True,True,RETRY_PAYMENT,1773.75
txn_96c864ca5780,cust_cf708fbe,2026-08-22 23:39:16.307955,1281.52,USD,upi,failed,authentication_failed,OTP or 3D secure authentication failed.,443,15,2,2,1123.45,True,3,27,mid_market,1358.85,True,True,True,RETRY_PAYMENT,1281.52
txn_5021b292dbf0,cust_79e304bd,2026-08-04 04:53:16.248632,474.85,INR,card,failed,insufficient_funds,Customer account has insufficient balance.,36,34,1,1,314.72,False,1,2,smb_saas,490.22,True,True,True,SEND_RECOVERY_MESSAGE,474.85
txn_427a9524df3b,cust_9c8ff073,2026-08-08 17:15:16.340954,465.17,INR,wallet,failed,limit_exceeded,Transaction exceeds customer limits.,147,17,5,2,534.53,True,3,10,ecommerce,501.55,True,True,False,CREATE_ESCALATION,0.0
txn_5e353c079359,cust_46ff0239,2026-08-06 12:14:16.344954,225.86,INR,netbanking,failed,limit_exceeded,Transaction exceeds customer limits.,156,2,5,4,433.14,False,3,23,smb_saas,255.57,True,True,False,CREATE_ESCALATION,0.0
txn_0ba7cbf3ae1d,cust_66697474,2026-08-17 15:21:16.224629,201.99,INR,upi,failed,insufficient_funds,Customer account has insufficient balance.,640,46,4,2,356.27,False,0,2,ecommerce,206.54,True,True,False,CREATE_ESCALATION,0.0
txn_e8af134b09a1,cust_04cdad87,2026-08-21 11:31:16.333954,595.8,INR,card,failed,authentication_failed,OTP or 3D secure authentication failed.,184,37,0,0,507.59,True,2,20,smb_saas,644.93,True,True,False,CREATE_ESCALATION,0.0
txn_497db3002b27,cust_5fb5af28,2026-07-26 05:07:16.254632,39955.26,USD,wallet,failed,limit_exceeded,Transaction exceeds customer limits.,841,17,5,0,32149.7,False,0,16,high_value,40004.6,True,True,False,CREATE_ESCALATION,0.0
txn_59168e2c51f9,cust_7ab44907,2026-08-16 21:42:16.294364,889.11,INR,card,failed,insufficient_funds,Customer account has insufficient balance.,906,28,2,2,888.03,False,0,15,mid_market,930.71,True,True,False,CREATE_ESCALATION,0.0
txn_18c0f212ccde,cust_404115f3,2026-07-28 12:35:16.287327,732.76,USD,netbanking,failed,insufficient_funds,Customer account has insufficient balance.,213,35,5,4,609.96,True,2,25,ecommerce,830.04,True,False,False,CREATE_ESCALATION,0.0
txn_3642ab62fb94,cust_fa8014b5,2026-08-10 13:25:16.254632,6749.93,INR,wallet,failed,authentication_failed,OTP or 3D secure authentication failed.,352,15,2,0,8652.47,False,2,8,enterprise,6756.8,True,True,True,RETRY_PAYMENT,6749.93
txn_bff17a7efc95,cust_5c64c228,2026-08-24 13:25:16.310954,651.98,USD,netbanking,failed,insufficient_funds,Customer account has insufficient balance.,393,32,2,0,643.54,False,3,21,smb_saas,685.17,True,False,False,CREATE_ESCALATION,0.0
txn_7a00fe4b3372,cust_c0e3f872,2026-07-29 14:12:16.266812,54.9,INR,card,failed,authentication_failed,OTP or 3D secure authentication failed.,158,15,2,0,30.89,False,2,13,smb_saas,108.42,True,True,False,CREATE_ESCALATION,0.0
txn_c8865fb76a95,cust_087775c0,2026-07-26 22:04:16.260223,762.08,INR,card,failed,authentication_failed,OTP or 3D secure authentication failed.,827,34,0,0,1442.31,False,3,27,ecommerce,827.65,True,True,False,CREATE_ESCALATION,0.0
txn_5c8b11b6650d,cust_c848ba10,2026-08-07 13:35:16.244491,2288.01,USD,upi,failed,limit_exceeded,Transaction exceeds customer limits.,456,1,4,0,4353.94,False,0,25,mid_market,2381.43,True,False,False,CREATE_ESCALATION,0.0
txn_c05edf19ae22,cust_cdf0c721,2026-08-08 01:12:16.290365,333.22,INR,card,failed,limit_exceeded,Transaction exceeds customer limits.,896,41,1,0,534.1,False,1,14,ecommerce,339.45,True,False,False,CREATE_ESCALATION,0.0
txn_84a9e606163b,cust_1d434b0e,2026-07-31 01:25:16.275813,4014.06,INR,netbanking,failed,authentication_failed,OTP or 3D secure authentication failed.,473,30,4,3,3224.4,True,1,27,enterprise,4097.51,True,True,True,RETRY_PAYMENT,4014.06
txn_3fadd4919824,cust_7503dae0,2026-08-02 01:24:16.227825,4621.97,INR,card,failed,insufficient_funds,Customer account has insufficient balance.,55,42,0,0,4161.93,False,2,21,mid_market,4647.03,True,True,False,CREATE_ESCALATION,0.0
txn_292c68c95f3b,cust_77cab0b9,2026-08-12 09:45:16.296954,21.25,INR,card,failed,bank_timeout,Issuing bank did not respond in time.,282,43,1,0,11.56,False,0,6,smb_saas,30.07,True,True,True,WAIT_AND_RETRY,21.25
txn_bf84189d9749,cust_51a3d871,2026-07-26 16:30:16.254632,378.03,USD,upi,failed,bank_timeout,Issuing bank did not respond in time.,475,31,1,1,627.0,False,1,19,smb_saas,412.68,True,True,True,WAIT_AND_RETRY,378.03
txn_4c2ae26d2eaf,cust_be660535,2026-07-26 15:06:16.273812,1177.18,INR,upi,failed,bank_timeout,Issuing bank did not respond in time.,629,38,3,1,1785.29,True,2,0,ecommerce,1200.98,True,True,True,WAIT_AND_RETRY,1177.18
txn_b0e9a879c33f,cust_3446120d,2026-07-27 15:14:16.260223,880.87,INR,netbanking,failed,bank_timeout,Issuing bank did not respond in time.,996,18,0,0,1130.36,False,0,23,ecommerce,900.86,True,True,True,WAIT_AND_RETRY,880.87
txn_0e595f3417cb,cust_a650bc62,2026-07-28 15:12:16.334955,111.21,INR,wallet,failed,insufficient_funds,Customer account has insufficient balance.,407,12,3,0,170.6,False,3,16,smb_saas,192.2,True,True,False,CREATE_ESCALATION,0.0
txn_b1656dfa8087,cust_ca1374d2,2026-08-19 00:55:16.336954,1528.93,INR,wallet,failed,insufficient_funds,Customer account has insufficient balance.,747,19,5,1,998.88,False,0,23,ecommerce,1604.64,True,True,False,CREATE_ESCALATION,0.0
txn_b5a6df2f7f4e,cust_15f74ad3,2026-07-29 14:44:16.333954,239.38,INR,wallet,failed,temporary_bank_failure,Bank is experiencing intermittent issues.,154,23,3,0,266.46,False,0,27,smb_saas,287.47,True,True,True,WAIT_AND_RETRY,239.38
txn_bcbb87a4aca1,cust_997ea62c,2026-08-04 15:37:16.288365,10.21,INR,netbanking,failed,temporary_bank_failure,Bank is experiencing intermittent issues.,450,4,3,2,6.19,False,2,15,smb_saas,105.15,True,True,False,CREATE_ESCALATION,0.0
txn_95761813bae8,cust_521933e8,2026-07-30 18:15:16.249632,287.54,INR,card,failed,limit_exceeded,Transaction exceeds customer limits.,876,50,4,2,190.99,True,1,30,smb_saas,308.55,True,True,False,CREATE_ESCALATION,0.0
txn_32d57c06927d,cust_354a6761,2026-08-07 04:31:16.284812,663.03,INR,netbanking,failed,insufficient_funds,Customer account has insufficient balance.,787,50,2,2,993.91,False,0,25,ecommerce,676.61,True,True,True,SEND_RECOVERY_MESSAGE,663.03
txn_8961b9735aeb,cust_66657393,2026-08-24 10:26:16.322954,20.0,INR,upi,failed,temporary_bank_failure,Bank is experiencing intermittent issues.,593,28,4,3,10.08,False,3,15,ecommerce,23.9,True,True,True,WAIT_AND_RETRY,20.0
txn_90a93c6d712c,cust_ee370568,2026-07-28 10:24:16.298954,406.71,INR,upi,failed,insufficient_funds,Customer account has insufficient balance.,457,31,1,0,219.39,False,1,14,ecommerce,435.38,True,False,False,CREATE_ESCALATION,0.0
txn_07ba02dc250d,cust_55f68dc9,2026-07-25 20:15:16.224629,3708.95,INR,wallet,failed,authentication_failed,OTP or 3D secure authentication failed.,751,50,2,0,2633.12,False,1,29,mid_market,3797.89,True,False,False,CREATE_ESCALATION,0.0
txn_40b4111a292b,cust_a87da169,2026-08-21 17:36:16.359096,219.0,INR,upi,failed,insufficient_funds,Customer account has insufficient balance.,9,33,1,1,423.52,True,1,18,mid_market,227.19,True,False,False,CREATE_ESCALATION,0.0
txn_f7604f8d4246,cust_d576d4ff,2026-08-20 10:34:16.350954,21073.5,USD,card,failed,insufficient_funds,Customer account has insufficient balance.,186,38,2,2,18974.2,True,0,26,high_value,21134.99,True,True,False,CREATE_ESCALATION,0.0
txn_7ed9c6f14873,cust_fe72b478,2026-08-24 20:46:16.317954,195.79,INR,card,failed,insufficient_funds,Customer account has insufficient balance.,704,24,1,0,114.34,False,1,13,smb_saas,279.75,True,True,False,CREATE_ESCALATION,0.0
txn_92b107241fca,cust_a74f4444,2026-08-14 05:00:16.298954,1039.85,INR,card,failed,insufficient_funds,Customer account has insufficient balance.,273,13,2,1,1098.44,False,1,25,mid_market,1079.46,True,True,False,CREATE_ESCALATION,0.0
txn_8c8f48baa4df,cust_0854924f,2026-08-25 14:00:16.354544,183.29,INR,card,failed,fraud_suspected,Transaction flagged by risk engine.,526,12,2,0,119.27,False,1,11,smb_saas,250.94,True,True,False,STOP_AUTOMATION,0.0
txn_198bb2fcc4b3,cust_f622d0c8,2026-08-05 10:11:16.308955,6781.7,INR,wallet,failed,authentication_failed,OTP or 3D secure authentication failed.,346,48,5,1,7990.92,False,3,16,mid_market,6867.31,True,True,True,RETRY_PAYMENT,6781.7
txn_fcf9b335ad0f,cust_70fec558,2026-08-04 17:33:16.326954,1629.64,INR,netbanking,failed,fraud_suspected,Transaction flagged by risk engine.,269,33,0,0,1810.87,True,1,22,mid_market,1673.53,True,True,False,STOP_AUTOMATION,0.0
txn_dd654c91ee4b,cust_88d40bcc,2026-07-28 06:55:16.226780,1092.25,INR,wallet,failed,limit_exceeded,Transaction exceeds customer limits.,702,6,1,0,1038.42,False,2,8,mid_market,1165.13,True,True,False,CREATE_ESCALATION,0.0
txn_458b3cf02f15,cust_b8e67ba0,2026-07-28 16:27:16.318954,296.35,INR,netbanking,failed,limit_exceeded,Transaction exceeds customer limits.,499,14,1,1,185.78,False,0,10,smb_saas,384.61,True,True,False,CREATE_ESCALATION,0.0
txn_03a82f214c6b,cust_e41ebd47,2026-08-21 02:42:16.259223,4574.74,INR,netbanking,failed,authentication_failed,OTP or 3D secure authentication failed.,439,29,3,1,4834.93,False,3,26,mid_market,4590.73,True,True,True,RETRY_PAYMENT,4574.74
txn_693bbd3fc1af,cust_a993f78e,2026-08-12 23:13:16.291365,2923.02,INR,upi,failed,bank_timeout,Issuing bank did not respond in time.,948,31,2,2,5155.67,False,1,5,mid_market,2962.54,True,True,True,WAIT_AND_RETRY,2923.02
txn_55538b89394c,cust_d057f750,2026-08-14 01:51:16.340954,5694.2,INR,card,failed,insufficient_funds,Customer account has insufficient balance.,314,13,4,1,5796.52,True,3,30,enterprise,5761.45,True,True,False,CREATE_ESCALATION,0.0
txn_968445cabce9,cust_8a69bc7a,2026-08-11 06:16:16.326954,306.75,INR,upi,failed,bank_timeout,Issuing bank did not respond in time.,903,18,1,1,339.61,True,0,29,mid_market,368.92,True,True,True,WAIT_AND_RETRY,306.75
txn_83b82b4c857d,cust_175dfdd1,2026-08-24 11:12:16.336954,3442.07,USD,card,failed,bank_timeout,Issuing bank did not respond in time.,901,12,2,1,4606.91,True,0,12,mid_market,3476.75,True,True,True,WAIT_AND_RETRY,3442.07
txn_1a243747ecbd,cust_9da36a97,2026-08-04 07:29:16.300954,2849.97,INR,netbanking,failed,insufficient_funds,Customer account has insufficient balance.,66,4,4,1,2915.57,False,3,22,enterprise,2868.45,True,True,False,CREATE_ESCALATION,0.0
txn_4f914b4ae721,cust_1b847dfd,2026-08-08 15:30:16.259223,438.87,INR,upi,failed,insufficient_funds,Customer account has insufficient balance.,860,18,2,1,864.8,True,1,19,ecommerce,518.29,True,True,True,SEND_RECOVERY_MESSAGE,438.87
txn_f5ce69d19f2f,cust_bdf6c327,2026-08-01 20:07:16.226780,10.0,INR,wallet,failed,limit_exceeded,Transaction exceeds customer limits.,790,36,0,0,14.04,False,1,20,smb_saas,66.56,True,False,True,RETRY_PAYMENT,10.0
txn_b6d737d5440e,cust_c9b1036b,2026-08-05 11:59:16.353498,59.07,INR,card,failed,insufficient_funds,Customer account has insufficient balance.,625,2,2,1,62.5,False,3,13,smb_saas,118.79,True,True,False,CREATE_ESCALATION,0.0
txn_c7f4aed03ee6,cust_03e71cfb,2026-07-28 01:46:16.357097,5416.35,INR,upi,failed,bank_timeout,Issuing bank did not respond in time.,561,22,4,1,4886.82,False,2,29,mid_market,5495.52,True,False,True,WAIT_AND_RETRY,5416.35
txn_4351b1ad70c0,cust_46abbd6e,2026-07-31 19:08:16.356096,71.87,USD,netbanking,failed,authentication_failed,OTP or 3D secure authentication failed.,306,27,1,0,39.55,True,2,17,ecommerce,141.18,True,True,True,RETRY_PAYMENT,71.87
txn_cfb98b61ce59,cust_baa18c16,2026-08-06 21:01:16.273812,865.52,INR,netbanking,failed,bank_timeout,Issuing bank did not respond in time.,836,26,5,1,1147.86,False,3,8,mid_market,956.46,True,True,True,WAIT_AND_RETRY,865.52
txn_1accc4c00d35,cust_5ec4da43,2026-08-03 23:00:16.359096,9534.13,USD,netbanking,failed,limit_exceeded,Transaction exceeds customer limits.,312,39,5,0,10565.07,False,2,18,enterprise,9540.43,True,True,False,CREATE_ESCALATION,0.0
txn_53abbbb68048,cust_1fb6b5b3,2026-08-01 14:50:16.365098,291.9,INR,upi,failed,insufficient_funds,Customer account has insufficient balance.,276,21,5,5,339.0,True,0,14,smb_saas,297.5,True,True,False,CREATE_ESCALATION,0.0
txn_a65116f6a906,cust_08d368f9,2026-08-19 22:24:16.261223,327.32,INR,netbanking,failed,bank_timeout,Issuing bank did not respond in time.,393,25,2,1,439.94,True,3,24,smb_saas,417.04,True,False,True,WAIT_AND_RETRY,327.32
txn_235c44e38d2d,cust_c66c025c,2026-08-02 07:02:16.286812,6881.36,INR,card,failed,limit_exceeded,Transaction exceeds customer limits.,955,46,3,0,6065.48,False,3,4,mid_market,6883.45,True,True,False,CREATE_ESCALATION,0.0
txn_27e4ab732b49,cust_e8b3aa19,2026-08-11 06:11:16.294364,648.73,USD,upi,failed,limit_exceeded,Transaction exceeds customer limits.,862,45,2,0,1036.05,True,0,6,smb_saas,656.51,True,True,False,CREATE_ESCALATION,0.0
txn_053e8d36e3c0,cust_c373a70c,2026-07-27 02:01:16.311954,241.63,USD,upi,failed,insufficient_funds,Customer account has insufficient balance.,108,35,4,3,132.54,True,2,12,ecommerce,252.53,True,False,True,SEND_RECOVERY_MESSAGE,241.63
txn_1046da057dcc,cust_4b16f28b,2026-08-11 22:17:16.311954,289.76,INR,upi,failed,insufficient_funds,Customer account has insufficient balance.,317,50,2,0,263.99,False,3,8,ecommerce,366.85,True,True,False,CREATE_ESCALATION,0.0
txn_b09d4dfba0b6,cust_832ce5b3,2026-08-21 20:11:16.342954,51.84,INR,wallet,failed,fraud_suspected,Transaction flagged by risk engine.,58,40,0,0,78.71,False,3,4,smb_saas,109.73,True,True,True,RETRY_PAYMENT,51.84
txn_d381f99b5a45,cust_1f0280f1,2026-07-27 12:52:16.295908,737.98,INR,wallet,failed,bank_timeout,Issuing bank did not respond in time.,886,29,1,0,1134.14,True,1,2,ecommerce,765.92,True,True,True,WAIT_AND_RETRY,737.98
txn_bfbea1338cb5,cust_fb5e3416,2026-08-16 20:23:16.244491,1044.61,INR,netbanking,failed,insufficient_funds,Customer account has insufficient balance.,123,25,1,0,1391.55,False,1,16,mid_market,1144.17,True,True,True,SEND_RECOVERY_MESSAGE,1044.61
txn_695f1f22ed32,cust_aeaa7b74,2026-08-15 13:43:16.335955,4627.27,USD,netbanking,failed,insufficient_funds,Customer account has insufficient balance.,367,24,1,1,8849.27,False,2,5,mid_market,4640.65,True,True,True,SEND_RECOVERY_MESSAGE,4627.27
txn_f8f2a8ec7087,cust_212cd6db,2026-08-11 18:39:16.264223,147.01,INR,netbanking,failed,temporary_bank_failure,Bank is experiencing intermittent issues.,724,11,2,0,216.94,False,2,3,smb_saas,215.84,True,True,True,WAIT_AND_RETRY,147.01
txn_ff2dacc59dee,cust_af6cb77e,2026-08-20 09:18:16.358096,28.89,INR,wallet,failed,temporary_bank_failure,Bank is experiencing intermittent issues.,675,1,2,2,37.77,False,1,29,smb_saas,34.73,True,True,True,WAIT_AND_RETRY,28.89
txn_fa84a4e08c88,cust_ae58734d,2026-08-22 14:58:16.283812,3827.99,USD,upi,failed,insufficient_funds,Customer account has insufficient balance.,508,49,4,0,5855.41,False,0,9,mid_market,3829.4,True,True,True,SEND_RECOVERY_MESSAGE,3827.99
txn_50dc16737b5c,cust_da6c80cb,2026-08-15 01:10:16.230826,337.0,INR,card,failed,insufficient_funds,Customer account has insufficient balance.,89,27,3,1,524.71,False,3,19,smb_saas,372.56,True,True,True,SEND_RECOVERY_MESSAGE,337.0
txn_d90c2fa43cd1,cust_96454e96,2026-08-05 03:37:16.324955,57.1,INR,wallet,failed,insufficient_funds,Customer account has insufficient balance.,252,18,0,0,93.86,False,1,25,smb_saas,109.91,True,True,True,SEND_RECOVERY_MESSAGE,57.1
txn_c4fa11f6ce3a,cust_b3afc749,2026-08-09 14:08:16.252632,1345.72,INR,card,failed,limit_exceeded,Transaction exceeds customer limits.,629,18,4,4,2388.53,False,2,19,mid_market,1385.07,True,False,False,CREATE_ESCALATION,0.0
txn_87aaef8745ca,cust_40519f06,2026-08-14 04:15:16.291365,367.98,USD,card,failed,bank_timeout,Issuing bank did not respond in time.,61,20,5,0,678.39,True,0,20,smb_saas,458.77,True,True,True,WAIT_AND_RETRY,367.98
txn_2b59a7194580,cust_ab64c921,2026-08-23 10:25:16.285813,1334.84,INR,wallet,failed,insufficient_funds,Customer account has insufficient balance.,586,34,5,2,1829.93,False,0,14,ecommerce,1409.98,True,True,False,CREATE_ESCALATION,0.0
txn_fc7b3a4d46f3,cust_09459f0f,2026-08-19 08:13:16.363096,354.45,USD,netbanking,failed,authentication_failed,OTP or 3D secure authentication failed.,921,2,1,0,536.72,False,3,1,smb_saas,367.3,True,True,True,RETRY_PAYMENT,354.45
txn_d4a5d8e6b1bc,cust_6c21219f,2026-08-25 04:39:16.242826,1375.82,INR,card,failed,insufficient_funds,Customer account has insufficient balance.,734,32,5,5,1596.05,False,0,4,mid_market,1460.53,True,True,False,CREATE_ESCALATION,0.0
txn_ec2849cfa84e,cust_70afcad8,2026-08-10 12:32:16.227825,80.13,INR,card,failed,temporary_bank_failure,Bank is experiencing intermittent issues.,856,36,5,3,57.99,True,0,23,ecommerce,152.49,True,False,True,WAIT_AND_RETRY,80.13
txn_12012cf28588,cust_a43e7ef5,2026-08-06 08:25:16.284812,383.97,INR,wallet,failed,authentication_failed,OTP or 3D secure authentication failed.,970,35,0,0,575.82,True,1,12,ecommerce,430.96,True,True,True,RETRY_PAYMENT,383.97
txn_515eb1e947a1,cust_f81aba4f,2026-07-27 13:54:16.312954,617.64,INR,netbanking,failed,limit_exceeded,Transaction exceeds customer limits.,586,50,4,4,1142.87,True,2,29,ecommerce,638.81,True,True,True,RETRY_PAYMENT,617.64
txn_9f012d2f5d1a,cust_5c690de7,2026-07-31 04:58:16.355058,387.97,INR,upi,failed,insufficient_funds,Customer account has insufficient balance.,592,48,1,1,532.18,False,0,8,ecommerce,414.78,True,True,True,SEND_RECOVERY_MESSAGE,387.97
txn_5c041f07f2f0,cust_677ceca2,2026-07-26 04:14:16.348954,21.27,USD,wallet,failed,insufficient_funds,Customer account has insufficient balance.,665,42,1,0,39.76,True,3,3,ecommerce,44.39,True,True,False,CREATE_ESCALATION,0.0
txn_d228a1e80ce7,cust_d0b6fbe0,2026-07-29 00:36:16.223629,138.61,INR,wallet,failed,insufficient_funds,Customer account has insufficient balance.,767,43,2,2,148.53,False,2,3,mid_market,206.09,True,True,False,CREATE_ESCALATION,0.0
txn_f092ae3aff26,cust_7466d75c,2026-08-01 18:16:16.259223,1477.6,INR,netbanking,failed,bank_timeout,Issuing bank did not respond in time.,711,47,0,0,1922.75,True,3,10,ecommerce,1493.34,True,True,True,WAIT_AND_RETRY,1477.6
txn_d5bed2a5a089,cust_aa019b2e,2026-08-17 13:44:16.285813,131.4,INR,wallet,failed,fraud_suspected,Transaction flagged by risk engine.,485,27,5,2,131.92,False,1,7,ecommerce,200.67,True,True,False,STOP_AUTOMATION,0.0
txn_3096dbf96683,cust_a319255a,2026-08-10 18:58:16.288365,2707.09,INR,wallet,failed,insufficient_funds,Customer account has insufficient balance.,532,16,0,0,1408.57,False,0,0,mid_market,2736.38,True,True,False,CREATE_ESCALATION,0.0
txn_53ae6a640311,cust_7cc5daa6,2026-08-24 21:46:16.230826,298.69,INR,netbanking,failed,fraud_suspected,Transaction flagged by risk engine.,117,43,2,1,326.79,False,0,26,smb_saas,316.25,True,True,False,STOP_AUTOMATION,0.0
txn_51f43b3e7de6,cust_a5ea992a,2026-08-03 00:25:16.224629,2646.8,INR,wallet,failed,authentication_failed,OTP or 3D secure authentication failed.,816,46,5,5,1429.19,False,1,23,mid_market,2651.94,True,True,False,CREATE_ESCALATION,0.0
txn_221dcf3dac84,cust_72aecede,2026-08-06 02:52:16.244491,648.51,INR,wallet,failed,insufficient_funds,Customer account has insufficient balance.,714,43,2,1,550.49,False,3,4,mid_market,725.14,True,False,False,CREATE_ESCALATION,0.0
txn_00d7d0e8f92f,cust_37192530,2026-08-25 10:39:16.328954,183.2,USD,card,failed,authentication_failed,OTP or 3D secure authentication failed.,696,49,0,0,214.65,True,3,18,ecommerce,246.51,True,True,True,RETRY_PAYMENT,183.2
txn_4357757d8de5,cust_aa6ce8ab,2026-08-19 06:12:16.279813,1210.64,USD,netbanking,failed,limit_exceeded,Transaction exceeds customer limits.,497,37,3,1,1393.64,False,0,2,mid_market,1291.91,True,True,False,CREATE_ESCALATION,0.0
txn_a801d1278e25,cust_e1ba1f12,2026-08-05 08:23:16.356096,817.25,USD,card,failed,insufficient_funds,Customer account has insufficient balance.,643,31,3,3,788.38,True,1,17,ecommerce,857.8,True,True,True,SEND_RECOVERY_MESSAGE,817.25
txn_abdc3f9fa63e,cust_6e9998a0,2026-08-22 01:22:16.301954,107.4,INR,upi,failed,authentication_failed,OTP or 3D secure authentication failed.,400,3,0,0,89.51,False,2,26,ecommerce,154.54,True,True,False,CREATE_ESCALATION,0.0
txn_be309d2104a0,cust_1810661a,2026-08-09 05:34:16.295908,52.16,INR,wallet,failed,insufficient_funds,Customer account has insufficient balance.,925,2,1,0,29.56,False,3,12,ecommerce,75.4,True,True,True,SEND_RECOVERY_MESSAGE,52.16
txn_61d4d285dc05,cust_ffc52af6,2026-08-08 04:37:16.288365,131.51,USD,card,failed,authentication_failed,OTP or 3D secure authentication failed.,970,47,4,1,93.48,False,0,19,smb_saas,231.06,True,True,True,RETRY_PAYMENT,131.51
txn_5e2e5561966d,cust_e7d125b7,2026-08-07 16:11:16.228825,471.35,INR,upi,failed,insufficient_funds,Customer account has insufficient balance.,982,39,2,1,365.71,False,3,22,ecommerce,546.57,True,True,True,SEND_RECOVERY_MESSAGE,471.35
txn_fb356ed13553,cust_ecaa3500,2026-08-17 20:56:16.267812,2951.46,INR,upi,failed,insufficient_funds,Customer account has insufficient balance.,203,50,3,3,5902.29,False,2,22,mid_market,3004.18,True,True,False,CREATE_ESCALATION,0.0
txn_0a9f91b6ee08,cust_1e06f09f,2026-08-17 02:16:16.243446,34.26,INR,wallet,failed,temporary_bank_failure,Bank is experiencing intermittent issues.,103,22,2,1,60.12,False,2,7,ecommerce,134.23,True,True,True,WAIT_AND_RETRY,34.26
txn_6846805654ae,cust_bf9962fb,2026-08-11 23:15:16.366097,2409.94,USD,upi,failed,insufficient_funds,Customer account has insufficient balance.,630,29,1,1,3057.17,True,0,16,enterprise,2425.79,True,False,False,CREATE_ESCALATION,0.0
txn_5d31d2be77b9,cust_85b1e0d2,2026-07-28 16:23:16.294364,21914.85,USD,wallet,failed,temporary_bank_failure,Bank is experiencing intermittent issues.,935,23,1,0,21931.04,False,3,6,enterprise,21997.66,True,True,True,WAIT_AND_RETRY,21914.85
txn_5a848216a264,cust_6092618f,2026-08-14 09:09:16.344954,547.72,INR,wallet,failed,insufficient_funds,Customer account has insufficient balance.,695,36,5,4,494.23,False,0,4,ecommerce,627.98,True,True,True,SEND_RECOVERY_MESSAGE,547.72
txn_a684228ad67c,cust_cbe87af5,2026-08-02 02:56:16.302954,93.67,INR,netbanking,failed,bank_timeout,Issuing bank did not respond in time.,236,2,5,4,175.33,False,3,24,ecommerce,177.34,True,True,True,WAIT_AND_RETRY,93.67
txn_b26931739442,cust_d2c2e07e,2026-07-27 13:24:16.342954,911.98,INR,wallet,failed,authentication_failed,OTP or 3D secure authentication failed.,25,25,1,1,901.71,False,2,13,smb_saas,986.65,True,True,False,CREATE_ESCALATION,0.0
txn_14ca32c1a8ee,cust_e0cdccde,2026-08-08 15:23:16.246043,292.2,INR,upi,failed,insufficient_funds,Customer account has insufficient balance.,9,20,1,1,371.06,True,0,12,ecommerce,305.69,True,True,True,SEND_RECOVERY_MESSAGE,292.2
txn_cf4d2f71e133,cust_5121d949,2026-08-05 21:31:16.292365,4344.57,INR,wallet,failed,insufficient_funds,Customer account has insufficient balance.,7,2,1,0,3458.03,False,3,2,mid_market,4389.3,True,True,False,CREATE_ESCALATION,0.0
txn_78abb58f7a7c,cust_2c17b373,2026-08-17 05:34:16.298954,3756.85,INR,card,failed,bank_timeout,Issuing bank did not respond in time.,584,46,1,0,5921.69,True,2,28,enterprise,3833.33,True,True,True,WAIT_AND_RETRY,3756.85
txn_59aff8c44d0b,cust_7afcb578,2026-08-05 23:09:16.237825,695.1,INR,upi,failed,bank_timeout,Issuing bank did not respond in time.,549,1,4,4,1140.97,True,2,3,smb_saas,784.96,True,True,True,WAIT_AND_RETRY,695.1
txn_44ad6447c6bf,cust_d8c67e2d,2026-08-19 03:03:16.288365,100.0,INR,upi,failed,limit_exceeded,Transaction exceeds customer limits.,918,0,2,1,127.6,True,1,-1,mid_market,180.65,True,True,False,CREATE_ESCALATION,0.0
txn_c09b1f269fdd,cust_d900d1b6,2026-08-16 01:32:16.288365,838.17,USD,netbanking,failed,insufficient_funds,Customer account has insufficient balance.,872,48,4,2,1546.89,True,1,20,ecommerce,913.05,True,True,False,CREATE_ESCALATION,0.0
txn_524912b236a3,cust_4d8fea38,2026-08-21 19:40:16.318954,1163.72,INR,netbanking,failed,authentication_failed,OTP or 3D secure authentication failed.,831,4,2,1,1431.16,False,0,24,ecommerce,1191.73,True,True,True,RETRY_PAYMENT,1163.72
txn_ba8f73fe5a78,cust_fd9db23f,2026-08-06 01:52:16.342954,4617.15,INR,card,failed,bank_timeout,Issuing bank did not respond in time.,561,4,1,0,6523.33,True,0,14,enterprise,4664.13,True,True,True,WAIT_AND_RETRY,4617.15
txn_269e1c85dd7c,cust_2e4b8ddd,2026-08-11 19:43:16.245325,61.63,USD,card,failed,insufficient_funds,Customer account has insufficient balance.,660,48,3,0,64.89,False,1,14,smb_saas,124.22,True,True,False,CREATE_ESCALATION,0.0
txn_1a7146c42a31,cust_eba72116,2026-08-07 02:20:16.368097,32.95,INR,upi,failed,authentication_failed,OTP or 3D secure authentication failed.,332,37,2,1,24.79,False,1,13,smb_saas,104.23,True,False,True,RETRY_PAYMENT,32.95
txn_242c9cc28a6f,cust_4cc4d708,2026-08-02 19:05:16.256176,991.91,USD,upi,failed,temporary_bank_failure,Bank is experiencing intermittent issues.,669,14,4,3,1383.41,False,0,4,mid_market,1088.01,True,True,True,WAIT_AND_RETRY,991.91
txn_b663ca007481,cust_94dd3ce7,2026-08-21 08:41:16.303954,6470.98,INR,wallet,failed,insufficient_funds,Customer account has insufficient balance.,113,29,1,1,4163.81,False,1,13,enterprise,6488.2,True,True,False,CREATE_ESCALATION,0.0
txn_7b0c470a6b1d,cust_beec99e9,2026-08-05 18:49:16.251632,1058.68,INR,netbanking,failed,bank_timeout,Issuing bank did not respond in time.,86,43,1,0,1947.39,False,1,14,ecommerce,1148.79,True,True,True,WAIT_AND_RETRY,1058.68
txn_673362169b4f,cust_79ddf2c8,2026-08-18 02:56:16.329954,156.31,INR,netbanking,failed,authentication_failed,OTP or 3D secure authentication failed.,208,31,5,2,165.36,False,1,15,ecommerce,210.45,True,True,False,CREATE_ESCALATION,0.0
txn_0a80e9ee3d0f,cust_0cddff52,2026-07-31 19:57:16.237825,41.01,USD,upi,failed,temporary_bank_failure,Bank is experiencing intermittent issues.,18,23,4,3,79.41,False,0,29,smb_saas,75.94,True,True,False,CREATE_ESCALATION,0.0
txn_958fe4aa62cc,cust_6ce92616,2026-07-28 07:51:16.346954,1961.66,INR,card,failed,authentication_failed,OTP or 3D secure authentication failed.,644,25,1,0,2863.83,False,1,6,ecommerce,1993.53,True,False,False,CREATE_ESCALATION,0.0
txn_2986fff1f911,cust_e044e288,2026-07-27 23:27:16.345955,4669.49,INR,card,failed,insufficient_funds,Customer account has insufficient balance.,911,34,0,0,5459.09,False,2,19,mid_market,4749.67,True,True,True,SEND_RECOVERY_MESSAGE,4669.49
txn_778c50e0072d,cust_98327cd5,2026-08-14 10:35:16.314954,2300.24,INR,wallet,failed,temporary_bank_failure,Bank is experiencing intermittent issues.,455,33,3,1,2151.3,False,3,29,ecommerce,2381.8,True,True,True,WAIT_AND_RETRY,2300.24
txn_ba2134fbfb67,cust_7fb2f2dc,2026-08-14 06:30:16.294364,3236.95,INR,upi,failed,authentication_failed,OTP or 3D secure authentication failed.,617,37,2,0,1966.32,False,2,2,mid_market,3334.06,True,True,True,RETRY_PAYMENT,3236.95
txn_0c5b50b66b1d,cust_1671577a,2026-08-06 22:06:16.261223,247.05,USD,card,failed,temporary_bank_failure,Bank is experiencing intermittent issues.,113,11,5,3,383.86,False,2,18,smb_saas,293.07,True,True,True,WAIT_AND_RETRY,247.05
txn_84248235cb73,cust_fce5ea59,2026-08-20 12:52:16.258223,1880.86,INR,card,failed,authentication_failed,OTP or 3D secure authentication failed.,233,32,2,2,3439.07,False,2,5,mid_market,1890.0,True,True,True,RETRY_PAYMENT,1880.86
txn_74b4af5880d3,cust_29cdd0b6,2026-08-04 20:55:16.322954,263.86,INR,upi,failed,limit_exceeded,Transaction exceeds customer limits.,302,24,2,1,233.84,False,2,18,smb_saas,275.98,True,True,True,RETRY_PAYMENT,263.86
txn_232619268cfc,cust_121f1585,2026-08-04 19:46:16.307955,1871.49,INR,card,failed,bank_timeout,Issuing bank did not respond in time.,876,5,5,1,2154.67,False,0,20,enterprise,1969.29,True,True,True,WAIT_AND_RETRY,1871.49
txn_e3c00e5b8ef7,cust_1f892ba2,2026-08-23 03:51:16.367097,1238.47,INR,card,failed,fraud_suspected,Transaction flagged by risk engine.,711,1,2,2,701.64,True,2,12,mid_market,1316.54,True,True,False,STOP_AUTOMATION,0.0
txn_b589309acb76,cust_09b45fd7,2026-08-16 23:41:16.296954,727.7,INR,wallet,failed,insufficient_funds,Customer account has insufficient balance.,197,44,0,0,1365.36,True,0,9,smb_saas,784.54,True,True,False,CREATE_ESCALATION,0.0
txn_4055024c9861,cust_37593a56,2026-08-07 16:55:16.268812,406.4,INR,upi,failed,temporary_bank_failure,Bank is experiencing intermittent issues.,504,44,5,2,268.03,False,3,10,smb_saas,505.44,True,True,True,WAIT_AND_RETRY,406.4
txn_c3fe04468238,cust_f0d198b4,2026-07-31 13:07:16.325954,1000.0,INR,netbanking,failed,insufficient_funds,Customer account has insufficient balance.,704,26,2,0,1358.52,True,2,10,enterprise,1036.62,True,True,False,CREATE_ESCALATION,0.0
txn_7573a2686e5c,cust_981a6157,2026-08-03 01:27:16.318954,894.11,USD,upi,failed,authentication_failed,OTP or 3D secure authentication failed.,146,41,3,3,1275.75,True,1,30,ecommerce,961.24,True,True,True,RETRY_PAYMENT,894.11
txn_0afcafbf18c5,cust_0d581709,2026-08-08 20:03:16.282812,244.91,INR,card,failed,bank_timeout,Issuing bank did not respond in time.,440,43,5,5,336.52,False,3,30,smb_saas,258.78,True,True,True,WAIT_AND_RETRY,244.91
txn_9c1e24a189be,cust_d7194b8b,2026-08-23 21:47:16.290365,918.31,INR,upi,failed,limit_exceeded,Transaction exceeds customer limits.,774,50,4,1,1774.16,False,2,13,ecommerce,924.51,True,True,False,CREATE_ESCALATION,0.0
txn_004147d6de9b,cust_6e32fd2a,2026-08-15 02:09:16.265766,100.61,INR,card,failed,limit_exceeded,Transaction exceeds customer limits.,145,28,4,4,107.26,False,1,0,smb_saas,176.52,True,True,False,CREATE_ESCALATION,0.0
txn_732ee5827750,cust_e19838fe,2026-08-15 19:52:16.268812,44633.23,USD,netbanking,failed,authentication_failed,OTP or 3D secure authentication failed.,479,15,4,3,32924.91,True,0,16,high_value,44725.8,True,True,True,RETRY_PAYMENT,44633.23
txn_bad950815c47,cust_45ed7651,2026-08-08 06:06:16.253632,46.58,INR,upi,failed,insufficient_funds,Customer account has insufficient balance.,908,33,1,0,88.64,False,1,29,smb_saas,88.37,True,True,True,SEND_RECOVERY_MESSAGE,46.58
txn_7b7089c73b20,cust_b8055a0b,2026-07-31 17:00:16.233825,394.68,INR,netbanking,failed,insufficient_funds,Customer account has insufficient balance.,412,16,4,4,465.66,False,1,28,smb_saas,396.54,True,True,False,CREATE_ESCALATION,0.0
txn_1ba5776a092a,cust_d32a8004,2026-08-02 22:43:16.256176,320.79,INR,wallet,failed,insufficient_funds,Customer account has insufficient balance.,878,42,3,1,307.99,False,2,16,smb_saas,408.23,True,True,True,SEND_RECOVERY_MESSAGE,320.79
txn_70504043c277,cust_aa840117,2026-07-27 17:51:16.254632,704.93,INR,netbanking,failed,authentication_failed,OTP or 3D secure authentication failed.,315,17,3,1,1161.04,False,2,24,ecommerce,719.04,True,True,False,CREATE_ESCALATION,0.0
txn_4a4b023a1aa6,cust_26c968d6,2026-08-08 00:01:16.306955,5602.52,INR,card,failed,temporary_bank_failure,Bank is experiencing intermittent issues.,316,31,2,0,6681.03,False,0,22,mid_market,5621.59,True,True,True,WAIT_AND_RETRY,5602.52
txn_722cba17d9c3,cust_f221a128,2026-08-23 23:47:16.229825,780.24,INR,card,failed,insufficient_funds,Customer account has insufficient balance.,512,5,5,4,786.2,False,0,1,ecommerce,815.79,True,True,False,CREATE_ESCALATION,0.0
txn_277431063f3f,cust_11253c56,2026-08-03 21:06:16.334955,299.84,INR,wallet,failed,insufficient_funds,Customer account has insufficient balance.,115,46,2,0,363.61,False,3,10,ecommerce,343.64,True,True,True,SEND_RECOVERY_MESSAGE,299.84
txn_594c3e75a4b0,cust_aa2097fa,2026-08-16 00:28:16.300954,26.41,INR,card,failed,insufficient_funds,Customer account has insufficient balance.,814,3,3,2,39.41,False,0,6,smb_saas,63.02,True,True,True,SEND_RECOVERY_MESSAGE,26.41
txn_2ed119b2ce1a,cust_55b2d76d,2026-08-02 00:46:16.351955,162.08,INR,netbanking,failed,insufficient_funds,Customer account has insufficient balance.,942,15,2,1,189.19,True,2,27,smb_saas,192.04,True,True,False,CREATE_ESCALATION,0.0
txn_68c5e0cdd0d6,cust_aa8017cc,2026-08-02 17:19:16.313954,166.26,INR,wallet,failed,bank_timeout,Issuing bank did not respond in time.,522,1,5,3,93.9,True,2,14,smb_saas,193.18,True,True,True,WAIT_AND_RETRY,166.26
txn_32ccf0b68875,cust_e6325e9e,2026-08-13 01:43:16.347954,270.31,USD,netbanking,failed,insufficient_funds,Customer account has insufficient balance.,237,6,2,1,371.3,True,1,6,ecommerce,368.08,True,True,False,CREATE_ESCALATION,0.0
txn_853fe60a0e7d,cust_266d5242,2026-08-10 00:54:16.290365,15117.72,INR,netbanking,failed,insufficient_funds,Customer account has insufficient balance.,307,17,5,1,21712.02,False,1,23,high_value,15158.16,True,True,True,SEND_RECOVERY_MESSAGE,15117.72
txn_00caf5aca3fe,cust_38ceda5c,2026-07-27 13:54:16.284812,185.27,USD,upi,failed,temporary_bank_failure,Bank is experiencing intermittent issues.,406,40,1,0,181.17,False,3,8,ecommerce,273.85,True,True,True,WAIT_AND_RETRY,185.27
txn_265b64e25d8f,cust_b6e98195,2026-08-14 18:29:16.231825,428.03,USD,wallet,failed,temporary_bank_failure,Bank is experiencing intermittent issues.,82,9,5,5,551.99,False,2,14,ecommerce,479.72,True,True,True,WAIT_AND_RETRY,428.03
txn_475008699484,cust_e1baef81,2026-07-30 11:43:16.240825,3303.91,USD,netbanking,failed,authentication_failed,OTP or 3D secure authentication failed.,303,6,1,0,6424.05,False,2,13,mid_market,3400.85,True,True,False,CREATE_ESCALATION,0.0
txn_92dbf7c993fd,cust_8030f894,2026-08-18 19:00:16.242826,464.74,INR,wallet,failed,authentication_failed,OTP or 3D secure authentication failed.,651,38,2,2,503.57,False,0,10,smb_saas,498.8,True,True,True,RETRY_PAYMENT,464.74
txn_fc38957eda4c,cust_fe4bd67a,2026-08-20 08:20:16.281813,3967.75,USD,card,failed,insufficient_funds,Customer account has insufficient balance.,504,20,1,0,7054.17,False,1,19,mid_market,3995.13,True,True,False,CREATE_ESCALATION,0.0
txn_e494f7f40e35,cust_24583921,2026-08-04 20:46:16.251632,225.92,INR,netbanking,failed,limit_exceeded,Transaction exceeds customer limits.,753,24,4,4,309.27,False,1,28,ecommerce,314.59,True,True,True,RETRY_PAYMENT,225.92
txn_f250fea5b271,cust_d03fec3e,2026-08-12 10:39:16.289365,27.83,INR,wallet,failed,temporary_bank_failure,Bank is experiencing intermittent issues.,928,6,2,1,52.11,False,0,2,smb_saas,93.18,True,True,True,WAIT_AND_RETRY,27.83
txn_f7373ae36fc3,cust_81d4e30d,2026-08-23 06:27:16.311954,493.78,INR,card,failed,insufficient_funds,Customer account has insufficient balance.,232,18,0,0,286.35,False,1,13,smb_saas,500.38,True,True,True,SEND_RECOVERY_MESSAGE,493.78
txn_5611aaaffdf2,cust_1c036cf0,2026-08-02 09:17:16.345955,22.05,INR,netbanking,failed,limit_exceeded,Transaction exceeds customer limits.,84,45,0,0,21.19,False,0,6,smb_saas,66.29,True,True,False,CREATE_ESCALATION,0.0
txn_ce30b5286e14,cust_b70cdaa9,2026-08-17 05:56:16.329954,3324.69,INR,upi,failed,authentication_failed,OTP or 3D secure authentication failed.,272,31,1,0,1808.54,False,1,15,mid_market,3409.65,True,False,True,RETRY_PAYMENT,3324.69
txn_26bd2ac0fd2f,cust_d8c9f1e1,2026-08-14 03:15:16.280813,701.18,USD,upi,failed,insufficient_funds,Customer account has insufficient balance.,407,26,0,0,424.31,True,3,9,ecommerce,722.58,True,True,False,CREATE_ESCALATION,0.0
txn_9a6903b4266e,cust_07a9e3f5,2026-08-24 08:59:16.332954,276.03,USD,netbanking,failed,bank_timeout,Issuing bank did not respond in time.,520,32,0,0,431.09,True,2,4,smb_saas,314.1,True,True,True,WAIT_AND_RETRY,276.03
txn_4e5bb200f527,cust_5e72ff57,2026-08-10 22:19:16.264223,205.97,INR,wallet,failed,insufficient_funds,Customer account has insufficient balance.,286,34,3,2,408.18,False,0,17,smb_saas,267.95,True,True,False,CREATE_ESCALATION,0.0
txn_36ee9ad017b6,cust_1b59cd2c,2026-08-07 05:11:16.277813,6620.26,INR,card,failed,insufficient_funds,Customer account has insufficient balance.,862,13,1,0,12224.3,False,3,5,enterprise,6717.66,True,True,False,CREATE_ESCALATION,0.0
txn_a909b02dcde7,cust_8e04d3dd,2026-08-18 15:07:16.240825,237.93,USD,upi,failed,fraud_suspected,Transaction flagged by risk engine.,303,21,4,3,132.74,True,2,21,smb_saas,262.98,True,True,False,STOP_AUTOMATION,0.0
txn_d41adf37680e,cust_9083238d,2026-08-07 00:58:16.354544,91.71,USD,card,failed,limit_exceeded,Transaction exceeds customer limits.,279,12,4,1,159.97,True,2,28,ecommerce,110.83,True,True,False,CREATE_ESCALATION,0.0
txn_e825ccd01cc1,cust_bc2cee0a,2026-08-20 21:55:16.292365,2900.97,USD,netbanking,failed,fraud_suspected,Transaction flagged by risk engine.,850,18,3,3,5475.03,False,3,6,mid_market,2974.58,True,True,False,STOP_AUTOMATION,0.0
txn_40145c29be82,cust_503443c8,2026-08-09 21:08:16.286812,5000.0,INR,card,failed,insufficient_funds,Customer account has insufficient balance.,554,20,2,2,5856.66,True,3,16,high_value,5029.2,True,True,False,CREATE_ESCALATION,0.0
txn_653d9150f148,cust_e54daa4a,2026-08-08 02:58:16.359096,2058.65,INR,netbanking,failed,authentication_failed,OTP or 3D secure authentication failed.,248,17,1,1,3894.65,False,2,25,ecommerce,2135.28,True,True,True,RETRY_PAYMENT,2058.65
txn_132d72510d11,cust_04317eba,2026-08-10 22:35:16.328954,519.04,INR,card,failed,bank_timeout,Issuing bank did not respond in time.,33,17,2,0,495.42,True,0,25,smb_saas,568.52,True,True,True,WAIT_AND_RETRY,519.04
txn_5348ea60081b,cust_3fbea04e,2026-08-06 15:04:16.353498,509.67,INR,upi,failed,insufficient_funds,Customer account has insufficient balance.,479,28,1,0,457.9,False,2,9,ecommerce,533.63,True,True,False,CREATE_ESCALATION,0.0
txn_5ab66e0150a0,cust_285361c4,2026-08-01 18:39:16.285813,10.0,USD,card,failed,authentication_failed,OTP or 3D secure authentication failed.,389,20,4,2,9.27,False,0,18,smb_saas,32.41,True,True,True,RETRY_PAYMENT,10.0
txn_412c9647f193,cust_0f839387,2026-08-02 02:15:16.341954,162.25,INR,netbanking,failed,limit_exceeded,Transaction exceeds customer limits.,371,31,5,2,282.35,False,1,10,smb_saas,221.34,True,True,True,RETRY_PAYMENT,162.25
txn_c78cab77bfb1,cust_74512a00,2026-08-11 07:03:16.311954,12361.15,INR,card,failed,bank_timeout,Issuing bank did not respond in time.,883,2,4,4,12632.87,True,1,29,high_value,12369.69,True,True,False,CREATE_ESCALATION,0.0
txn_291cb9fd104d,cust_890c20ba,2026-08-25 07:50:16.337954,322.22,INR,netbanking,failed,insufficient_funds,Customer account has insufficient balance.,593,28,3,1,524.77,False,3,2,ecommerce,414.84,True,True,False,CREATE_ESCALATION,0.0
txn_02e342d3eb55,cust_b194294b,2026-08-04 11:59:16.276813,9779.51,USD,wallet,failed,insufficient_funds,Customer account has insufficient balance.,658,34,2,1,12652.53,False,3,11,enterprise,9783.19,True,True,False,CREATE_ESCALATION,0.0
txn_99578edbc70c,cust_f1b6bf4f,2026-08-04 21:33:16.320954,1397.73,INR,wallet,failed,bank_timeout,Issuing bank did not respond in time.,418,46,0,0,1841.66,False,0,28,enterprise,1482.97,True,False,True,WAIT_AND_RETRY,1397.73
txn_c0d7934ea5d7,cust_ed495dd6,2026-08-19 10:22:16.258223,298.83,INR,upi,failed,bank_timeout,Issuing bank did not respond in time.,211,12,3,0,154.99,False,2,9,ecommerce,370.09,True,False,True,WAIT_AND_RETRY,298.83
txn_465e9dfbe63c,cust_73512e58,2026-08-15 14:11:16.356096,263.95,INR,wallet,failed,authentication_failed,OTP or 3D secure authentication failed.,197,23,5,0,329.21,False,0,17,smb_saas,314.89,True,True,False,CREATE_ESCALATION,0.0
txn_04465d1724cf,cust_84c5cb6d,2026-07-29 09:41:16.296954,388.11,USD,card,failed,temporary_bank_failure,Bank is experiencing intermittent issues.,307,4,1,1,391.06,True,1,8,mid_market,469.21,True,True,True,WAIT_AND_RETRY,388.11
txn_320106604068,cust_f7a14fbe,2026-08-21 03:57:16.277813,1182.5,INR,upi,failed,insufficient_funds,Customer account has insufficient balance.,719,23,3,2,2350.48,True,2,6,ecommerce,1202.45,True,True,False,CREATE_ESCALATION,0.0
txn_de9fc1b5b872,cust_335f9e1b,2026-08-16 19:37:16.323954,866.67,INR,upi,failed,bank_timeout,Issuing bank did not respond in time.,82,32,0,0,614.63,False,3,6,ecommerce,890.77,True,False,True,WAIT_AND_RETRY,866.67
txn_08585aeeeff0,cust_53c4d8d2,2026-07-29 04:17:16.234825,487.94,INR,card,failed,insufficient_funds,Customer account has insufficient balance.,106,40,5,3,960.87,False,2,1,smb_saas,536.69,True,True,False,CREATE_ESCALATION,0.0
txn_51bde0f169a5,cust_d7a4a998,2026-07-30 10:24:16.328954,33090.06,USD,netbanking,failed,authentication_failed,OTP or 3D secure authentication failed.,75,6,4,2,33928.84,False,3,0,high_value,33134.31,True,True,False,CREATE_ESCALATION,0.0
txn_13b1f5caec7d,cust_d3abc6ff,2026-07-27 00:52:16.229825,179.06,INR,card,failed,limit_exceeded,Transaction exceeds customer limits.,224,7,1,1,176.69,True,2,18,smb_saas,191.02,True,True,True,RETRY_PAYMENT,179.06
txn_242e486b5352,cust_272c58cb,2026-08-04 03:52:16.360096,1056.78,INR,wallet,failed,insufficient_funds,Customer account has insufficient balance.,804,21,5,3,864.93,False,2,3,ecommerce,1081.89,True,True,False,CREATE_ESCALATION,0.0
txn_2b6104274238,cust_68829201,2026-08-22 14:35:16.246043,77.23,INR,netbanking,failed,bank_timeout,Issuing bank did not respond in time.,594,15,5,3,89.05,True,2,29,ecommerce,148.14,True,True,True,WAIT_AND_RETRY,77.23
txn_45ffd3d8f613,cust_a5f80080,2026-08-17 06:07:16.222629,1294.21,INR,card,failed,insufficient_funds,Customer account has insufficient balance.,637,36,0,0,1690.82,False,1,29,ecommerce,1329.11,True,True,True,SEND_RECOVERY_MESSAGE,1294.21
txn_c6b696883ca6,cust_f9435f4b,2026-08-07 14:23:16.291365,294.72,INR,card,failed,authentication_failed,OTP or 3D secure authentication failed.,940,22,0,0,414.06,False,1,15,ecommerce,387.57,True,True,False,CREATE_ESCALATION,0.0
txn_3b1668cc8b50,cust_e4aadbfe,2026-08-03 18:32:16.359096,3054.22,INR,card,failed,insufficient_funds,Customer account has insufficient balance.,696,0,3,3,4264.18,False,0,-1,mid_market,3111.52,True,True,False,CREATE_ESCALATION,0.0
txn_4cec336c1ffd,cust_3cc03e10,2026-07-27 14:31:16.319954,351.4,USD,wallet,failed,bank_timeout,Issuing bank did not respond in time.,683,33,1,1,219.7,False,3,23,smb_saas,409.7,True,True,False,CREATE_ESCALATION,0.0
txn_c590cb75ab75,cust_0aeac5b7,2026-08-21 00:37:16.341954,349.93,INR,upi,failed,limit_exceeded,Transaction exceeds customer limits.,744,40,4,1,229.04,True,1,17,ecommerce,388.11,True,True,True,RETRY_PAYMENT,349.93
txn_67d095e32603,cust_478c44f8,2026-07-25 19:45:16.297955,125.9,INR,wallet,failed,authentication_failed,OTP or 3D secure authentication failed.,713,28,5,2,203.56,False,0,24,smb_saas,164.58,True,True,False,CREATE_ESCALATION,0.0
txn_0dca611bea47,cust_7cab2a59,2026-08-21 05:29:16.246043,193.65,INR,upi,failed,authentication_failed,OTP or 3D secure authentication failed.,504,25,4,1,214.56,False,2,7,smb_saas,254.71,True,True,True,RETRY_PAYMENT,193.65
txn_fe17c5b929d5,cust_a5b8ecbd,2026-08-15 08:37:16.235826,126.35,INR,wallet,failed,insufficient_funds,Customer account has insufficient balance.,219,6,2,1,96.08,False,2,0,smb_saas,165.27,True,True,True,SEND_RECOVERY_MESSAGE,126.35
txn_50510d57027f,cust_46669192,2026-08-24 09:16:16.335955,69.09,INR,netbanking,failed,authentication_failed,OTP or 3D secure authentication failed.,845,0,2,0,88.64,False,2,-1,smb_saas,119.2,True,True,False,CREATE_ESCALATION,0.0
txn_4d8e9d95f2d7,cust_2a927dac,2026-08-18 23:43:16.224629,447.0,INR,wallet,failed,insufficient_funds,Customer account has insufficient balance.,9,6,3,1,815.19,False,3,11,smb_saas,451.52,True,True,False,CREATE_ESCALATION,0.0
txn_f0386ac52b30,cust_53ea0c0c,2026-07-27 17:14:16.270823,537.07,USD,upi,failed,bank_timeout,Issuing bank did not respond in time.,246,3,3,0,798.0,False,2,16,ecommerce,540.1,True,True,True,WAIT_AND_RETRY,537.07
txn_09afc89e650f,cust_c7def3af,2026-08-04 14:09:16.292365,714.65,INR,wallet,failed,temporary_bank_failure,Bank is experiencing intermittent issues.,52,40,3,0,1314.1,False,2,27,mid_market,722.72,True,True,True,WAIT_AND_RETRY,714.65
txn_c2812f80bcdf,cust_8db01746,2026-08-19 12:01:16.292365,620.48,INR,netbanking,failed,fraud_suspected,Transaction flagged by risk engine.,738,33,0,0,1037.99,True,2,1,smb_saas,668.07,True,True,False,STOP_AUTOMATION,0.0
txn_2d1dcb6e7cff,cust_2edba9f4,2026-08-03 05:33:16.285813,1060.62,INR,card,failed,authentication_failed,OTP or 3D secure authentication failed.,769,10,2,0,1116.17,False,1,25,ecommerce,1159.58,True,True,True,RETRY_PAYMENT,1060.62
txn_1208744a4fcb,cust_1a6222c2,2026-08-09 00:24:16.341954,732.72,INR,upi,failed,authentication_failed,OTP or 3D secure authentication failed.,876,40,0,0,1189.89,False,3,29,ecommerce,768.52,True,True,False,CREATE_ESCALATION,0.0
txn_f5c138a0daa6,cust_877ff69a,2026-08-05 11:02:16.263223,18438.23,INR,netbanking,failed,limit_exceeded,Transaction exceeds customer limits.,33,22,0,0,18045.33,True,0,19,enterprise,18455.72,True,True,False,CREATE_ESCALATION,0.0
txn_0f7e9df62d6e,cust_3aa6b8aa,2026-07-30 02:12:16.234825,87.78,INR,card,failed,insufficient_funds,Customer account has insufficient balance.,126,8,5,4,175.4,False,1,19,smb_saas,138.26,True,True,False,CREATE_ESCALATION,0.0
txn_a0ac39e3a544,cust_e664923a,2026-08-08 19:47:16.237825,1085.69,USD,card,failed,insufficient_funds,Customer account has insufficient balance.,160,3,5,0,1526.76,True,1,0,ecommerce,1125.33,True,True,False,CREATE_ESCALATION,0.0
txn_590d8c06c3c6,cust_a7bc2e7e,2026-08-01 23:21:16.301954,327.03,INR,card,failed,insufficient_funds,Customer account has insufficient balance.,257,50,2,0,496.54,False,2,13,ecommerce,350.12,True,True,True,SEND_RECOVERY_MESSAGE,327.03
txn_0746ef0e2286,cust_19efae77,2026-08-18 12:40:16.240825,1172.47,INR,wallet,failed,limit_exceeded,Transaction exceeds customer limits.,147,1,2,2,1972.38,False,3,28,ecommerce,1237.67,True,True,False,CREATE_ESCALATION,0.0
txn_d9833f15ba77,cust_c751c211,2026-07-26 13:21:16.320954,728.38,INR,wallet,failed,bank_timeout,Issuing bank did not respond in time.,674,8,0,0,1296.29,True,0,7,smb_saas,731.12,True,True,True,WAIT_AND_RETRY,728.38
txn_7245c0563b10,cust_b3553188,2026-08-16 15:42:16.294364,652.21,INR,card,failed,authentication_failed,OTP or 3D secure authentication failed.,792,15,1,1,919.6,False,1,29,mid_market,677.82,True,True,False,CREATE_ESCALATION,0.0
txn_c02b511c2d03,cust_8f674a12,2026-08-16 08:07:16.349954,222.91,INR,card,failed,insufficient_funds,Customer account has insufficient balance.,904,8,1,1,238.9,False,3,5,smb_saas,306.5,True,True,True,SEND_RECOVERY_MESSAGE,222.91
txn_a058f50d9713,cust_cea6e4f2,2026-08-16 19:31:16.248632,9256.22,USD,upi,failed,temporary_bank_failure,Bank is experiencing intermittent issues.,580,39,3,2,5043.81,False,1,12,high_value,9315.27,True,True,True,WAIT_AND_RETRY,9256.22
txn_437e42f06dbf,cust_f2d97392,2026-08-10 19:10:16.305956,4888.31,INR,card,failed,insufficient_funds,Customer account has insufficient balance.,442,13,3,0,7216.05,True,1,16,mid_market,4973.47,True,True,False,CREATE_ESCALATION,0.0
txn_5bf97fdf2f72,cust_61eebcf6,2026-08-20 14:27:16.325954,70.75,INR,upi,failed,bank_timeout,Issuing bank did not respond in time.,51,32,3,1,129.3,True,0,6,smb_saas,122.38,True,True,True,WAIT_AND_RETRY,70.75
txn_a336a0e8f029,cust_dc254472,2026-08-01 12:30:16.357097,143.76,INR,card,failed,fraud_suspected,Transaction flagged by risk engine.,88,30,2,1,124.82,True,3,25,smb_saas,186.21,True,True,True,RETRY_PAYMENT,143.76
txn_0b205c7a56a3,cust_ecab7070,2026-08-17 21:53:16.367097,440.91,INR,wallet,failed,fraud_suspected,Transaction flagged by risk engine.,658,28,1,0,221.85,True,0,19,ecommerce,458.64,True,True,True,RETRY_PAYMENT,440.91
txn_c5832ffec522,cust_fd34e8b4,2026-08-18 19:40:16.337954,1797.67,INR,upi,failed,authentication_failed,OTP or 3D secure authentication failed.,304,22,3,1,1285.97,False,0,20,ecommerce,1888.54,True,True,False,CREATE_ESCALATION,0.0
txn_ea4e88db66a3,cust_34da26e1,2026-08-09 06:21:16.258223,250.93,INR,netbanking,failed,limit_exceeded,Transaction exceeds customer limits.,792,34,2,2,210.3,False,1,13,ecommerce,306.87,True,True,False,CREATE_ESCALATION,0.0
txn_5d7448c99458,cust_3e614a17,2026-07-30 06:31:16.226172,1070.77,USD,wallet,failed,bank_timeout,Issuing bank did not respond in time.,455,31,1,0,1443.5,False,1,9,ecommerce,1074.04,True,True,True,WAIT_AND_RETRY,1070.77
txn_e801dcda8c16,cust_322da9c4,2026-08-24 04:13:16.342954,1079.58,INR,wallet,failed,limit_exceeded,Transaction exceeds customer limits.,972,16,0,0,1162.82,False,3,8,ecommerce,1134.4,True,True,False,CREATE_ESCALATION,0.0
txn_9bc8d3fbd0ac,cust_99ee2dd8,2026-08-19 18:07:16.317954,4178.6,INR,card,failed,authentication_failed,OTP or 3D secure authentication failed.,369,42,4,2,3569.79,True,3,4,mid_market,4238.83,True,True,False,CREATE_ESCALATION,0.0
txn_33c71448d2e5,cust_bba040b8,2026-08-22 23:45:16.289365,12.43,INR,card,failed,bank_timeout,Issuing bank did not respond in time.,524,19,2,1,14.47,True,0,26,smb_saas,34.32,True,True,True,WAIT_AND_RETRY,12.43
txn_4443deb4bfa0,cust_10c319bf,2026-08-06 18:34:16.365098,16773.74,INR,card,failed,bank_timeout,Issuing bank did not respond in time.,662,6,5,5,22052.08,False,3,24,high_value,16805.79,True,True,False,CREATE_ESCALATION,0.0
txn_5fcb9aff2c0d,cust_280f2dbb,2026-08-13 03:48:16.245325,362.94,USD,wallet,failed,authentication_failed,OTP or 3D secure authentication failed.,26,8,2,1,720.31,False,3,11,ecommerce,364.34,True,True,False,CREATE_ESCALATION,0.0
txn_e9457d17fc5a,cust_fa29ddb7,2026-08-01 18:46:16.261223,220.85,INR,card,failed,insufficient_funds,Customer account has insufficient balance.,576,26,3,0,244.33,False,0,23,smb_saas,317.33,True,True,False,CREATE_ESCALATION,0.0
txn_2a69085f26d8,cust_34be076e,2026-08-10 19:37:16.251632,115.73,INR,wallet,failed,insufficient_funds,Customer account has insufficient balance.,722,21,3,2,222.89,False,1,26,smb_saas,129.33,True,True,False,CREATE_ESCALATION,0.0
txn_af0b14a5c219,cust_27c494c7,2026-08-03 05:46:16.276813,900.25,INR,wallet,failed,authentication_failed,OTP or 3D secure authentication failed.,503,31,0,0,824.89,False,1,22,ecommerce,938.82,True,True,False,CREATE_ESCALATION,0.0
txn_92d1ad1d8f15,cust_d8eea97f,2026-08-09 01:45:16.274812,2229.48,INR,upi,failed,insufficient_funds,Customer account has insufficient balance.,587,37,1,1,3144.7,True,3,29,mid_market,2251.44,True,True,False,CREATE_ESCALATION,0.0
txn_302e85ce833d,cust_d35ef80f,2026-08-08 20:07:16.325954,1867.42,USD,card,failed,fraud_suspected,Transaction flagged by risk engine.,769,7,4,2,2406.3,False,1,14,ecommerce,1908.92,True,True,False,STOP_AUTOMATION,0.0
txn_4372ce13c63f,cust_0d6fd719,2026-07-29 06:20:16.283812,400.84,USD,wallet,failed,insufficient_funds,Customer account has insufficient balance.,676,21,1,0,746.97,False,1,28,smb_saas,432.07,True,True,True,SEND_RECOVERY_MESSAGE,400.84
txn_bb7d2e970a63,cust_76a839ad,2026-07-30 03:52:16.284812,9131.32,USD,upi,failed,temporary_bank_failure,Bank is experiencing intermittent issues.,496,4,0,0,7134.04,False,1,11,mid_market,9196.08,True,True,True,WAIT_AND_RETRY,9131.32
txn_4094c40f1454,cust_cbb757cb,2026-08-04 20:11:16.368097,772.03,INR,netbanking,failed,bank_timeout,Issuing bank did not respond in time.,783,8,2,2,1038.04,False,2,5,ecommerce,806.39,True,True,False,CREATE_ESCALATION,0.0
txn_f0c306f38bec,cust_31d6e37b,2026-08-07 09:54:16.291365,417.47,INR,card,failed,authentication_failed,OTP or 3D secure authentication failed.,278,39,3,0,749.15,True,1,0,smb_saas,468.78,True,True,True,RETRY_PAYMENT,417.47
txn_3dd19da80d0f,cust_255701ea,2026-08-20 10:21:16.258223,6589.67,INR,upi,failed,limit_exceeded,Transaction exceeds customer limits.,715,9,5,5,11420.16,True,0,13,enterprise,6636.82,True,True,True,RETRY_PAYMENT,6589.67
txn_a2c6af77fe6d,cust_9fbff7da,2026-08-07 11:40:16.232825,103.39,USD,wallet,failed,temporary_bank_failure,Bank is experiencing intermittent issues.,634,2,1,0,53.92,False,2,26,smb_saas,182.76,True,True,True,WAIT_AND_RETRY,103.39
txn_0fd8197c03dd,cust_dc3f8b28,2026-08-19 00:14:16.327954,132.25,INR,upi,failed,bank_timeout,Issuing bank did not respond in time.,231,39,1,1,129.53,True,1,28,ecommerce,185.24,True,True,True,WAIT_AND_RETRY,132.25
txn_c1300b9ed205,cust_63eb9d95,2026-08-03 00:06:16.227825,514.03,USD,wallet,failed,temporary_bank_failure,Bank is experiencing intermittent issues.,688,22,4,2,908.87,False,1,9,smb_saas,523.79,True,True,True,WAIT_AND_RETRY,514.03
txn_5b820701f624,cust_4093c757,2026-08-16 18:38:16.340954,1233.1,INR,netbanking,failed,insufficient_funds,Customer account has insufficient balance.,627,23,1,0,1949.42,False,2,28,ecommerce,1329.21,True,True,False,CREATE_ESCALATION,0.0
txn_cfd36f12379d,cust_3b6f6135,2026-08-24 21:03:16.338954,252.16,INR,card,failed,insufficient_funds,Customer account has insufficient balance.,305,31,1,0,481.17,False,1,17,ecommerce,324.79,True,True,True,SEND_RECOVERY_MESSAGE,252.16
txn_187195af34a7,cust_fc1a2648,2026-08-03 00:43:16.357097,960.7,INR,netbanking,failed,insufficient_funds,Customer account has insufficient balance.,30,34,4,3,1110.68,True,1,17,ecommerce,1030.38,True,True,False,CREATE_ESCALATION,0.0
txn_32baa1f92cde,cust_69bfa1b9,2026-08-15 23:40:16.262223,1520.38,USD,wallet,failed,insufficient_funds,Customer account has insufficient balance.,285,10,2,1,900.29,False,1,7,ecommerce,1586.1,True,True,True,SEND_RECOVERY_MESSAGE,1520.38
txn_ee48296ea981,cust_280dc6b5,2026-08-18 11:18:16.242826,818.59,INR,card,failed,insufficient_funds,Customer account has insufficient balance.,650,4,1,1,552.23,True,1,3,ecommerce,872.83,True,True,False,CREATE_ESCALATION,0.0
txn_2bcf200fda5f,cust_120914d9,2026-08-02 06:10:16.315955,568.06,USD,upi,failed,insufficient_funds,Customer account has insufficient balance.,26,7,5,0,934.89,False,0,3,ecommerce,611.91,True,True,False,CREATE_ESCALATION,0.0
txn_f9c951ca4367,cust_f212bbc1,2026-08-20 12:24:16.226780,424.61,USD,wallet,failed,insufficient_funds,Customer account has insufficient balance.,843,40,1,1,415.96,False,0,2,smb_saas,463.42,True,True,True,SEND_RECOVERY_MESSAGE,424.61
txn_d0d6848cac26,cust_d8c02038,2026-08-18 16:41:16.254632,6526.99,INR,wallet,failed,authentication_failed,OTP or 3D secure authentication failed.,366,22,0,0,6982.22,True,0,21,enterprise,6540.39,True,True,True,RETRY_PAYMENT,6526.99
txn_3e970ca12eb9,cust_b2689026,2026-08-20 05:51:16.227825,285.73,INR,card,failed,authentication_failed,OTP or 3D secure authentication failed.,174,7,2,2,421.68,True,2,24,smb_saas,339.2,True,True,False,CREATE_ESCALATION,0.0
txn_87091e8e2086,cust_4b0e2784,2026-08-25 05:59:16.337954,757.44,INR,card,failed,limit_exceeded,Transaction exceeds customer limits.,534,49,2,2,557.84,False,3,5,ecommerce,820.72,True,True,True,RETRY_PAYMENT,757.44
txn_18199b18719c,cust_64d4da4f,2026-08-15 22:37:16.270823,88.1,INR,card,failed,authentication_failed,OTP or 3D secure authentication failed.,217,21,4,3,66.64,False,2,14,ecommerce,113.65,True,True,False,CREATE_ESCALATION,0.0
txn_a9536b34c838,cust_6b3c9af6,2026-08-06 01:22:16.260223,13992.7,INR,card,failed,insufficient_funds,Customer account has insufficient balance.,685,37,0,0,20386.74,False,3,19,high_value,14041.18,True,True,False,CREATE_ESCALATION,0.0
txn_253a86293548,cust_ad34f77d,2026-08-08 03:17:16.267812,111.6,INR,card,failed,insufficient_funds,Customer account has insufficient balance.,371,22,2,0,144.42,True,1,14,smb_saas,152.62,True,False,False,CREATE_ESCALATION,0.0
txn_77e9c5da2118,cust_29223a76,2026-08-14 03:28:16.277813,550.39,INR,netbanking,failed,authentication_failed,OTP or 3D secure authentication failed.,175,5,4,0,806.15,True,2,5,ecommerce,607.43,True,False,True,RETRY_PAYMENT,550.39
txn_710fcc025b87,cust_2b6ab59a,2026-07-31 20:27:16.362097,434.22,INR,wallet,failed,insufficient_funds,Customer account has insufficient balance.,210,21,2,1,611.47,False,2,8,ecommerce,481.05,True,True,False,CREATE_ESCALATION,0.0
txn_27c4d2b1d369,cust_578ea84d,2026-08-01 18:38:16.275813,152.17,INR,netbanking,failed,insufficient_funds,Customer account has insufficient balance.,2,46,3,1,116.41,False,2,26,ecommerce,155.1,True,True,False,CREATE_ESCALATION,0.0
txn_46da70f2edf2,cust_caa36da1,2026-08-18 09:40:16.261223,13160.84,INR,netbanking,failed,insufficient_funds,Customer account has insufficient balance.,268,9,0,0,12882.85,True,0,22,high_value,13208.65,True,False,True,SEND_RECOVERY_MESSAGE,13160.84
txn_7c6dc5411278,cust_ca77902b,2026-08-03 02:50:16.260223,1817.24,INR,wallet,failed,bank_timeout,Issuing bank did not respond in time.,977,14,4,2,2753.57,False,0,4,ecommerce,1883.03,True,True,True,WAIT_AND_RETRY,1817.24
txn_9210d14006f7,cust_56d79dea,2026-08-08 05:18:16.284812,10529.81,INR,wallet,failed,bank_timeout,Issuing bank did not respond in time.,563,4,4,1,18548.52,False,0,5,enterprise,10614.76,True,True,False,CREATE_ESCALATION,0.0
txn_376bdaccc554,cust_86585f5d,2026-08-10 08:52:16.316954,1367.84,INR,wallet,failed,insufficient_funds,Customer account has insufficient balance.,974,26,3,1,1184.26,True,0,19,enterprise,1376.01,True,True,False,CREATE_ESCALATION,0.0
txn_68cb26a71f94,cust_a4a2fe92,2026-07-27 17:49:16.341954,12.0,INR,netbanking,failed,insufficient_funds,Customer account has insufficient balance.,801,25,0,0,6.09,True,3,16,smb_saas,58.75,True,True,True,SEND_RECOVERY_MESSAGE,12.0
txn_2fa6fed5c2a8,cust_aca61562,2026-08-02 15:50:16.282812,110.15,INR,netbanking,failed,insufficient_funds,Customer account has insufficient balance.,241,3,4,4,175.95,True,1,6,smb_saas,175.43,True,True,True,SEND_RECOVERY_MESSAGE,110.15
txn_e4134c0f2abc,cust_80632029,2026-08-05 12:23:16.321954,147.96,INR,wallet,failed,authentication_failed,OTP or 3D secure authentication failed.,867,37,2,0,239.12,False,2,29,smb_saas,240.95,True,True,True,RETRY_PAYMENT,147.96
txn_306d0a12b63a,cust_d7507aa3,2026-07-31 18:55:16.292365,96.82,INR,upi,failed,bank_timeout,Issuing bank did not respond in time.,930,32,5,2,192.42,False,3,11,smb_saas,139.32,True,True,False,CREATE_ESCALATION,0.0
txn_07b8f1e6d956,cust_b2d12d7f,2026-08-05 13:40:16.294364,6269.57,INR,upi,failed,limit_exceeded,Transaction exceeds customer limits.,232,15,2,1,11962.15,False,1,0,mid_market,6278.94,True,True,False,CREATE_ESCALATION,0.0
txn_5637ccc4481b,cust_38b215a8,2026-08-03 04:37:16.242826,174.1,INR,netbanking,failed,limit_exceeded,Transaction exceeds customer limits.,264,40,1,0,309.27,False,1,18,smb_saas,175.31,True,True,False,CREATE_ESCALATION,0.0
txn_f247b5aa383e,cust_f0945923,2026-08-24 20:09:16.317954,5696.82,INR,upi,failed,temporary_bank_failure,Bank is experiencing intermittent issues.,768,29,5,1,10917.72,False,2,23,mid_market,5791.03,True,True,False,CREATE_ESCALATION,0.0
txn_64bddef6e988,cust_be1da480,2026-07-31 12:53:16.293365,2801.86,INR,card,failed,temporary_bank_failure,Bank is experiencing intermittent issues.,487,11,2,1,3028.93,False,3,4,mid_market,2895.71,True,True,True,WAIT_AND_RETRY,2801.86
txn_bde170978402,cust_d24ad5fe,2026-08-11 16:08:16.289365,273.68,INR,upi,failed,authentication_failed,OTP or 3D secure authentication failed.,949,11,3,2,316.57,False,2,19,smb_saas,313.25,True,True,True,RETRY_PAYMENT,273.68
txn_0b5899068e38,cust_84631c36,2026-08-09 15:01:16.229825,92.11,USD,netbanking,failed,insufficient_funds,Customer account has insufficient balance.,842,44,2,2,116.69,False,1,3,smb_saas,95.88,True,True,True,SEND_RECOVERY_MESSAGE,92.11
txn_82e57d1eb45f,cust_b217a188,2026-08-15 10:45:16.257223,10279.45,INR,netbanking,failed,insufficient_funds,Customer account has insufficient balance.,619,14,5,4,8606.98,False,1,24,enterprise,10328.78,True,True,True,SEND_RECOVERY_MESSAGE,10279.45
txn_162b123f32de,cust_a1b95cc4,2026-08-14 04:18:16.338954,2254.87,INR,netbanking,failed,insufficient_funds,Customer account has insufficient balance.,88,36,1,1,2248.82,False,2,22,ecommerce,2306.97,True,True,False,CREATE_ESCALATION,0.0
txn_c4445818ebb5,cust_1f6e5513,2026-08-16 20:04:16.245005,116.22,USD,wallet,failed,insufficient_funds,Customer account has insufficient balance.,41,8,3,3,124.25,True,0,18,smb_saas,185.03,True,True,False,CREATE_ESCALATION,0.0
txn_3423d899b4c6,cust_6aaa4cdd,2026-08-12 12:23:16.270823,812.78,INR,netbanking,failed,temporary_bank_failure,Bank is experiencing intermittent issues.,222,14,5,1,1001.54,False,1,18,ecommerce,885.1,True,True,True,WAIT_AND_RETRY,812.78
txn_7a9214b17ace,cust_522ae9a3,2026-08-07 10:03:16.295908,2148.44,USD,wallet,failed,insufficient_funds,Customer account has insufficient balance.,922,49,4,4,3872.13,False,2,6,mid_market,2186.04,True,False,True,SEND_RECOVERY_MESSAGE,2148.44
txn_241aea86eebe,cust_638333ec,2026-08-22 20:14:16.351955,600.46,USD,netbanking,failed,temporary_bank_failure,Bank is experiencing intermittent issues.,572,47,4,0,620.64,False,1,13,ecommerce,660.06,True,True,True,WAIT_AND_RETRY,600.46
txn_8fc530e6b8d1,cust_9fe14fd9,2026-07-30 13:53:16.337954,2314.23,INR,upi,failed,authentication_failed,OTP or 3D secure authentication failed.,698,35,3,1,2094.37,False,0,8,ecommerce,2316.73,True,True,False,CREATE_ESCALATION,0.0
txn_8afaf722522e,cust_184fb688,2026-07-26 11:56:16.294364,12879.84,INR,netbanking,failed,authentication_failed,OTP or 3D secure authentication failed.,997,40,5,0,16781.14,False,3,28,enterprise,12949.3,True,True,False,CREATE_ESCALATION,0.0
txn_443ac7244a23,cust_a7d85ab3,2026-08-03 21:11:16.276813,72.7,INR,upi,failed,insufficient_funds,Customer account has insufficient balance.,873,35,2,0,95.61,False,1,29,smb_saas,91.26,True,True,False,CREATE_ESCALATION,0.0
txn_f4def34e9261,cust_a872275e,2026-08-22 08:06:16.246043,922.44,USD,upi,failed,bank_timeout,Issuing bank did not respond in time.,585,48,2,2,950.41,True,0,17,mid_market,980.85,True,True,True,WAIT_AND_RETRY,922.44
txn_9e39386cd6b4,cust_9d21a054,2026-07-28 13:04:16.348954,2653.6,USD,card,failed,limit_exceeded,Transaction exceeds customer limits.,257,1,0,0,3281.59,False,3,8,mid_market,2708.42,True,True,False,CREATE_ESCALATION,0.0
txn_1c36cea00bca,cust_28cce982,2026-08-14 01:16:16.244491,6690.76,INR,upi,failed,authentication_failed,OTP or 3D secure authentication failed.,698,44,0,0,4335.45,False,1,22,mid_market,6722.79,True,True,True,RETRY_PAYMENT,6690.76
txn_6dfb3bbe8c58,cust_f598fc93,2026-08-12 22:39:16.290365,1582.23,INR,upi,failed,limit_exceeded,Transaction exceeds customer limits.,928,41,4,3,2954.09,False,1,20,ecommerce,1671.11,True,True,False,CREATE_ESCALATION,0.0
txn_0100a68e264b,cust_12a80c93,2026-08-15 11:21:16.261223,559.12,INR,card,failed,temporary_bank_failure,Bank is experiencing intermittent issues.,269,18,3,3,950.39,True,1,17,ecommerce,562.76,True,True,True,WAIT_AND_RETRY,559.12
txn_e217ace144a0,cust_ee6d655d,2026-08-01 16:00:16.345955,328.01,INR,wallet,failed,bank_timeout,Issuing bank did not respond in time.,26,15,5,5,294.55,False,1,0,ecommerce,331.16,True,True,True,WAIT_AND_RETRY,328.01
txn_cbe5f94e48af,cust_47bca371,2026-07-28 23:13:16.355058,629.68,INR,upi,failed,insufficient_funds,Customer account has insufficient balance.,245,9,5,4,356.1,False,0,19,ecommerce,655.29,True,True,False,CREATE_ESCALATION,0.0
txn_93deecf1a8cc,cust_c0dc82d1,2026-08-25 16:06:16.268812,643.54,INR,netbanking,failed,insufficient_funds,Customer account has insufficient balance.,25,42,0,0,607.3,False,0,21,mid_market,699.9,True,False,False,CREATE_ESCALATION,0.0
txn_e7f63244b082,cust_6b98a839,2026-07-29 02:03:16.251632,1633.23,USD,upi,failed,insufficient_funds,Customer account has insufficient balance.,836,7,0,0,1380.13,False,0,2,mid_market,1702.4,True,True,False,CREATE_ESCALATION,0.0
txn_d4a3ca3d2522,cust_d54f8f7f,2026-08-21 21:54:16.332954,34.87,INR,card,failed,limit_exceeded,Transaction exceeds customer limits.,344,23,2,2,25.35,False,3,21,smb_saas,123.65,True,True,True,RETRY_PAYMENT,34.87
txn_fbc96ee38663,cust_5e2bd33a,2026-08-19 22:42:16.300954,1995.99,INR,wallet,failed,authentication_failed,OTP or 3D secure authentication failed.,907,40,3,2,3223.69,False,3,22,ecommerce,2021.77,True,False,True,RETRY_PAYMENT,1995.99
txn_aad76e3045bd,cust_46978164,2026-08-20 23:01:16.337954,331.95,INR,card,failed,authentication_failed,OTP or 3D secure authentication failed.,338,30,5,4,386.31,False,0,6,smb_saas,341.25,True,True,True,RETRY_PAYMENT,331.95
txn_51c27aebb302,cust_19bdf532,2026-08-12 01:06:16.304955,2133.42,INR,wallet,failed,bank_timeout,Issuing bank did not respond in time.,617,45,1,0,1091.38,False,1,5,mid_market,2171.23,True,True,True,WAIT_AND_RETRY,2133.42
txn_25279b3df7e7,cust_5a90a3ba,2026-08-08 10:48:16.253632,13.32,USD,upi,failed,insufficient_funds,Customer account has insufficient balance.,554,18,3,0,25.57,False,0,2,smb_saas,58.74,True,True,True,SEND_RECOVERY_MESSAGE,13.32
txn_486b5f508df7,cust_cd9f0b05,2026-08-03 16:34:16.363096,295.92,INR,upi,failed,insufficient_funds,Customer account has insufficient balance.,442,33,2,2,580.08,False,1,22,smb_saas,379.91,True,True,True,SEND_RECOVERY_MESSAGE,295.92
txn_8bc32ed4f056,cust_73ad39db,2026-07-31 09:30:16.335955,24006.78,USD,upi,failed,bank_timeout,Issuing bank did not respond in time.,132,15,4,0,24352.88,True,2,29,high_value,24027.75,True,True,True,WAIT_AND_RETRY,24006.78
txn_41aa73965048,cust_1a763399,2026-08-25 06:31:16.257223,505.9,INR,upi,failed,temporary_bank_failure,Bank is experiencing intermittent issues.,351,39,0,0,390.16,False,1,3,mid_market,554.06,True,True,True,WAIT_AND_RETRY,505.9
txn_be8e1150f4b7,cust_f19561d5,2026-07-31 01:09:16.294364,20.0,INR,netbanking,failed,limit_exceeded,Transaction exceeds customer limits.,317,6,3,3,31.01,False,3,3,ecommerce,100.74,True,True,False,CREATE_ESCALATION,0.0
txn_74cf92ce7dd8,cust_5f6aff33,2026-07-26 00:24:16.302954,5777.77,INR,upi,failed,temporary_bank_failure,Bank is experiencing intermittent issues.,221,8,1,1,9730.88,False,1,6,enterprise,5812.68,True,True,False,CREATE_ESCALATION,0.0
txn_52ef8c14e226,cust_a2747cf9,2026-08-25 02:21:16.360096,167.66,INR,wallet,failed,authentication_failed,OTP or 3D secure authentication failed.,770,49,1,0,160.78,False,0,22,smb_saas,214.45,True,True,False,CREATE_ESCALATION,0.0
txn_8327dd70e911,cust_74a4d2ce,2026-08-21 18:27:16.294364,3622.37,INR,netbanking,failed,authentication_failed,OTP or 3D secure authentication failed.,916,37,0,0,7140.81,True,0,20,enterprise,3662.26,True,True,True,RETRY_PAYMENT,3622.37
txn_b6a3501de0e6,cust_808182ea,2026-08-04 02:11:16.239825,48.94,INR,wallet,failed,insufficient_funds,Customer account has insufficient balance.,917,43,5,1,46.56,False,0,25,smb_saas,97.44,True,True,True,SEND_RECOVERY_MESSAGE,48.94
txn_2809bd70e96a,cust_4c201111,2026-08-22 01:29:16.236825,146.43,INR,netbanking,failed,temporary_bank_failure,Bank is experiencing intermittent issues.,797,17,1,0,133.32,True,1,12,ecommerce,241.61,True,True,True,WAIT_AND_RETRY,146.43
txn_f3fe595d9552,cust_456b0dfc,2026-08-15 21:29:16.325954,7332.51,INR,netbanking,failed,authentication_failed,OTP or 3D secure authentication failed.,570,0,2,2,7309.46,False,1,-1,mid_market,7333.25,True,True,False,CREATE_ESCALATION,0.0
txn_0584c082c42e,cust_62624d9e,2026-08-24 02:18:16.275813,79.67,INR,netbanking,failed,insufficient_funds,Customer account has insufficient balance.,787,28,5,3,151.43,True,1,11,smb_saas,108.06,True,True,True,SEND_RECOVERY_MESSAGE,79.67
txn_26db2c5b7c1e,cust_23a8df29,2026-08-11 19:25:16.259223,483.39,INR,card,failed,insufficient_funds,Customer account has insufficient balance.,43,25,3,1,556.36,True,0,4,ecommerce,556.48,True,True,True,SEND_RECOVERY_MESSAGE,483.39
txn_58d8208e711d,cust_3900993a,2026-07-28 21:09:16.250632,125.56,INR,wallet,failed,bank_timeout,Issuing bank did not respond in time.,290,39,3,3,165.76,False,3,0,ecommerce,152.12,True,True,True,WAIT_AND_RETRY,125.56
txn_0304be18f96e,cust_46899409,2026-08-09 19:16:16.228825,5276.37,INR,upi,failed,fraud_suspected,Transaction flagged by risk engine.,144,28,1,0,7120.65,False,1,23,mid_market,5349.57,True,False,True,RETRY_PAYMENT,5276.37
txn_9257753717b4,cust_f1fc5422,2026-07-28 08:29:16.331954,338.32,USD,card,failed,limit_exceeded,Transaction exceeds customer limits.,95,10,0,0,533.5,False,1,16,smb_saas,385.89,True,True,False,CREATE_ESCALATION,0.0
txn_e8e0a09a61c8,cust_1f56fd92,2026-07-30 02:46:16.291365,303.86,USD,upi,failed,insufficient_funds,Customer account has insufficient balance.,664,28,4,1,184.4,False,2,26,ecommerce,353.37,True,True,False,CREATE_ESCALATION,0.0
txn_2f0a9e6fbfb4,cust_30696198,2026-08-22 11:50:16.226780,95.52,INR,card,failed,authentication_failed,OTP or 3D secure authentication failed.,393,9,1,0,126.97,False,3,7,smb_saas,127.7,True,True,False,CREATE_ESCALATION,0.0
txn_e1bff061516f,cust_04a2f18f,2026-08-23 07:31:16.240825,12373.35,USD,wallet,failed,insufficient_funds,Customer account has insufficient balance.,489,44,1,0,19618.7,False,0,4,enterprise,12462.91,True,True,False,CREATE_ESCALATION,0.0
txn_c99959500607,cust_ac7ba45b,2026-07-27 14:53:16.235826,511.75,INR,upi,failed,insufficient_funds,Customer account has insufficient balance.,634,43,5,3,651.14,False,0,20,smb_saas,607.5,True,True,True,SEND_RECOVERY_MESSAGE,511.75
txn_5665f7e93e1d,cust_069edd37,2026-08-16 10:20:16.359096,234.56,INR,card,failed,limit_exceeded,Transaction exceeds customer limits.,21,35,3,2,363.63,False,0,15,mid_market,238.41,True,True,False,CREATE_ESCALATION,0.0
txn_dd2585777c6d,cust_51a0aa7d,2026-08-19 05:51:16.335955,19.5,INR,upi,failed,bank_timeout,Issuing bank did not respond in time.,867,1,4,2,35.93,False,3,10,smb_saas,33.98,True,True,True,WAIT_AND_RETRY,19.5
txn_27ac47d00a7f,cust_4c3a1b41,2026-07-30 05:00:16.260223,471.21,INR,wallet,failed,insufficient_funds,Customer account has insufficient balance.,910,35,2,1,931.42,False,2,2,smb_saas,533.92,True,True,False,CREATE_ESCALATION,0.0
txn_73ceed27b304,cust_3bb82254,2026-08-08 16:43:16.227825,3703.67,INR,wallet,failed,temporary_bank_failure,Bank is experiencing intermittent issues.,872,32,1,0,2874.01,False,2,6,mid_market,3715.13,True,True,True,WAIT_AND_RETRY,3703.67
txn_97e0437c43f3,cust_3264f72a,2026-08-05 21:50:16.317954,31657.05,INR,upi,failed,insufficient_funds,Customer account has insufficient balance.,422,37,3,2,45421.88,False,1,24,high_value,31700.31,True,True,False,CREATE_ESCALATION,0.0
txn_642ab80c1294,cust_91fd5c09,2026-08-07 12:46:16.269812,8138.7,INR,wallet,failed,temporary_bank_failure,Bank is experiencing intermittent issues.,441,0,2,1,10896.28,True,1,-1,enterprise,8221.18,True,True,True,WAIT_AND_RETRY,8138.7
txn_c5292c5250c7,cust_8bead8c0,2026-08-09 00:49:16.337954,412.89,USD,wallet,failed,authentication_failed,OTP or 3D secure authentication failed.,885,33,0,0,518.27,False,1,24,smb_saas,436.13,True,True,False,CREATE_ESCALATION,0.0
txn_c933aba2332c,cust_d40fbe40,2026-08-09 19:05:16.287327,179.72,INR,upi,failed,authentication_failed,OTP or 3D secure authentication failed.,551,3,0,0,224.85,False,2,30,ecommerce,199.11,True,True,True,RETRY_PAYMENT,179.72
txn_745169e41dc5,cust_16733514,2026-08-03 08:36:16.359096,1036.23,INR,netbanking,failed,insufficient_funds,Customer account has insufficient balance.,588,37,0,0,606.52,False,0,13,ecommerce,1096.24,True,True,False,CREATE_ESCALATION,0.0
txn_d0664ee5e05b,cust_d9bc878d,2026-08-01 21:04:16.243446,1180.54,INR,upi,failed,temporary_bank_failure,Bank is experiencing intermittent issues.,989,9,5,5,911.88,False,0,25,ecommerce,1196.78,True,True,True,WAIT_AND_RETRY,1180.54
txn_4bc97699644b,cust_053b8d06,2026-08-17 18:58:16.243446,219.82,USD,netbanking,failed,insufficient_funds,Customer account has insufficient balance.,438,50,3,2,293.92,False,1,19,smb_saas,270.11,True,True,True,SEND_RECOVERY_MESSAGE,219.82
txn_e6042e88dd7b,cust_291a3e56,2026-08-25 07:22:16.335955,262.63,INR,wallet,failed,temporary_bank_failure,Bank is experiencing intermittent issues.,549,13,2,1,201.41,False,1,28,ecommerce,358.72,True,True,True,WAIT_AND_RETRY,262.63
txn_0d981812f569,cust_98a12b19,2026-08-17 05:24:16.270823,343.96,INR,wallet,failed,insufficient_funds,Customer account has insufficient balance.,927,39,4,4,484.98,False,1,17,ecommerce,374.59,True,True,True,SEND_RECOVERY_MESSAGE,343.96
txn_59b97c273c47,cust_638558a5,2026-08-11 04:28:16.305956,624.37,USD,upi,failed,bank_timeout,Issuing bank did not respond in time.,494,4,4,0,1233.1,True,3,8,ecommerce,715.11,True,True,False,CREATE_ESCALATION,0.0
txn_39f87ed9b205,cust_03ecb2f1,2026-08-06 00:21:16.258223,170.68,INR,netbanking,failed,authentication_failed,OTP or 3D secure authentication failed.,456,19,2,1,105.25,False,1,8,smb_saas,205.22,True,True,False,CREATE_ESCALATION,0.0
txn_2a02215f3b83,cust_a966da55,2026-08-06 04:49:16.227825,1288.98,INR,card,failed,authentication_failed,OTP or 3D secure authentication failed.,749,23,0,0,2107.83,False,0,21,ecommerce,1289.39,True,True,True,RETRY_PAYMENT,1288.98
txn_015f08b04873,cust_20590e96,2026-08-07 12:26:16.241825,1388.45,USD,netbanking,failed,insufficient_funds,Customer account has insufficient balance.,717,32,4,2,883.24,False,2,6,ecommerce,1435.22,True,True,True,SEND_RECOVERY_MESSAGE,1388.45
txn_1463c990251a,cust_0866b7ee,2026-07-26 05:10:16.257223,228.05,USD,wallet,failed,insufficient_funds,Customer account has insufficient balance.,106,9,5,0,418.59,False,3,25,smb_saas,304.7,True,True,False,CREATE_ESCALATION,0.0
txn_002f4bfdc2e6,cust_9b1c9059,2026-08-13 16:57:16.229825,8048.93,INR,wallet,failed,authentication_failed,OTP or 3D secure authentication failed.,889,7,1,0,11677.63,False,0,9,enterprise,8101.37,True,True,False,CREATE_ESCALATION,0.0
txn_4610b4af3c78,cust_bae40934,2026-08-01 07:00:16.296954,10.0,INR,wallet,failed,temporary_bank_failure,Bank is experiencing intermittent issues.,11,40,2,2,18.1,True,2,11,smb_saas,31.55,True,True,True,WAIT_AND_RETRY,10.0
txn_294dd46e5d46,cust_5a758dca,2026-08-08 07:43:16.308955,84.81,INR,netbanking,failed,bank_timeout,Issuing bank did not respond in time.,994,38,5,3,158.03,False,2,2,smb_saas,173.71,True,True,True,WAIT_AND_RETRY,84.81
txn_cbd5db1fa6f8,cust_ca53bd4a,2026-08-13 15:53:16.286812,554.97,INR,upi,failed,insufficient_funds,Customer account has insufficient balance.,845,0,4,4,1083.81,False,3,-1,smb_saas,650.89,True,False,False,CREATE_ESCALATION,0.0
txn_d9f43ce4449f,cust_8e1195c2,2026-08-12 11:13:16.333954,59.37,USD,upi,failed,limit_exceeded,Transaction exceeds customer limits.,159,17,0,0,71.91,True,2,22,smb_saas,78.57,True,False,True,RETRY_PAYMENT,59.37
txn_d80c0889f4f4,cust_ee1e701d,2026-08-24 20:52:16.305956,188.18,INR,netbanking,failed,insufficient_funds,Customer account has insufficient balance.,405,29,1,0,209.35,False,1,17,smb_saas,197.0,True,True,True,SEND_RECOVERY_MESSAGE,188.18
txn_b571d7f95f32,cust_04479cac,2026-08-14 07:27:16.239825,69.13,INR,wallet,failed,bank_timeout,Issuing bank did not respond in time.,895,4,4,0,47.75,False,0,3,ecommerce,119.0,True,True,True,WAIT_AND_RETRY,69.13
txn_c2226aa6c70a,cust_20a1aca7,2026-08-19 10:40:16.293365,555.13,INR,upi,failed,fraud_suspected,Transaction flagged by risk engine.,445,12,0,0,747.18,False,0,6,smb_saas,600.27,True,True,False,STOP_AUTOMATION,0.0
txn_3245d804ae9b,cust_36a701be,2026-08-15 21:20:16.268812,21241.94,INR,wallet,failed,insufficient_funds,Customer account has insufficient balance.,947,41,3,3,25915.69,False,2,9,high_value,21261.07,True,True,False,CREATE_ESCALATION,0.0
txn_3d125f1073f5,cust_f5dd1616,2026-07-30 09:24:16.316954,287.51,INR,netbanking,failed,bank_timeout,Issuing bank did not respond in time.,444,5,1,1,387.23,False,1,7,smb_saas,364.88,True,True,True,WAIT_AND_RETRY,287.51
txn_86a27fffa6ba,cust_34e7a914,2026-08-01 00:33:16.344954,2562.04,INR,wallet,failed,bank_timeout,Issuing bank did not respond in time.,206,42,5,5,3912.05,False,1,20,enterprise,2607.44,True,True,True,WAIT_AND_RETRY,2562.04
txn_2bca5b6e997c,cust_b319f400,2026-08-06 21:03:16.360096,2713.86,INR,wallet,failed,bank_timeout,Issuing bank did not respond in time.,491,45,5,3,1694.43,True,3,12,enterprise,2798.12,True,True,True,WAIT_AND_RETRY,2713.86
txn_ae4491c41f75,cust_3cd6fcea,2026-08-08 00:44:16.321954,80.69,INR,card,failed,temporary_bank_failure,Bank is experiencing intermittent issues.,173,16,1,0,150.94,True,1,14,ecommerce,126.91,True,True,True,WAIT_AND_RETRY,80.69
txn_f9e649a17ce5,cust_904072d5,2026-08-11 08:00:16.256176,255.71,INR,upi,failed,authentication_failed,OTP or 3D secure authentication failed.,693,28,4,0,308.77,False,0,22,ecommerce,278.38,True,True,True,RETRY_PAYMENT,255.71
txn_cb3546ad8bf5,cust_c9e3fbed,2026-08-23 05:09:16.295908,154.69,INR,wallet,failed,insufficient_funds,Customer account has insufficient balance.,664,25,1,0,162.33,True,0,18,smb_saas,253.9,True,True,True,SEND_RECOVERY_MESSAGE,154.69
txn_3635df3fdb1a,cust_df9ed145,2026-08-18 11:26:16.308955,247.84,INR,wallet,failed,authentication_failed,OTP or 3D secure authentication failed.,828,26,2,1,407.76,False,0,6,smb_saas,340.24,True,True,False,CREATE_ESCALATION,0.0
txn_a0bae4086b92,cust_f5e9c926,2026-07-29 06:12:16.368097,165.41,INR,netbanking,failed,insufficient_funds,Customer account has insufficient balance.,872,4,0,0,130.84,False,2,23,smb_saas,265.08,True,True,True,SEND_RECOVERY_MESSAGE,165.41
txn_de6025881859,cust_1ce96586,2026-07-29 19:49:16.295908,1357.11,INR,netbanking,failed,authentication_failed,OTP or 3D secure authentication failed.,615,46,0,0,890.15,False,0,4,enterprise,1435.15,True,True,True,RETRY_PAYMENT,1357.11
txn_652d10569e16,cust_7d39d5f9,2026-08-18 13:31:16.348954,151.15,INR,card,failed,fraud_suspected,Transaction flagged by risk engine.,843,10,3,2,104.65,False,0,11,smb_saas,229.68,True,True,False,STOP_AUTOMATION,0.0
txn_dd8a110dd7a9,cust_3700448f,2026-08-06 02:38:16.285813,1661.11,INR,wallet,failed,insufficient_funds,Customer account has insufficient balance.,966,10,3,2,2949.7,False,3,8,mid_market,1728.7,True,True,False,CREATE_ESCALATION,0.0
txn_4b73359c56d7,cust_8c159e41,2026-08-23 05:15:16.337954,693.02,USD,wallet,failed,insufficient_funds,Customer account has insufficient balance.,900,3,2,2,1141.33,False,2,30,smb_saas,722.45,True,True,False,CREATE_ESCALATION,0.0
txn_4bdc82e71232,cust_874cdc8b,2026-08-19 02:53:16.291365,248.26,INR,upi,failed,authentication_failed,OTP or 3D secure authentication failed.,493,14,5,2,125.64,False,0,23,smb_saas,255.97,True,True,True,RETRY_PAYMENT,248.26
txn_3ee8404e2a40,cust_54f2b43e,2026-08-17 19:47:16.240825,1136.21,INR,card,failed,insufficient_funds,Customer account has insufficient balance.,603,24,2,0,669.89,False,3,15,mid_market,1138.09,True,True,False,CREATE_ESCALATION,0.0
txn_14c44eaf0144,cust_2043dafa,2026-08-19 16:07:16.238825,7827.11,INR,card,failed,authentication_failed,OTP or 3D secure authentication failed.,662,26,5,3,7644.54,False,1,1,mid_market,7907.38,True,True,False,CREATE_ESCALATION,0.0
txn_ec3a8ea4e278,cust_c9ecb025,2026-08-15 22:21:16.270823,186.81,INR,upi,failed,insufficient_funds,Customer account has insufficient balance.,494,31,0,0,212.18,False,0,18,smb_saas,211.11,True,True,True,SEND_RECOVERY_MESSAGE,186.81
txn_99606309e2d6,cust_e6e97ad9,2026-08-13 21:00:16.297955,23.91,USD,card,failed,bank_timeout,Issuing bank did not respond in time.,816,18,5,4,36.92,False,0,2,smb_saas,59.8,True,True,True,WAIT_AND_RETRY,23.91
txn_fedb6f125a6d,cust_f652dfd2,2026-08-08 07:57:16.268812,67.79,INR,netbanking,failed,insufficient_funds,Customer account has insufficient balance.,110,36,3,3,95.85,False,3,21,smb_saas,81.01,True,True,False,CREATE_ESCALATION,0.0
txn_f41e2fc60b86,cust_0d178ebe,2026-07-30 21:53:16.256176,311.65,INR,netbanking,failed,insufficient_funds,Customer account has insufficient balance.,805,11,0,0,464.32,True,2,20,smb_saas,393.49,True,True,True,SEND_RECOVERY_MESSAGE,311.65
txn_021cfe4c7624,cust_ea9a885e,2026-08-22 23:42:16.330954,201.14,INR,card,failed,bank_timeout,Issuing bank did not respond in time.,399,5,2,2,113.74,False,3,19,ecommerce,271.02,True,True,True,WAIT_AND_RETRY,201.14
txn_547f03d146a0,cust_1e2b2be5,2026-08-24 14:23:16.269812,25.96,INR,netbanking,failed,bank_timeout,Issuing bank did not respond in time.,899,40,2,0,51.76,False,1,18,ecommerce,37.43,True,True,True,WAIT_AND_RETRY,25.96
txn_282c19f3f065,cust_d07da934,2026-08-19 02:02:16.353498,412.69,INR,upi,failed,insufficient_funds,Customer account has insufficient balance.,348,32,4,1,711.86,False,3,27,mid_market,417.43,True,True,True,SEND_RECOVERY_MESSAGE,412.69
txn_13abb33d24a0,cust_93a79c37,2026-08-16 11:21:16.351955,93.28,USD,netbanking,failed,authentication_failed,OTP or 3D secure authentication failed.,819,34,5,1,87.23,True,1,4,smb_saas,145.76,True,True,False,CREATE_ESCALATION,0.0
txn_542751346125,cust_b6c1b106,2026-08-19 23:22:16.321954,10.0,INR,card,failed,authentication_failed,OTP or 3D secure authentication failed.,796,11,0,0,8.34,True,0,16,smb_saas,102.42,True,True,False,CREATE_ESCALATION,0.0
txn_577b5c8f6365,cust_b8c6bf77,2026-07-28 16:17:16.363096,234.6,INR,card,failed,bank_timeout,Issuing bank did not respond in time.,573,4,4,1,371.39,False,3,4,smb_saas,319.08,True,True,False,CREATE_ESCALATION,0.0
txn_5a3962921cc8,cust_2d7463fb,2026-07-30 20:21:16.253632,185.76,INR,wallet,failed,bank_timeout,Issuing bank did not respond in time.,215,10,4,2,208.27,True,3,29,smb_saas,235.56,True,True,True,WAIT_AND_RETRY,185.76
txn_b6f999294412,cust_8b732946,2026-08-21 07:07:16.301954,60.91,INR,wallet,failed,insufficient_funds,Customer account has insufficient balance.,863,41,3,0,93.92,True,3,29,ecommerce,155.46,True,True,False,CREATE_ESCALATION,0.0
txn_d3b9b9a6f377,cust_3fa30ebf,2026-08-19 12:51:16.249632,899.2,INR,netbanking,failed,insufficient_funds,Customer account has insufficient balance.,953,10,1,1,1684.86,False,3,17,smb_saas,991.92,True,True,True,SEND_RECOVERY_MESSAGE,899.2
txn_149456679526,cust_b67f38af,2026-08-17 02:39:16.317954,1920.24,USD,card,failed,bank_timeout,Issuing bank did not respond in time.,847,9,2,0,2130.81,False,2,13,ecommerce,1929.73,True,True,True,WAIT_AND_RETRY,1920.24
txn_e6c1dede9926,cust_bdfe7790,2026-08-01 07:19:16.344954,918.64,USD,netbanking,failed,temporary_bank_failure,Bank is experiencing intermittent issues.,383,3,1,0,1164.31,False,2,19,ecommerce,974.66,True,True,True,WAIT_AND_RETRY,918.64
txn_22ad7087b9ac,cust_d359cf42,2026-08-15 19:08:16.259223,689.8,USD,wallet,failed,fraud_suspected,Transaction flagged by risk engine.,447,18,1,0,481.26,True,2,28,ecommerce,727.9,True,True,False,STOP_AUTOMATION,0.0
txn_f0b3ef37ff4d,cust_f738c7a6,2026-08-11 01:28:16.252632,123.07,INR,wallet,failed,insufficient_funds,Customer account has insufficient balance.,169,27,3,3,104.24,False,1,4,ecommerce,166.85,True,True,False,CREATE_ESCALATION,0.0
txn_6b8bba62f6d5,cust_123cf2ce,2026-08-12 03:46:16.365098,378.84,INR,card,failed,authentication_failed,OTP or 3D secure authentication failed.,723,17,3,3,668.21,True,0,8,smb_saas,455.22,True,False,False,CREATE_ESCALATION,0.0
txn_8d5c7c0b2887,cust_3340f847,2026-08-04 02:58:16.279813,3504.46,USD,wallet,failed,insufficient_funds,Customer account has insufficient balance.,746,40,3,1,4400.2,False,3,5,enterprise,3591.96,True,False,False,CREATE_ESCALATION,0.0
txn_04695403ff54,cust_7accd3eb,2026-08-03 13:26:16.334955,29.28,USD,card,failed,authentication_failed,OTP or 3D secure authentication failed.,122,3,5,1,46.5,False,3,15,smb_saas,56.03,True,True,False,CREATE_ESCALATION,0.0
txn_0b15eb0434f2,cust_77f643f3,2026-08-10 04:47:16.363096,39.4,INR,upi,failed,authentication_failed,OTP or 3D secure authentication failed.,786,47,3,2,26.77,False,1,26,smb_saas,103.18,True,False,False,CREATE_ESCALATION,0.0
txn_cded4b5c71f0,cust_821a3400,2026-08-14 21:55:16.336954,48.63,INR,netbanking,failed,insufficient_funds,Customer account has insufficient balance.,878,11,5,3,42.14,False,1,14,ecommerce,88.27,True,True,False,CREATE_ESCALATION,0.0
txn_c7cf05985277,cust_71761eb4,2026-07-28 11:42:16.366097,272.39,INR,wallet,failed,bank_timeout,Issuing bank did not respond in time.,800,36,5,3,260.78,False,0,8,mid_market,357.58,True,True,True,WAIT_AND_RETRY,272.39
txn_770f6ec3005f,cust_8941970b,2026-08-22 23:33:16.289365,164.22,INR,netbanking,failed,insufficient_funds,Customer account has insufficient balance.,591,42,5,4,133.99,False,3,27,smb_saas,257.05,True,True,False,CREATE_ESCALATION,0.0
txn_4fef17aaa284,cust_ecf5c2be,2026-08-23 06:37:16.228825,2530.28,INR,netbanking,failed,authentication_failed,OTP or 3D secure authentication failed.,628,36,3,0,1565.4,False,2,10,ecommerce,2595.58,True,True,False,CREATE_ESCALATION,0.0
txn_85eed0649fcb,cust_753fe34b,2026-08-17 18:55:16.353498,869.76,INR,upi,failed,temporary_bank_failure,Bank is experiencing intermittent issues.,899,38,0,0,1101.26,False,0,25,ecommerce,927.31,True,True,True,WAIT_AND_RETRY,869.76
txn_3e9d74415209,cust_1b337e07,2026-08-17 01:35:16.357097,1961.23,INR,upi,failed,limit_exceeded,Transaction exceeds customer limits.,665,16,2,2,1656.65,False,1,25,ecommerce,1981.14,True,True,False,CREATE_ESCALATION,0.0
txn_a6a2b0ce1e94,cust_36da3435,2026-08-06 19:41:16.300954,10.0,INR,netbanking,failed,temporary_bank_failure,Bank is experiencing intermittent issues.,148,3,1,0,12.12,False,0,8,smb_saas,42.08,True,True,True,WAIT_AND_RETRY,10.0
txn_dbfd15ba6efa,cust_c367af1a,2026-07-28 20:26:16.263223,142.39,INR,netbanking,failed,insufficient_funds,Customer account has insufficient balance.,371,49,2,1,152.06,True,0,3,smb_saas,214.22,True,True,True,SEND_RECOVERY_MESSAGE,142.39
txn_84b2b2ccba2b,cust_d878eb94,2026-08-04 01:43:16.257223,126.42,USD,wallet,failed,bank_timeout,Issuing bank did not respond in time.,980,20,4,3,144.57,True,0,10,ecommerce,145.61,True,True,True,WAIT_AND_RETRY,126.42
txn_9a980971e92d,cust_e2b418a2,2026-08-17 06:45:16.337954,294.45,INR,netbanking,failed,bank_timeout,Issuing bank did not respond in time.,773,27,0,0,176.98,True,1,30,smb_saas,306.56,True,False,True,WAIT_AND_RETRY,294.45
txn_b64697c707f7,cust_087efd27,2026-08-23 21:24:16.234825,180.68,USD,netbanking,failed,temporary_bank_failure,Bank is experiencing intermittent issues.,825,47,4,4,284.02,False,1,11,ecommerce,210.6,True,True,True,WAIT_AND_RETRY,180.68
txn_d64c7b75da9e,cust_3cc5b430,2026-08-12 09:07:16.230826,2999.05,INR,card,failed,limit_exceeded,Transaction exceeds customer limits.,984,12,0,0,1554.44,False,3,17,mid_market,3079.8,True,True,False,CREATE_ESCALATION,0.0
txn_67577b3ff280,cust_6631a6f1,2026-08-24 16:10:16.343954,259.18,INR,netbanking,failed,temporary_bank_failure,Bank is experiencing intermittent issues.,930,12,3,0,396.08,False,1,12,smb_saas,281.91,True,True,True,WAIT_AND_RETRY,259.18
txn_1c347d507063,cust_a3b811d9,2026-08-09 20:36:16.347954,598.26,INR,wallet,failed,authentication_failed,OTP or 3D secure authentication failed.,552,32,2,1,788.67,False,1,2,ecommerce,643.45,True,True,True,RETRY_PAYMENT,598.26
txn_f35fca920b14,cust_bdccc292,2026-08-25 05:49:16.232825,8867.0,USD,upi,failed,insufficient_funds,Customer account has insufficient balance.,757,34,4,2,13042.17,True,2,30,mid_market,8942.42,True,False,False,CREATE_ESCALATION,0.0
txn_83ecdf1ad7dd,cust_77acfadc,2026-08-21 03:39:16.279813,157.02,INR,card,failed,bank_timeout,Issuing bank did not respond in time.,568,23,5,0,176.06,False,3,25,mid_market,224.96,True,True,True,WAIT_AND_RETRY,157.02
txn_270766f492c4,cust_c6c15fff,2026-08-10 02:37:16.287327,589.18,INR,netbanking,failed,temporary_bank_failure,Bank is experiencing intermittent issues.,914,27,0,0,449.13,False,0,30,smb_saas,685.67,True,True,True,WAIT_AND_RETRY,589.18
txn_24744488fa32,cust_b00b7403,2026-08-15 20:32:16.281813,1000.0,INR,card,failed,fraud_suspected,Transaction flagged by risk engine.,90,3,0,0,694.3,True,1,12,enterprise,1031.08,True,True,False,STOP_AUTOMATION,0.0
txn_51751b4fffd6,cust_f7402062,2026-07-30 15:43:16.286812,1843.91,INR,card,failed,insufficient_funds,Customer account has insufficient balance.,292,1,5,2,2140.18,False,0,1,ecommerce,1848.05,True,True,False,CREATE_ESCALATION,0.0
txn_98fa73cc8676,cust_95ef7b0a,2026-08-17 16:01:16.311954,1023.14,INR,card,failed,insufficient_funds,Customer account has insufficient balance.,64,1,0,0,860.96,True,1,23,ecommerce,1034.88,True,True,False,CREATE_ESCALATION,0.0
txn_89de26a491ab,cust_970acaa2,2026-08-10 00:48:16.327954,1309.6,INR,card,failed,insufficient_funds,Customer account has insufficient balance.,149,6,0,0,1199.49,False,0,11,ecommerce,1397.59,True,True,False,CREATE_ESCALATION,0.0
txn_bb18a173e364,cust_ea1bd00e,2026-08-23 08:44:16.271813,350.5,INR,wallet,failed,insufficient_funds,Customer account has insufficient balance.,363,27,2,2,613.4,True,0,5,smb_saas,413.35,True,True,True,SEND_RECOVERY_MESSAGE,350.5
txn_7a0b1f9a9d94,cust_0ff11a9e,2026-08-20 20:54:16.344954,130.95,INR,wallet,failed,insufficient_funds,Customer account has insufficient balance.,705,29,4,2,172.91,False,2,16,smb_saas,142.9,True,True,True,SEND_RECOVERY_MESSAGE,130.95
txn_069c0378768a,cust_3cb686ea,2026-08-12 00:33:16.331954,673.65,INR,netbanking,failed,authentication_failed,OTP or 3D secure authentication failed.,73,17,4,4,1309.45,True,2,11,ecommerce,686.79,True,True,True,RETRY_PAYMENT,673.65
txn_eb1f9265c4f5,cust_3d8bf517,2026-08-07 04:19:16.304955,241.16,INR,upi,failed,insufficient_funds,Customer account has insufficient balance.,647,20,3,0,479.79,False,0,11,ecommerce,315.26,True,False,False,CREATE_ESCALATION,0.0
txn_599839d1876e,cust_83aa7932,2026-08-10 08:13:16.275813,977.69,INR,card,failed,temporary_bank_failure,Bank is experiencing intermittent issues.,615,11,1,1,1841.64,False,0,4,ecommerce,996.45,True,True,True,WAIT_AND_RETRY,977.69
txn_c3aad622dfd8,cust_b97cd23e,2026-08-16 00:23:16.226780,1079.3,INR,wallet,failed,temporary_bank_failure,Bank is experiencing intermittent issues.,795,12,5,4,1770.83,True,0,29,mid_market,1120.3,True,True,True,WAIT_AND_RETRY,1079.3
txn_4a7c3377c5df,cust_86749d66,2026-08-10 04:39:16.334955,158.28,INR,wallet,failed,fraud_suspected,Transaction flagged by risk engine.,740,38,1,1,208.25,False,3,9,smb_saas,215.9,True,True,False,STOP_AUTOMATION,0.0
txn_b7fa7ba8c981,cust_d3fdc1c4,2026-08-23 13:12:16.319954,240.72,INR,upi,failed,fraud_suspected,Transaction flagged by risk engine.,894,25,1,0,262.73,False,2,24,smb_saas,300.94,True,True,False,STOP_AUTOMATION,0.0
txn_d66a5b1cc463,cust_b706009f,2026-08-01 19:59:16.318954,2630.88,INR,netbanking,failed,temporary_bank_failure,Bank is experiencing intermittent issues.,858,36,3,0,2222.65,False,3,23,mid_market,2707.04,True,True,True,WAIT_AND_RETRY,2630.88
txn_10e0982bf980,cust_50444ce5,2026-08-12 05:20:16.367097,418.9,INR,upi,failed,authentication_failed,OTP or 3D secure authentication failed.,720,33,1,0,315.36,False,0,17,smb_saas,456.79,True,True,True,RETRY_PAYMENT,418.9
txn_259935b175b6,cust_9168942a,2026-08-03 10:43:16.301954,13550.46,INR,wallet,failed,insufficient_funds,Customer account has insufficient balance.,489,22,4,4,20901.39,True,0,7,enterprise,13623.7,True,True,False,CREATE_ESCALATION,0.0
txn_999d4accdbd0,cust_2c84a374,2026-08-09 11:57:16.236825,597.96,INR,card,failed,fraud_suspected,Transaction flagged by risk engine.,186,24,3,3,566.59,True,2,2,ecommerce,669.34,True,True,False,STOP_AUTOMATION,0.0
txn_ebae02a40beb,cust_23568048,2026-08-11 17:51:16.291365,20.0,INR,netbanking,failed,temporary_bank_failure,Bank is experiencing intermittent issues.,739,1,5,3,37.98,False,1,5,ecommerce,64.38,True,True,True,WAIT_AND_RETRY,20.0
txn_28407b17f16a,cust_27f748cc,2026-08-11 00:49:16.290365,6946.23,INR,upi,failed,insufficient_funds,Customer account has insufficient balance.,427,50,2,2,7402.74,False,1,12,enterprise,6952.22,True,True,True,SEND_RECOVERY_MESSAGE,6946.23
txn_7b0b947410ca,cust_af1d9827,2026-08-17 21:17:16.346954,5029.49,USD,wallet,failed,insufficient_funds,Customer account has insufficient balance.,681,37,2,0,9969.61,True,0,17,enterprise,5114.01,True,True,True,SEND_RECOVERY_MESSAGE,5029.49
txn_ecb4992028ce,cust_2e456bcf,2026-08-25 02:44:16.286812,124.16,INR,card,failed,insufficient_funds,Customer account has insufficient balance.,760,25,2,2,178.79,True,1,27,smb_saas,186.08,True,True,False,CREATE_ESCALATION,0.0
txn_ef4c47a74ad0,cust_66cc8d67,2026-07-31 02:15:16.278812,615.87,USD,wallet,failed,limit_exceeded,Transaction exceeds customer limits.,925,37,1,0,1078.09,False,1,21,ecommerce,712.77,True,True,False,CREATE_ESCALATION,0.0
txn_ff05a466f737,cust_f90e66a2,2026-08-03 21:59:16.266812,8800.23,INR,upi,failed,authentication_failed,OTP or 3D secure authentication failed.,467,3,5,1,6484.46,True,3,29,enterprise,8884.76,True,True,False,CREATE_ESCALATION,0.0
txn_3b9ad7952926,cust_1d2b8fe6,2026-07-28 03:28:16.228825,317.8,INR,card,failed,insufficient_funds,Customer account has insufficient balance.,633,9,0,0,306.38,True,2,14,smb_saas,380.45,True,True,False,CREATE_ESCALATION,0.0
txn_cc05a7d1012b,cust_8f2f8655,2026-07-29 15:08:16.341954,286.99,INR,wallet,failed,authentication_failed,OTP or 3D secure authentication failed.,732,49,1,0,556.1,True,0,1,smb_saas,323.5,True,True,False,CREATE_ESCALATION,0.0
txn_fcb560096f32,cust_7c6de5c4,2026-08-24 22:09:16.239825,10.0,USD,card,failed,insufficient_funds,Customer account has insufficient balance.,418,36,4,0,10.11,False,3,6,smb_saas,93.24,True,True,False,CREATE_ESCALATION,0.0
txn_fbf6dbed6f88,cust_4f2f07e6,2026-08-02 22:06:16.272812,11848.03,INR,wallet,failed,authentication_failed,OTP or 3D secure authentication failed.,253,24,4,2,22361.37,False,1,15,high_value,11893.24,True,False,False,CREATE_ESCALATION,0.0
txn_e6b491b49756,cust_b57b8efc,2026-08-13 14:23:16.302954,448.86,INR,card,failed,insufficient_funds,Customer account has insufficient balance.,559,29,5,3,451.92,False,0,12,ecommerce,469.06,True,True,False,CREATE_ESCALATION,0.0
txn_91c60b72c140,cust_fde8dc5e,2026-08-22 05:35:16.309954,3368.17,INR,netbanking,failed,limit_exceeded,Transaction exceeds customer limits.,109,12,1,0,5687.0,True,0,28,mid_market,3385.95,True,True,True,RETRY_PAYMENT,3368.17
txn_d32485598449,cust_406b46fd,2026-08-02 14:15:16.336954,466.03,INR,netbanking,failed,insufficient_funds,Customer account has insufficient balance.,334,34,4,0,669.42,False,2,19,ecommerce,555.08,True,True,False,CREATE_ESCALATION,0.0
txn_a402a7ae038a,cust_0d48c701,2026-08-02 12:58:16.269812,3095.64,INR,upi,failed,bank_timeout,Issuing bank did not respond in time.,137,42,4,0,3054.05,False,1,14,mid_market,3160.43,True,True,True,WAIT_AND_RETRY,3095.64
txn_87e69e584821,cust_1258c6f2,2026-07-26 02:32:16.248632,4136.23,USD,card,failed,insufficient_funds,Customer account has insufficient balance.,190,13,0,0,5704.42,False,3,3,mid_market,4191.2,True,True,False,CREATE_ESCALATION,0.0
txn_f7d6cceb7ae9,cust_e8db2dd2,2026-07-27 10:54:16.233825,7044.77,INR,upi,failed,temporary_bank_failure,Bank is experiencing intermittent issues.,647,20,5,3,11863.22,True,0,26,enterprise,7122.72,True,True,True,WAIT_AND_RETRY,7044.77
txn_5528539480e5,cust_8c082fcb,2026-08-01 22:27:16.275813,378.22,INR,card,failed,bank_timeout,Issuing bank did not respond in time.,347,0,5,2,479.87,True,0,-1,smb_saas,466.7,True,True,True,WAIT_AND_RETRY,378.22
txn_14f964859671,cust_63a282f6,2026-07-30 11:09:16.333954,415.61,INR,upi,failed,bank_timeout,Issuing bank did not respond in time.,98,0,0,0,384.5,False,3,-1,smb_saas,423.16,True,True,True,WAIT_AND_RETRY,415.61
txn_9fada56a0b41,cust_415e5290,2026-08-18 16:46:16.360096,877.79,INR,netbanking,failed,limit_exceeded,Transaction exceeds customer limits.,348,11,3,3,1317.19,False,3,21,ecommerce,896.14,True,False,False,CREATE_ESCALATION,0.0
txn_14f04ba60903,cust_67e56984,2026-08-06 11:11:16.360096,387.81,USD,upi,failed,limit_exceeded,Transaction exceeds customer limits.,984,34,0,0,498.9,False,1,15,mid_market,463.36,True,True,False,CREATE_ESCALATION,0.0
txn_4ccb2115378c,cust_a2883f57,2026-07-27 01:03:16.300954,107.19,INR,upi,failed,fraud_suspected,Transaction flagged by risk engine.,872,40,4,4,196.95,False,3,10,smb_saas,113.81,True,False,False,STOP_AUTOMATION,0.0
txn_be5aa1b37707,cust_5c1d3343,2026-08-24 22:45:16.345955,1033.42,INR,card,failed,insufficient_funds,Customer account has insufficient balance.,945,6,4,4,563.43,False,2,17,enterprise,1109.08,True,True,True,SEND_RECOVERY_MESSAGE,1033.42
txn_869e426ecf14,cust_33ea91ce,2026-08-08 20:46:16.325954,8171.93,INR,wallet,failed,authentication_failed,OTP or 3D secure authentication failed.,89,45,2,1,12175.39,False,2,29,enterprise,8230.46,True,True,False,CREATE_ESCALATION,0.0
txn_3c9747b6d758,cust_5c82af5f,2026-07-28 20:09:16.286812,13.17,INR,netbanking,failed,temporary_bank_failure,Bank is experiencing intermittent issues.,892,40,2,0,23.7,False,2,12,smb_saas,103.43,True,True,True,WAIT_AND_RETRY,13.17
txn_b9ca0111f578,cust_11e48ebc,2026-08-04 02:40:16.300954,58.94,INR,netbanking,failed,temporary_bank_failure,Bank is experiencing intermittent issues.,54,25,3,3,111.11,False,0,3,smb_saas,96.35,True,True,True,WAIT_AND_RETRY,58.94
txn_03cd43960dc5,cust_1cf5a691,2026-08-22 04:53:16.342954,2350.08,USD,card,failed,insufficient_funds,Customer account has insufficient balance.,966,26,0,0,2896.92,True,0,26,mid_market,2404.2,True,True,True,SEND_RECOVERY_MESSAGE,2350.08
txn_e0479d3f9e08,cust_d5874640,2026-08-21 16:42:16.320954,44.42,INR,card,failed,insufficient_funds,Customer account has insufficient balance.,95,24,5,3,34.26,False,1,4,smb_saas,117.48,True,True,False,CREATE_ESCALATION,0.0
txn_ea14800e1cfb,cust_47ac9730,2026-08-18 11:19:16.341954,140.69,USD,card,failed,authentication_failed,OTP or 3D secure authentication failed.,810,18,2,1,171.67,False,1,28,smb_saas,220.82,True,True,True,RETRY_PAYMENT,140.69
txn_2e770bfd58ee,cust_fcb12690,2026-07-28 13:30:16.350954,338.28,INR,upi,failed,insufficient_funds,Customer account has insufficient balance.,917,38,5,2,589.03,False,0,19,ecommerce,357.8,True,True,True,SEND_RECOVERY_MESSAGE,338.28
txn_db9bf37884d1,cust_f305bf4f,2026-08-05 22:55:16.237825,345.92,INR,card,failed,insufficient_funds,Customer account has insufficient balance.,892,19,4,0,431.84,False,1,29,smb_saas,375.48,True,True,False,CREATE_ESCALATION,0.0
txn_fcf29677e0f1,cust_4d4921e1,2026-07-26 00:28:16.223629,1310.14,INR,wallet,failed,temporary_bank_failure,Bank is experiencing intermittent issues.,310,41,3,0,929.76,False,2,15,ecommerce,1321.75,True,True,True,WAIT_AND_RETRY,1310.14
txn_482e305e6e61,cust_b1976a65,2026-08-19 03:29:16.333954,127.73,INR,wallet,failed,insufficient_funds,Customer account has insufficient balance.,295,35,2,0,209.44,True,2,29,smb_saas,156.39,True,True,True,SEND_RECOVERY_MESSAGE,127.73
txn_4a8f9ef22e37,cust_8023c491,2026-08-03 21:08:16.331954,5123.67,USD,wallet,failed,insufficient_funds,Customer account has insufficient balance.,497,10,2,2,8698.94,True,1,11,enterprise,5184.92,True,True,True,SEND_RECOVERY_MESSAGE,5123.67
txn_8695ef1bedc7,cust_83e57ec3,2026-07-30 14:33:16.250632,1342.09,INR,wallet,failed,insufficient_funds,Customer account has insufficient balance.,59,17,3,3,1527.76,False,2,20,ecommerce,1401.02,True,True,False,CREATE_ESCALATION,0.0
txn_7fb89ecb3c37,cust_7fc8bee9,2026-08-25 03:15:16.232825,285.01,INR,card,failed,temporary_bank_failure,Bank is experiencing intermittent issues.,475,49,1,1,221.57,False,3,22,smb_saas,348.35,True,True,True,WAIT_AND_RETRY,285.01
txn_406cc6761a05,cust_c27699d7,2026-08-07 13:42:16.232825,70.96,INR,netbanking,failed,authentication_failed,OTP or 3D secure authentication failed.,450,15,4,0,49.68,False,3,24,smb_saas,86.74,True,True,True,RETRY_PAYMENT,70.96
txn_f6a750aa6d86,cust_7d0752d4,2026-08-23 08:49:16.250632,338.96,INR,netbanking,failed,bank_timeout,Issuing bank did not respond in time.,613,31,3,3,494.31,False,1,14,smb_saas,397.99,True,True,True,WAIT_AND_RETRY,338.96
txn_c22e20c3cd0c,cust_5454cc43,2026-08-23 05:29:16.318954,121.39,INR,upi,failed,limit_exceeded,Transaction exceeds customer limits.,575,1,1,0,225.63,True,2,9,smb_saas,205.49,True,True,False,CREATE_ESCALATION,0.0
txn_d678103db676,cust_6bb48910,2026-08-09 15:35:16.343954,919.57,USD,card,failed,bank_timeout,Issuing bank did not respond in time.,877,14,4,4,608.45,False,2,11,mid_market,946.74,True,True,True,WAIT_AND_RETRY,919.57
txn_c6f7f147ae39,cust_1b36b904,2026-08-03 01:09:16.240825,662.5,INR,wallet,failed,insufficient_funds,Customer account has insufficient balance.,209,8,4,1,634.28,False,0,11,smb_saas,734.99,True,True,True,SEND_RECOVERY_MESSAGE,662.5
txn_8b5cabea01a2,cust_535d18a0,2026-08-18 20:22:16.231825,566.72,USD,wallet,failed,bank_timeout,Issuing bank did not respond in time.,938,22,0,0,803.18,False,1,27,smb_saas,596.14,True,True,True,WAIT_AND_RETRY,566.72
txn_1a3b04dc1172,cust_271bc7e6,2026-08-04 19:52:16.356096,28884.44,INR,wallet,failed,limit_exceeded,Transaction exceeds customer limits.,85,19,3,3,57644.54,True,0,25,high_value,28894.19,True,True,False,CREATE_ESCALATION,0.0
txn_2b5e36e6227a,cust_d498fda5,2026-07-27 22:20:16.315955,28.54,INR,wallet,failed,temporary_bank_failure,Bank is experiencing intermittent issues.,602,9,0,0,38.17,True,1,26,smb_saas,38.73,True,True,True,WAIT_AND_RETRY,28.54
txn_72ce794d3267,cust_826c2fca,2026-08-18 13:22:16.320954,224.73,INR,wallet,failed,authentication_failed,OTP or 3D secure authentication failed.,812,12,5,3,386.19,False,1,24,ecommerce,230.08,True,True,False,CREATE_ESCALATION,0.0
txn_30389ffc8d0b,cust_3986c90b,2026-07-26 23:39:16.285813,333.45,INR,upi,failed,bank_timeout,Issuing bank did not respond in time.,123,38,3,0,429.49,False,2,20,smb_saas,380.52,True,True,True,WAIT_AND_RETRY,333.45
txn_b93529eabb80,cust_ce1d02ab,2026-08-05 00:41:16.341954,54.25,INR,card,failed,temporary_bank_failure,Bank is experiencing intermittent issues.,453,33,2,0,99.0,False,3,12,smb_saas,57.07,True,True,True,WAIT_AND_RETRY,54.25
txn_b26c6f33ba26,cust_a71106f8,2026-08-14 01:55:16.272812,1358.81,INR,wallet,failed,temporary_bank_failure,Bank is experiencing intermittent issues.,273,6,3,1,1680.36,True,0,12,ecommerce,1381.61,True,True,True,WAIT_AND_RETRY,1358.81
txn_fb046136f1aa,cust_759a10ce,2026-08-24 20:08:16.343954,29244.64,INR,card,failed,authentication_failed,OTP or 3D secure authentication failed.,276,47,5,5,31369.07,False,3,11,high_value,29339.24,True,True,False,CREATE_ESCALATION,0.0
txn_a0fe22f18740,cust_3e2a5ec4,2026-08-06 16:37:16.232825,368.95,INR,upi,failed,insufficient_funds,Customer account has insufficient balance.,543,6,4,2,661.93,False,1,14,mid_market,445.98,True,True,True,SEND_RECOVERY_MESSAGE,368.95
txn_e6ebb9f3bad2,cust_7ff05589,2026-08-04 11:39:16.310954,419.76,INR,wallet,failed,bank_timeout,Issuing bank did not respond in time.,545,47,5,3,626.03,False,0,29,smb_saas,483.66,True,True,True,WAIT_AND_RETRY,419.76
txn_c8d31a76642e,cust_1eae955b,2026-07-27 13:58:16.359096,1725.96,INR,upi,failed,insufficient_funds,Customer account has insufficient balance.,896,10,5,4,2175.88,True,2,20,ecommerce,1758.86,True,True,False,CREATE_ESCALATION,0.0
txn_1371182958e6,cust_71586bc3,2026-08-04 05:20:16.357097,4866.93,INR,upi,failed,temporary_bank_failure,Bank is experiencing intermittent issues.,302,41,5,5,6644.73,True,0,2,mid_market,4881.33,True,True,False,CREATE_ESCALATION,0.0
txn_9e41b612806d,cust_e7faf70c,2026-08-10 16:44:16.363096,234.28,INR,upi,failed,authentication_failed,OTP or 3D secure authentication failed.,242,47,0,0,197.56,True,3,0,smb_saas,244.73,True,True,True,RETRY_PAYMENT,234.28
txn_c4c48124da80,cust_7a5197ab,2026-08-24 17:02:16.361096,46548.86,INR,card,failed,insufficient_funds,Customer account has insufficient balance.,107,48,1,0,81401.68,False,1,23,high_value,46592.59,True,False,False,CREATE_ESCALATION,0.0
txn_f3a07f74ce95,cust_c3b8dad3,2026-08-18 21:07:16.280813,258.02,USD,card,failed,insufficient_funds,Customer account has insufficient balance.,449,32,1,1,246.45,False,3,12,smb_saas,318.78,True,True,True,SEND_RECOVERY_MESSAGE,258.02
txn_ba37ecdf042e,cust_9c524a6d,2026-08-22 01:06:16.341954,88.86,USD,upi,failed,insufficient_funds,Customer account has insufficient balance.,330,33,3,1,87.62,False,0,6,smb_saas,91.08,True,True,False,CREATE_ESCALATION,0.0
txn_980d95338136,cust_3c1dd9ed,2026-08-14 12:46:16.258223,143.87,INR,card,failed,insufficient_funds,Customer account has insufficient balance.,607,14,3,0,221.88,False,0,29,smb_saas,196.76,True,True,False,CREATE_ESCALATION,0.0
txn_3cbcaa374be0,cust_9a432f3e,2026-08-12 01:11:16.280813,495.57,USD,netbanking,failed,authentication_failed,OTP or 3D secure authentication failed.,198,49,5,5,426.91,False,3,13,ecommerce,535.35,True,True,True,RETRY_PAYMENT,495.57
txn_d142de374ce6,cust_1d834df8,2026-08-06 04:42:16.266812,743.89,INR,upi,failed,authentication_failed,OTP or 3D secure authentication failed.,50,40,2,2,602.04,False,2,19,smb_saas,801.23,True,True,False,CREATE_ESCALATION,0.0
txn_048a5682c0eb,cust_d0c4513e,2026-08-17 00:41:16.328954,2672.44,INR,card,failed,insufficient_funds,Customer account has insufficient balance.,36,9,5,0,4985.45,False,3,29,enterprise,2758.06,True,True,False,CREATE_ESCALATION,0.0
txn_f0f95390b9f4,cust_4056bfda,2026-08-25 02:58:16.343954,601.0,INR,wallet,failed,fraud_suspected,Transaction flagged by risk engine.,448,33,2,1,543.7,False,1,10,mid_market,680.44,True,False,False,STOP_AUTOMATION,0.0
txn_5c2e3802d9e1,cust_8aae0e47,2026-08-08 17:14:16.363096,3019.64,INR,wallet,failed,limit_exceeded,Transaction exceeds customer limits.,617,22,5,2,4307.66,False,3,10,mid_market,3045.64,True,True,False,CREATE_ESCALATION,0.0
txn_65810bd788e0,cust_e3dcfc2f,2026-07-29 09:43:16.304955,288.45,USD,wallet,failed,authentication_failed,OTP or 3D secure authentication failed.,773,2,3,2,327.52,False,2,23,smb_saas,348.13,True,True,False,CREATE_ESCALATION,0.0
txn_9405d807a6d7,cust_f4b807fc,2026-08-06 21:14:16.294364,2394.64,INR,upi,failed,authentication_failed,OTP or 3D secure authentication failed.,677,43,0,0,4172.59,False,1,30,mid_market,2475.14,True,True,True,RETRY_PAYMENT,2394.64
txn_523b347cbb4f,cust_9caa45ef,2026-08-20 12:15:16.248632,10442.94,INR,upi,failed,insufficient_funds,Customer account has insufficient balance.,679,38,2,2,9042.99,False,1,21,enterprise,10532.65,True,True,False,CREATE_ESCALATION,0.0
txn_37f22a72bd63,cust_1a6ba1f7,2026-08-20 04:53:16.302954,76.09,INR,wallet,failed,bank_timeout,Issuing bank did not respond in time.,821,16,5,3,139.47,True,1,16,smb_saas,149.46,True,True,True,WAIT_AND_RETRY,76.09
txn_bcc1e1281ac6,cust_34c366e8,2026-08-06 08:10:16.251632,343.4,INR,upi,failed,bank_timeout,Issuing bank did not respond in time.,10,38,0,0,636.48,False,0,15,ecommerce,406.29,True,True,True,WAIT_AND_RETRY,343.4
txn_8d23bc174954,cust_a17fcea8,2026-07-28 03:54:16.277813,2123.94,USD,wallet,failed,authentication_failed,OTP or 3D secure authentication failed.,279,14,4,2,1909.49,True,0,0,mid_market,2153.92,True,True,False,CREATE_ESCALATION,0.0
txn_d2bb27f12129,cust_6e3aacad,2026-08-15 22:54:16.235826,322.63,INR,card,failed,insufficient_funds,Customer account has insufficient balance.,816,5,2,2,643.47,False,3,5,smb_saas,412.27,True,False,False,CREATE_ESCALATION,0.0
txn_5b101bd1d317,cust_4f18ceba,2026-08-12 03:22:16.277813,6438.53,INR,wallet,failed,authentication_failed,OTP or 3D secure authentication failed.,79,8,1,0,8367.17,False,3,20,enterprise,6502.12,True,True,True,RETRY_PAYMENT,6438.53
txn_498ef8e6c8b5,cust_21d08cb3,2026-07-25 23:47:16.350954,1589.89,INR,card,failed,insufficient_funds,Customer account has insufficient balance.,678,12,1,0,1914.65,False,3,10,mid_market,1621.09,True,True,False,CREATE_ESCALATION,0.0
txn_e9244d696fad,cust_31cefeeb,2026-08-23 12:31:16.260223,1001.3,USD,netbanking,failed,limit_exceeded,Transaction exceeds customer limits.,409,30,1,0,1301.86,False,0,9,mid_market,1048.18,True,True,True,RETRY_PAYMENT,1001.3
txn_826e13c76332,cust_469aaca2,2026-08-02 18:59:16.293365,8722.27,INR,upi,failed,authentication_failed,OTP or 3D secure authentication failed.,47,7,2,2,13099.49,False,0,12,enterprise,8759.62,True,True,False,CREATE_ESCALATION,0.0
txn_3426e725389f,cust_d49195f0,2026-08-09 00:35:16.226172,609.51,INR,upi,failed,insufficient_funds,Customer account has insufficient balance.,26,30,0,0,685.07,False,0,26,ecommerce,703.58,True,True,True,SEND_RECOVERY_MESSAGE,609.51
txn_394b3ee204d9,cust_864d457b,2026-08-21 11:18:16.363096,2076.18,INR,card,failed,insufficient_funds,Customer account has insufficient balance.,74,32,0,0,1533.56,True,0,11,enterprise,2082.21,True,True,False,CREATE_ESCALATION,0.0
txn_d806a3854f72,cust_ddde2ed1,2026-07-27 12:57:16.308955,776.99,INR,upi,failed,insufficient_funds,Customer account has insufficient balance.,903,20,5,1,1356.69,False,2,23,mid_market,795.69,True,True,False,CREATE_ESCALATION,0.0
txn_29a8d83eef1f,cust_6dc390a8,2026-08-01 01:29:16.329954,3370.89,INR,upi,failed,bank_timeout,Issuing bank did not respond in time.,274,39,3,1,2280.56,False,0,30,enterprise,3407.4,True,True,True,WAIT_AND_RETRY,3370.89
txn_b837c41bf91b,cust_d4fcbc43,2026-08-09 00:11:16.359096,441.33,INR,netbanking,failed,authentication_failed,OTP or 3D secure authentication failed.,455,8,2,1,341.47,False,3,18,ecommerce,493.08,True,True,False,CREATE_ESCALATION,0.0
txn_79614821be82,cust_502d7230,2026-08-03 14:48:16.272812,356.02,INR,netbanking,failed,temporary_bank_failure,Bank is experiencing intermittent issues.,116,13,4,0,655.52,False,0,30,ecommerce,377.5,True,True,False,CREATE_ESCALATION,0.0
txn_f299380cfeee,cust_4074494e,2026-08-24 17:40:16.287327,639.26,INR,netbanking,failed,fraud_suspected,Transaction flagged by risk engine.,222,25,3,1,778.02,False,2,20,ecommerce,640.97,True,True,False,STOP_AUTOMATION,0.0
txn_91249050a7a8,cust_596a0620,2026-08-18 17:38:16.273812,3779.97,INR,netbanking,failed,insufficient_funds,Customer account has insufficient balance.,976,23,3,1,3259.4,False,0,14,mid_market,3855.32,True,True,False,CREATE_ESCALATION,0.0
txn_bd0cdf9ddc71,cust_6d778c4e,2026-08-19 01:37:16.362097,28.01,INR,wallet,failed,authentication_failed,OTP or 3D secure authentication failed.,345,41,2,1,28.27,False,2,22,smb_saas,108.9,True,True,False,CREATE_ESCALATION,0.0
txn_0b5a5a7c5456,cust_8eefa54b,2026-07-26 09:58:16.334955,1000.0,INR,netbanking,failed,fraud_suspected,Transaction flagged by risk engine.,710,8,2,1,1039.01,False,2,26,enterprise,1040.76,True,True,False,STOP_AUTOMATION,0.0
txn_c0d1f269e729,cust_ffab4ccb,2026-08-22 00:06:16.256176,184.48,INR,wallet,failed,insufficient_funds,Customer account has insufficient balance.,52,25,4,4,350.5,False,1,12,smb_saas,245.27,True,True,True,SEND_RECOVERY_MESSAGE,184.48
txn_24ea7fe5ebe5,cust_f1f4819f,2026-08-09 13:47:16.337954,498.84,USD,upi,failed,limit_exceeded,Transaction exceeds customer limits.,636,34,0,0,881.45,False,3,25,mid_market,575.11,True,True,False,CREATE_ESCALATION,0.0
txn_7d2dcb5422cf,cust_c161d5db,2026-07-30 23:44:16.343954,223.15,INR,netbanking,failed,insufficient_funds,Customer account has insufficient balance.,819,31,3,0,281.39,False,0,14,ecommerce,247.84,True,False,False,CREATE_ESCALATION,0.0
txn_f11241b53626,cust_021ef323,2026-08-24 22:18:16.356096,587.35,INR,card,failed,fraud_suspected,Transaction flagged by risk engine.,571,3,1,0,997.77,False,2,6,ecommerce,634.88,True,True,False,STOP_AUTOMATION,0.0
txn_d835d860b848,cust_2a598de3,2026-08-07 19:54:16.349954,37.6,INR,upi,failed,insufficient_funds,Customer account has insufficient balance.,97,30,2,2,48.58,True,3,8,smb_saas,117.61,True,True,True,SEND_RECOVERY_MESSAGE,37.6
txn_0a5220b0dca6,cust_7b0b69a7,2026-08-15 16:35:16.234825,1286.24,INR,wallet,failed,insufficient_funds,Customer account has insufficient balance.,47,42,3,2,1889.33,False,0,18,mid_market,1349.25,True,True,False,CREATE_ESCALATION,0.0
txn_30883dacdf03,cust_a8d6c607,2026-08-03 16:27:16.312954,24.77,INR,wallet,failed,insufficient_funds,Customer account has insufficient balance.,169,11,2,1,21.12,False,2,30,smb_saas,116.74,True,True,True,SEND_RECOVERY_MESSAGE,24.77
txn_9a190a50ea9f,cust_52cde442,2026-08-24 13:35:16.316954,644.14,INR,card,failed,insufficient_funds,Customer account has insufficient balance.,568,3,3,3,1166.76,True,1,14,ecommerce,703.2,True,True,False,CREATE_ESCALATION,0.0
txn_9b9d65ae9603,cust_ae14761e,2026-07-30 06:30:16.324955,2250.4,INR,wallet,failed,insufficient_funds,Customer account has insufficient balance.,210,46,5,4,2509.12,False,2,13,mid_market,2253.09,True,False,False,CREATE_ESCALATION,0.0
txn_b63fe4c99413,cust_035814d0,2026-08-03 22:14:16.336954,405.34,INR,upi,failed,bank_timeout,Issuing bank did not respond in time.,249,14,2,0,571.19,False,3,7,ecommerce,437.36,True,True,True,WAIT_AND_RETRY,405.34
txn_aa78f3af7ad5,cust_e56a7b85,2026-08-09 00:06:16.275813,149.33,INR,upi,failed,temporary_bank_failure,Bank is experiencing intermittent issues.,28,28,3,2,152.32,False,1,11,smb_saas,235.42,True,True,True,WAIT_AND_RETRY,149.33
txn_4c78e2206504,cust_1ca01474,2026-08-08 09:55:16.228825,725.22,INR,netbanking,failed,insufficient_funds,Customer account has insufficient balance.,987,12,3,3,988.01,True,3,16,ecommerce,735.87,True,True,True,SEND_RECOVERY_MESSAGE,725.22
txn_cafadd5dd880,cust_eafce3c4,2026-08-07 22:24:16.358096,126.82,INR,netbanking,failed,insufficient_funds,Customer account has insufficient balance.,76,7,5,3,209.46,False,2,16,smb_saas,148.48,True,True,False,CREATE_ESCALATION,0.0
txn_3de7ba5a2943,cust_8cbb50ef,2026-07-27 10:22:16.269812,16252.56,INR,wallet,failed,insufficient_funds,Customer account has insufficient balance.,349,47,5,1,22651.54,True,0,2,high_value,16264.14,True,True,True,SEND_RECOVERY_MESSAGE,16252.56
txn_f9049a8a6906,cust_bfdf5c23,2026-08-13 13:14:16.292365,116.8,INR,upi,failed,limit_exceeded,Transaction exceeds customer limits.,768,28,0,0,211.99,True,2,27,smb_saas,167.46,True,True,True,RETRY_PAYMENT,116.8
txn_1ac950c31640,cust_acf8c71a,2026-08-05 02:18:16.288365,13729.55,INR,card,failed,bank_timeout,Issuing bank did not respond in time.,798,32,0,0,18493.38,False,2,1,enterprise,13810.15,True,True,False,CREATE_ESCALATION,0.0
txn_e725b7ae07bf,cust_9710d2e9,2026-08-05 14:17:16.302954,8087.7,USD,netbanking,failed,limit_exceeded,Transaction exceeds customer limits.,613,4,5,0,7161.88,False,0,13,mid_market,8117.48,True,False,False,CREATE_ESCALATION,0.0
txn_6e5442553abd,cust_619fe568,2026-08-06 22:33:16.328954,1515.76,INR,upi,failed,insufficient_funds,Customer account has insufficient balance.,633,38,5,3,1024.76,False,0,1,ecommerce,1523.85,True,True,True,SEND_RECOVERY_MESSAGE,1515.76
txn_43fab08f1eb5,cust_11580d50,2026-08-10 13:50:16.336954,1000.0,INR,wallet,failed,insufficient_funds,Customer account has insufficient balance.,134,0,2,2,866.95,False,2,-1,enterprise,1083.63,True,True,False,CREATE_ESCALATION,0.0
txn_bac37f082a66,cust_cc2a234e,2026-08-12 00:13:16.308955,560.36,INR,netbanking,failed,bank_timeout,Issuing bank did not respond in time.,979,30,5,5,1087.31,False,0,5,smb_saas,565.29,True,True,True,WAIT_AND_RETRY,560.36
txn_899a8322fb8f,cust_5948eefe,2026-08-03 12:10:16.360096,1655.23,INR,wallet,failed,temporary_bank_failure,Bank is experiencing intermittent issues.,476,34,5,4,2651.97,True,3,15,mid_market,1714.51,True,True,True,WAIT_AND_RETRY,1655.23
txn_8a28ceed9ed7,cust_b0466f6d,2026-08-01 07:31:16.256176,329.41,INR,netbanking,failed,insufficient_funds,Customer account has insufficient balance.,664,18,5,3,570.61,False,2,29,ecommerce,330.35,True,True,True,SEND_RECOVERY_MESSAGE,329.41
txn_f2ece06a3081,cust_c6e0302c,2026-07-30 02:07:16.360096,419.39,INR,wallet,failed,insufficient_funds,Customer account has insufficient balance.,221,23,1,0,719.29,True,2,13,smb_saas,482.68,True,True,False,CREATE_ESCALATION,0.0
txn_03e4430d440a,cust_afa9b7c1,2026-07-31 03:18:16.299954,646.69,USD,wallet,failed,insufficient_funds,Customer account has insufficient balance.,686,16,2,2,1194.57,False,1,13,ecommerce,689.98,True,True,False,CREATE_ESCALATION,0.0
txn_9134ee095f9f,cust_8b3ae50d,2026-08-25 06:15:16.234825,70.77,INR,upi,failed,temporary_bank_failure,Bank is experiencing intermittent issues.,434,4,1,0,52.85,False,0,0,smb_saas,118.77,True,True,True,WAIT_AND_RETRY,70.77
txn_462bfaa65daf,cust_a90c7391,2026-08-01 02:15:16.258223,830.79,USD,upi,failed,authentication_failed,OTP or 3D secure authentication failed.,576,9,3,2,1618.93,False,1,14,smb_saas,839.83,True,True,False,CREATE_ESCALATION,0.0
txn_f25af2855fb6,cust_6abcbf7d,2026-08-21 06:23:16.355058,107.6,INR,upi,failed,temporary_bank_failure,Bank is experiencing intermittent issues.,383,18,4,1,123.99,True,1,19,smb_saas,145.2,True,True,False,CREATE_ESCALATION,0.0
txn_02ec269d6d41,cust_fe9b699e,2026-08-07 08:52:16.248632,603.97,USD,card,failed,insufficient_funds,Customer account has insufficient balance.,729,38,3,3,955.41,False,0,19,smb_saas,701.53,True,True,True,SEND_RECOVERY_MESSAGE,603.97
txn_935c446d6a36,cust_cd3e6f83,2026-08-24 04:28:16.353498,206.85,INR,netbanking,failed,insufficient_funds,Customer account has insufficient balance.,140,25,0,0,336.44,True,0,2,ecommerce,255.21,True,True,False,CREATE_ESCALATION,0.0
txn_570bd3bc26b0,cust_4380bc88,2026-07-29 00:07:16.349954,315.22,INR,netbanking,failed,limit_exceeded,Transaction exceeds customer limits.,372,4,3,2,390.25,False,1,7,smb_saas,382.3,True,True,False,CREATE_ESCALATION,0.0
txn_f6c573a66a4f,cust_9773cf00,2026-08-19 17:44:16.248632,355.46,INR,card,failed,limit_exceeded,Transaction exceeds customer limits.,782,1,3,1,542.92,True,1,3,smb_saas,450.74,True,True,False,CREATE_ESCALATION,0.0
txn_21a0dfe735a0,cust_0ec70f61,2026-07-30 10:17:16.260223,1961.89,INR,netbanking,failed,limit_exceeded,Transaction exceeds customer limits.,209,44,3,3,1827.9,False,1,18,ecommerce,2042.93,True,True,False,CREATE_ESCALATION,0.0
txn_e82208d486da,cust_e2b9b131,2026-08-15 12:44:16.326954,2110.76,INR,wallet,failed,limit_exceeded,Transaction exceeds customer limits.,470,42,1,0,2309.3,False,3,30,mid_market,2165.87,True,True,True,RETRY_PAYMENT,2110.76
txn_e5b4fb11881b,cust_ed86a679,2026-08-22 06:53:16.355058,1555.27,INR,upi,failed,insufficient_funds,Customer account has insufficient balance.,141,44,4,1,917.05,False,3,4,ecommerce,1654.65,True,True,False,CREATE_ESCALATION,0.0
txn_610d7be0bcb6,cust_3593d584,2026-07-29 18:28:16.334955,578.09,USD,upi,failed,authentication_failed,OTP or 3D secure authentication failed.,817,46,0,0,335.89,False,1,20,smb_saas,627.79,True,True,True,RETRY_PAYMENT,578.09
txn_401b1de9dc22,cust_83977efa,2026-08-12 00:45:16.345955,451.3,INR,card,failed,insufficient_funds,Customer account has insufficient balance.,559,47,3,3,473.95,True,2,29,smb_saas,453.98,True,True,True,SEND_RECOVERY_MESSAGE,451.3
txn_657b313ecd3a,cust_226459d5,2026-08-13 22:21:16.245005,1312.72,USD,upi,failed,insufficient_funds,Customer account has insufficient balance.,104,35,1,0,977.83,True,3,5,ecommerce,1368.89,True,True,False,CREATE_ESCALATION,0.0
txn_0f50964a8437,cust_be2220b2,2026-08-08 06:16:16.249632,368.22,INR,wallet,failed,temporary_bank_failure,Bank is experiencing intermittent issues.,573,20,0,0,601.66,False,2,26,smb_saas,394.39,True,True,True,WAIT_AND_RETRY,368.22
txn_1edcae7b98a2,cust_688af25b,2026-08-01 10:04:16.318954,204.57,USD,card,failed,authentication_failed,OTP or 3D secure authentication failed.,375,38,2,0,208.27,False,0,18,ecommerce,257.21,True,True,True,RETRY_PAYMENT,204.57
txn_e501cc37a50b,cust_82df6396,2026-08-24 16:08:16.310954,4517.62,INR,wallet,failed,authentication_failed,OTP or 3D secure authentication failed.,110,44,2,1,6948.14,True,3,9,mid_market,4525.4,True,True,False,CREATE_ESCALATION,0.0
txn_836962518bf6,cust_b4b94a09,2026-07-26 22:19:16.245005,257.88,INR,wallet,failed,insufficient_funds,Customer account has insufficient balance.,37,44,5,2,398.5,False,3,13,ecommerce,328.61,True,True,False,CREATE_ESCALATION,0.0
txn_efa68ccea5ed,cust_d9dab27a,2026-08-25 05:58:16.313954,692.91,INR,upi,failed,authentication_failed,OTP or 3D secure authentication failed.,292,19,5,1,379.7,True,1,23,smb_saas,792.49,True,True,True,RETRY_PAYMENT,692.91
txn_6d7e31265b8b,cust_f65f7a69,2026-08-01 10:11:16.314954,2517.43,INR,card,failed,authentication_failed,OTP or 3D secure authentication failed.,584,41,0,0,4862.7,False,2,12,ecommerce,2587.48,True,True,True,RETRY_PAYMENT,2517.43
txn_a4b53934eb7a,cust_c516ffe8,2026-08-13 04:41:16.283812,1216.89,INR,netbanking,failed,fraud_suspected,Transaction flagged by risk engine.,484,42,1,1,1199.18,False,3,2,ecommerce,1235.82,True,True,False,STOP_AUTOMATION,0.0
txn_94de8905b2fe,cust_f0dd977a,2026-08-19 15:56:16.353498,2352.8,INR,netbanking,failed,limit_exceeded,Transaction exceeds customer limits.,898,24,5,2,3225.38,False,3,28,mid_market,2422.86,True,True,False,CREATE_ESCALATION,0.0
txn_ead3ee5420e0,cust_0d1e560b,2026-07-31 16:36:16.259223,10.8,INR,upi,failed,insufficient_funds,Customer account has insufficient balance.,618,23,3,3,9.32,True,1,22,smb_saas,81.45,True,True,True,SEND_RECOVERY_MESSAGE,10.8
txn_f8047718a64a,cust_0425503a,2026-08-03 17:02:16.280813,306.75,INR,wallet,failed,insufficient_funds,Customer account has insufficient balance.,370,9,5,0,560.15,True,0,3,smb_saas,350.42,True,True,False,CREATE_ESCALATION,0.0
txn_1a48b4218c59,cust_a6f3e9e2,2026-08-12 09:44:16.278812,1294.42,USD,wallet,failed,authentication_failed,OTP or 3D secure authentication failed.,915,20,1,1,1565.04,True,1,8,ecommerce,1351.92,True,True,True,RETRY_PAYMENT,1294.42
txn_01b2a4643505,cust_966bbcbb,2026-08-03 23:38:16.359096,10265.52,USD,netbanking,failed,authentication_failed,OTP or 3D secure authentication failed.,484,50,2,0,11256.61,False,0,27,enterprise,10329.87,True,True,False,CREATE_ESCALATION,0.0
txn_09c62372aa69,cust_b8616bd5,2026-07-27 22:51:16.241825,203.24,INR,card,failed,bank_timeout,Issuing bank did not respond in time.,770,25,0,0,143.72,True,1,9,smb_saas,246.78,True,True,True,WAIT_AND_RETRY,203.24
txn_7e0cc113eb06,cust_974fbdbf,2026-08-19 20:44:16.337954,3062.05,INR,netbanking,failed,authentication_failed,OTP or 3D secure authentication failed.,716,35,2,2,2029.58,False,1,6,mid_market,3153.56,True,True,True,RETRY_PAYMENT,3062.05
txn_dce498497254,cust_5862fc94,2026-08-13 23:13:16.287327,556.35,INR,netbanking,failed,insufficient_funds,Customer account has insufficient balance.,668,1,1,0,951.04,False,3,15,ecommerce,655.77,True,True,False,CREATE_ESCALATION,0.0
txn_93b39b1fd42b,cust_250536ef,2026-08-22 03:22:16.246043,31.24,INR,card,failed,insufficient_funds,Customer account has insufficient balance.,72,17,0,0,21.59,True,3,6,smb_saas,35.23,True,True,True,SEND_RECOVERY_MESSAGE,31.24
txn_84b81e01b78e,cust_551d55c2,2026-08-02 16:44:16.347954,37.73,USD,card,failed,limit_exceeded,Transaction exceeds customer limits.,252,21,5,1,67.4,False,0,14,smb_saas,101.25,True,True,False,CREATE_ESCALATION,0.0
txn_fce8c97d1701,cust_b4728a64,2026-07-26 05:16:16.290365,24.38,INR,netbanking,failed,temporary_bank_failure,Bank is experiencing intermittent issues.,939,18,3,1,41.07,False,0,17,smb_saas,69.15,True,True,True,WAIT_AND_RETRY,24.38
txn_585cf84d37e2,cust_79765d0b,2026-07-31 13:17:16.339954,60.16,INR,netbanking,failed,bank_timeout,Issuing bank did not respond in time.,878,13,4,0,112.84,False,3,7,smb_saas,132.23,True,True,True,WAIT_AND_RETRY,60.16
txn_27eb3f763968,cust_75d26640,2026-08-21 06:21:16.259223,5361.24,INR,card,failed,insufficient_funds,Customer account has insufficient balance.,983,14,0,0,2711.02,False,2,7,enterprise,5382.58,True,True,False,CREATE_ESCALATION,0.0
txn_0bc6e8f4d127,cust_b38cfd40,2026-08-21 18:02:16.286812,108.09,INR,netbanking,failed,insufficient_funds,Customer account has insufficient balance.,61,50,3,2,148.06,True,3,0,smb_saas,160.39,True,True,False,CREATE_ESCALATION,0.0
txn_8d76ef43a87e,cust_437bc4b4,2026-08-25 11:17:16.248632,350.73,INR,netbanking,failed,limit_exceeded,Transaction exceeds customer limits.,611,7,5,3,657.62,False,1,12,smb_saas,387.52,True,True,False,CREATE_ESCALATION,0.0
txn_0b009dcfdd1a,cust_b5078be8,2026-08-15 11:28:16.256176,590.92,INR,netbanking,failed,insufficient_funds,Customer account has insufficient balance.,912,45,2,1,678.33,True,0,3,ecommerce,596.78,True,True,False,CREATE_ESCALATION,0.0
txn_0435dda34c5d,cust_5843043f,2026-08-01 04:46:16.274812,1936.17,USD,netbanking,failed,fraud_suspected,Transaction flagged by risk engine.,892,22,1,1,1587.29,False,1,6,mid_market,2011.07,True,False,False,STOP_AUTOMATION,0.0
txn_580566efd08f,cust_c8d6cae3,2026-08-21 18:43:16.260223,1234.42,INR,card,failed,limit_exceeded,Transaction exceeds customer limits.,49,29,4,1,1023.54,False,1,12,ecommerce,1289.75,True,True,False,CREATE_ESCALATION,0.0
txn_b6d9b5b31e28,cust_02a70648,2026-08-19 01:45:16.342954,553.07,INR,upi,failed,bank_timeout,Issuing bank did not respond in time.,290,0,5,2,521.15,False,2,-1,ecommerce,560.34,True,True,False,CREATE_ESCALATION,0.0
txn_5861fc2efa48,cust_ae55dfa5,2026-08-10 00:36:16.247585,540.18,INR,card,failed,insufficient_funds,Customer account has insufficient balance.,193,0,4,2,283.96,False,2,-1,ecommerce,605.05,True,True,False,CREATE_ESCALATION,0.0
txn_0d33043cd94b,cust_4411b2f1,2026-08-01 07:42:16.223629,7929.78,INR,card,failed,insufficient_funds,Customer account has insufficient balance.,203,11,4,1,13007.4,False,1,30,high_value,8007.06,True,True,False,CREATE_ESCALATION,0.0
txn_22616d947dfa,cust_755ece96,2026-08-16 18:08:16.251632,1687.41,USD,upi,failed,authentication_failed,OTP or 3D secure authentication failed.,564,3,2,2,2724.74,False,0,29,ecommerce,1710.47,True,True,True,RETRY_PAYMENT,1687.41
txn_4babc0a9f09a,cust_18e24756,2026-08-01 02:59:16.228825,169.59,INR,netbanking,failed,insufficient_funds,Customer account has insufficient balance.,940,29,0,0,334.24,False,2,26,smb_saas,243.78,True,True,False,CREATE_ESCALATION,0.0
txn_19a8559cb3dd,cust_bac37e20,2026-08-15 18:37:16.325954,12003.51,INR,netbanking,failed,limit_exceeded,Transaction exceeds customer limits.,233,47,0,0,19058.43,False,3,22,high_value,12032.38,True,False,False,CREATE_ESCALATION,0.0
txn_b9165ee1d555,cust_5e2a7f8e,2026-08-15 09:47:16.322954,43.5,USD,netbanking,failed,insufficient_funds,Customer account has insufficient balance.,557,35,5,0,27.0,False,3,27,smb_saas,97.01,True,True,False,CREATE_ESCALATION,0.0
txn_16c19b92a0b6,cust_01b98ab7,2026-08-13 05:44:16.345955,644.02,USD,wallet,failed,limit_exceeded,Transaction exceeds customer limits.,728,17,0,0,851.87,True,2,4,ecommerce,733.09,True,True,False,CREATE_ESCALATION,0.0
txn_5c11ef2264d2,cust_2615430b,2026-07-28 04:50:16.328954,5000.0,USD,wallet,failed,insufficient_funds,Customer account has insufficient balance.,35,18,1,0,4374.15,False,2,7,high_value,5056.18,True,True,False,CREATE_ESCALATION,0.0
txn_f1f7a58cf9d9,cust_64cb2cb1,2026-08-12 02:46:16.337954,283.5,INR,upi,failed,insufficient_funds,Customer account has insufficient balance.,642,4,3,1,435.04,False,3,16,smb_saas,378.96,True,True,False,CREATE_ESCALATION,0.0
txn_d478005da899,cust_444c3b74,2026-08-03 17:18:16.267812,1035.97,INR,card,failed,insufficient_funds,Customer account has insufficient balance.,130,43,1,0,1756.12,True,2,20,ecommerce,1101.74,True,True,True,SEND_RECOVERY_MESSAGE,1035.97
txn_95df887f09e7,cust_98cac806,2026-08-21 19:49:16.246043,1065.82,INR,netbanking,failed,insufficient_funds,Customer account has insufficient balance.,249,10,4,3,2049.29,False,2,29,ecommerce,1154.75,True,True,False,CREATE_ESCALATION,0.0
txn_d7252e29a868,cust_2c61c350,2026-08-10 11:19:16.261223,17.09,INR,card,failed,insufficient_funds,Customer account has insufficient balance.,444,30,4,3,12.92,True,0,15,smb_saas,96.93,True,True,True,SEND_RECOVERY_MESSAGE,17.09
txn_0b544d667c69,cust_79eb61d5,2026-08-16 20:25:16.295908,897.7,INR,wallet,failed,temporary_bank_failure,Bank is experiencing intermittent issues.,214,15,5,2,984.88,True,3,20,smb_saas,915.62,True,True,True,WAIT_AND_RETRY,897.7
txn_09e6d660db39,cust_70e6e87c,2026-08-18 05:46:16.246043,613.88,INR,upi,failed,insufficient_funds,Customer account has insufficient balance.,32,18,0,0,477.95,False,0,2,smb_saas,639.22,True,False,True,SEND_RECOVERY_MESSAGE,613.88
txn_1a15f80de320,cust_3fcdd74f,2026-08-17 01:19:16.317954,6053.18,INR,netbanking,failed,insufficient_funds,Customer account has insufficient balance.,529,33,5,1,7328.07,False,2,28,mid_market,6111.0,True,True,False,CREATE_ESCALATION,0.0
txn_ad5a81d8953b,cust_dae34755,2026-08-16 06:58:16.243446,277.75,INR,wallet,failed,insufficient_funds,Customer account has insufficient balance.,577,25,3,0,456.44,False,3,11,smb_saas,342.33,True,True,False,CREATE_ESCALATION,0.0
txn_1712bc5a38be,cust_6e1340aa,2026-08-17 07:21:16.368097,372.6,INR,netbanking,failed,temporary_bank_failure,Bank is experiencing intermittent issues.,255,50,5,1,243.56,False,2,9,smb_saas,470.87,True,True,True,WAIT_AND_RETRY,372.6
txn_e84ab3a04279,cust_c258cecc,2026-08-16 09:32:16.283812,23118.11,INR,upi,failed,authentication_failed,OTP or 3D secure authentication failed.,403,22,2,0,32230.95,False,1,26,enterprise,23191.24,True,True,False,CREATE_ESCALATION,0.0
txn_df668d713130,cust_e5ee6261,2026-08-25 13:04:16.342954,6103.55,USD,card,failed,insufficient_funds,Customer account has insufficient balance.,310,20,1,0,4671.13,True,0,24,mid_market,6132.37,True,True,True,SEND_RECOVERY_MESSAGE,6103.55
txn_88cbcd0e3479,cust_6538e696,2026-08-09 11:21:16.351955,1305.55,INR,card,failed,insufficient_funds,Customer account has insufficient balance.,475,20,2,2,1855.66,False,0,2,ecommerce,1381.19,True,True,False,CREATE_ESCALATION,0.0
txn_395beccc62f3,cust_96702d1f,2026-08-02 19:21:16.263223,178.19,INR,upi,failed,authentication_failed,OTP or 3D secure authentication failed.,714,29,3,1,333.57,False,1,27,smb_saas,275.4,True,True,False,CREATE_ESCALATION,0.0
txn_72f2dc8ce768,cust_9a3d0e99,2026-08-14 05:33:16.336954,5146.86,INR,wallet,failed,bank_timeout,Issuing bank did not respond in time.,477,44,4,4,5371.85,False,0,23,mid_market,5241.14,True,True,True,WAIT_AND_RETRY,5146.86
txn_a42923b210f9,cust_6f311727,2026-08-23 06:29:16.328954,905.6,USD,netbanking,failed,insufficient_funds,Customer account has insufficient balance.,969,35,1,1,742.39,False,2,15,ecommerce,909.61,True,True,True,SEND_RECOVERY_MESSAGE,905.6
txn_c5b717f3e754,cust_f0f15fae,2026-08-10 20:25:16.285813,575.27,INR,upi,failed,insufficient_funds,Customer account has insufficient balance.,853,49,2,2,1024.73,False,1,21,ecommerce,582.23,True,True,False,CREATE_ESCALATION,0.0
txn_038898c536bc,cust_782aec6b,2026-07-26 22:44:16.247585,994.39,INR,netbanking,failed,authentication_failed,OTP or 3D secure authentication failed.,774,29,0,0,993.3,False,0,15,mid_market,1077.35,True,True,True,RETRY_PAYMENT,994.39
txn_9c92afc2762a,cust_ef4fd7b9,2026-07-28 14:11:16.297955,3785.47,INR,wallet,failed,insufficient_funds,Customer account has insufficient balance.,21,24,3,2,4764.06,False,1,22,mid_market,3816.51,True,True,False,CREATE_ESCALATION,0.0
txn_ebf2920a1af4,cust_72724335,2026-08-01 19:43:16.282812,565.58,INR,netbanking,failed,temporary_bank_failure,Bank is experiencing intermittent issues.,443,16,2,0,484.92,False,0,8,smb_saas,572.84,True,True,True,WAIT_AND_RETRY,565.58
txn_984679eb2592,cust_58894f7a,2026-08-04 13:28:16.244491,29.77,INR,upi,failed,temporary_bank_failure,Bank is experiencing intermittent issues.,943,21,3,3,49.9,False,0,10,smb_saas,54.39,True,True,False,CREATE_ESCALATION,0.0
txn_f3740cd81e88,cust_14bdc675,2026-08-04 23:05:16.236825,1886.46,INR,upi,failed,insufficient_funds,Customer account has insufficient balance.,457,6,0,0,1796.31,False,1,17,ecommerce,1958.54,True,True,True,SEND_RECOVERY_MESSAGE,1886.46
txn_9be0030fe075,cust_e3a29773,2026-08-11 07:55:16.313954,135.31,INR,upi,failed,insufficient_funds,Customer account has insufficient balance.,268,20,2,1,135.37,True,1,20,smb_saas,149.54,True,True,True,SEND_RECOVERY_MESSAGE,135.31
txn_c8ff8fa510ce,cust_bfd8f450,2026-08-03 23:36:16.284812,11200.72,INR,upi,failed,temporary_bank_failure,Bank is experiencing intermittent issues.,326,35,3,1,20288.81,True,3,0,enterprise,11204.22,True,True,True,WAIT_AND_RETRY,11200.72
txn_37887cc500e7,cust_d50d1e45,2026-08-07 01:12:16.314954,571.77,INR,netbanking,failed,insufficient_funds,Customer account has insufficient balance.,528,5,4,1,483.9,False,1,15,mid_market,669.05,True,True,False,CREATE_ESCALATION,0.0
txn_22c19fa4cf82,cust_c539a88b,2026-08-17 12:33:16.235826,172.65,INR,wallet,failed,insufficient_funds,Customer account has insufficient balance.,764,25,1,1,96.11,True,1,10,ecommerce,239.68,True,True,True,SEND_RECOVERY_MESSAGE,172.65
txn_002542e7a77e,cust_5abb1458,2026-08-07 01:47:16.228825,473.1,INR,netbanking,failed,authentication_failed,OTP or 3D secure authentication failed.,110,9,3,2,421.98,False,2,19,smb_saas,500.66,True,True,False,CREATE_ESCALATION,0.0
txn_c017ba6385d8,cust_7399bec8,2026-08-23 15:52:16.264223,87.94,USD,netbanking,failed,insufficient_funds,Customer account has insufficient balance.,958,23,3,3,62.67,False,2,12,ecommerce,170.21,True,True,False,CREATE_ESCALATION,0.0
txn_5662e5e1067b,cust_8bf03cc0,2026-08-03 00:39:16.222629,173.38,INR,card,failed,authentication_failed,OTP or 3D secure authentication failed.,556,3,5,2,101.56,False,1,1,ecommerce,269.46,True,True,True,RETRY_PAYMENT,173.38
txn_55f4cb4223ee,cust_36c13394,2026-08-25 02:17:16.258223,1587.81,INR,netbanking,failed,insufficient_funds,Customer account has insufficient balance.,222,49,5,2,2549.5,True,3,5,ecommerce,1643.35,True,True,False,CREATE_ESCALATION,0.0
txn_a290056788d4,cust_6181e618,2026-08-03 15:47:16.236825,14511.75,INR,netbanking,failed,insufficient_funds,Customer account has insufficient balance.,631,21,0,0,27354.35,False,0,19,high_value,14526.86,True,True,False,CREATE_ESCALATION,0.0
txn_10119f64ff47,cust_8c007456,2026-08-06 09:41:16.262223,8329.08,INR,upi,failed,authentication_failed,OTP or 3D secure authentication failed.,232,2,2,0,15554.33,True,3,12,enterprise,8347.46,True,True,False,CREATE_ESCALATION,0.0
txn_50f59fd3feb3,cust_b910d9a3,2026-08-07 09:59:16.319954,214.77,INR,card,failed,limit_exceeded,Transaction exceeds customer limits.,921,37,5,4,107.93,False,0,2,smb_saas,290.39,True,True,False,CREATE_ESCALATION,0.0
txn_34576902bb64,cust_a7ece43f,2026-08-08 01:38:16.274812,12005.7,INR,wallet,failed,insufficient_funds,Customer account has insufficient balance.,446,24,3,0,15588.39,False,3,9,high_value,12037.8,True,True,False,CREATE_ESCALATION,0.0
txn_13a892f4180a,cust_2a8e4223,2026-07-25 23:18:16.279813,259.34,INR,upi,failed,insufficient_funds,Customer account has insufficient balance.,906,18,4,2,203.44,False,0,15,mid_market,287.34,True,True,False,CREATE_ESCALATION,0.0
txn_f8a323fb5c28,cust_2ef299eb,2026-08-02 23:44:16.309954,229.39,INR,netbanking,failed,temporary_bank_failure,Bank is experiencing intermittent issues.,489,47,5,1,412.07,True,0,2,smb_saas,273.28,True,True,True,WAIT_AND_RETRY,229.39
txn_6d7a58c33221,cust_9f5aa36d,2026-08-04 17:07:16.339954,1000.0,INR,wallet,failed,limit_exceeded,Transaction exceeds customer limits.,210,25,1,1,1558.27,False,3,0,enterprise,1031.29,True,True,False,CREATE_ESCALATION,0.0
txn_e0ca8464b851,cust_a8d9b384,2026-08-24 18:40:16.233825,308.86,INR,card,failed,fraud_suspected,Transaction flagged by risk engine.,641,21,3,0,352.79,False,3,11,smb_saas,314.5,True,True,False,STOP_AUTOMATION,0.0
txn_9f3b4d613765,cust_cbb7717c,2026-07-27 23:56:16.343954,160.77,USD,wallet,failed,limit_exceeded,Transaction exceeds customer limits.,926,38,3,2,153.09,False,1,26,ecommerce,255.12,True,True,False,CREATE_ESCALATION,0.0
txn_eb586a8b1d34,cust_37ad189c,2026-08-06 18:13:16.250632,141.37,USD,wallet,failed,bank_timeout,Issuing bank did not respond in time.,70,27,0,0,89.6,True,0,18,smb_saas,230.98,True,False,True,WAIT_AND_RETRY,141.37
txn_786abe1bf98e,cust_5e294865,2026-07-28 18:36:16.276813,1472.08,USD,card,failed,insufficient_funds,Customer account has insufficient balance.,127,50,1,0,1819.83,False,3,11,mid_market,1491.81,True,True,True,SEND_RECOVERY_MESSAGE,1472.08
txn_0c88230c2097,cust_88848a70,2026-07-30 06:21:16.224629,891.25,INR,card,failed,authentication_failed,OTP or 3D secure authentication failed.,998,22,0,0,1029.96,False,2,19,ecommerce,968.15,True,False,True,RETRY_PAYMENT,891.25
txn_f6d25f0092bc,cust_acbb9c77,2026-07-29 02:29:16.254632,298.14,INR,netbanking,failed,insufficient_funds,Customer account has insufficient balance.,473,13,3,0,554.14,False,3,6,smb_saas,336.05,True,True,False,CREATE_ESCALATION,0.0
txn_256b1c8f3dc3,cust_63d0caab,2026-07-31 18:08:16.362097,3473.79,USD,wallet,failed,temporary_bank_failure,Bank is experiencing intermittent issues.,455,22,4,1,3914.7,False,1,16,mid_market,3536.95,True,True,True,WAIT_AND_RETRY,3473.79
txn_f02c002db6f1,cust_a0a20b06,2026-08-13 16:44:16.282812,516.12,INR,upi,failed,temporary_bank_failure,Bank is experiencing intermittent issues.,721,48,3,0,908.12,False,2,22,ecommerce,609.02,True,True,True,WAIT_AND_RETRY,516.12
txn_6ddc5612e03b,cust_60850983,2026-08-03 05:56:16.291365,61.64,INR,netbanking,failed,authentication_failed,OTP or 3D secure authentication failed.,396,8,0,0,78.07,False,3,10,smb_saas,124.75,True,True,True,RETRY_PAYMENT,61.64
txn_9fb70fbe71c0,cust_e573f950,2026-08-23 00:29:16.294364,744.88,INR,netbanking,failed,authentication_failed,OTP or 3D secure authentication failed.,813,40,5,5,392.25,False,2,10,ecommerce,831.79,True,True,True,RETRY_PAYMENT,744.88
txn_ce56fe7af1b3,cust_4de5c4b4,2026-07-30 22:31:16.295908,666.22,INR,wallet,failed,limit_exceeded,Transaction exceeds customer limits.,754,2,5,0,1192.07,True,0,4,smb_saas,765.5,True,True,False,CREATE_ESCALATION,0.0
txn_ec75750f6d20,cust_ce3b2379,2026-08-02 09:49:16.322954,3679.53,USD,wallet,failed,authentication_failed,OTP or 3D secure authentication failed.,353,29,0,0,6327.88,False,2,14,mid_market,3681.72,True,True,False,CREATE_ESCALATION,0.0
txn_22f1488286f0,cust_623432e7,2026-08-15 20:57:16.260223,196.88,INR,upi,failed,authentication_failed,OTP or 3D secure authentication failed.,874,40,2,2,107.17,False,3,22,smb_saas,278.8,True,True,False,CREATE_ESCALATION,0.0
txn_e1e7c7d6f321,cust_bc9b0e61,2026-08-10 17:00:16.224629,9996.73,INR,upi,failed,authentication_failed,OTP or 3D secure authentication failed.,139,19,0,0,9979.99,False,2,14,enterprise,10030.2,True,True,False,CREATE_ESCALATION,0.0
txn_a4b27ec56331,cust_187c26ac,2026-08-02 05:33:16.232825,354.98,USD,wallet,failed,insufficient_funds,Customer account has insufficient balance.,447,9,1,1,272.3,False,3,23,ecommerce,374.4,True,True,True,SEND_RECOVERY_MESSAGE,354.98
txn_ea707e04854e,cust_82af1e3c,2026-08-13 09:32:16.335955,1007.26,INR,wallet,failed,insufficient_funds,Customer account has insufficient balance.,174,32,5,5,1925.42,False,2,22,ecommerce,1076.86,True,True,True,SEND_RECOVERY_MESSAGE,1007.26
txn_60989b27e271,cust_925b0684,2026-08-21 16:26:16.297955,606.33,INR,card,failed,fraud_suspected,Transaction flagged by risk engine.,446,28,2,1,324.35,False,0,8,smb_saas,625.16,True,True,False,STOP_AUTOMATION,0.0
txn_a056e75902b3,cust_a6850d5a,2026-08-18 10:44:16.316954,727.0,USD,netbanking,failed,bank_timeout,Issuing bank did not respond in time.,334,27,2,0,728.44,False,1,22,ecommerce,822.26,True,True,True,WAIT_AND_RETRY,727.0
txn_7da1c398ec4f,cust_f669943e,2026-08-18 04:02:16.322954,339.81,INR,card,failed,temporary_bank_failure,Bank is experiencing intermittent issues.,787,45,4,1,171.94,False,1,18,smb_saas,365.85,True,True,True,WAIT_AND_RETRY,339.81
txn_8accad99e85c,cust_93fd4e17,2026-08-07 13:55:16.276813,2108.01,INR,upi,failed,insufficient_funds,Customer account has insufficient balance.,246,46,4,3,3574.39,False,1,11,ecommerce,2112.5,True,True,True,SEND_RECOVERY_MESSAGE,2108.01
txn_b1bb528258bc,cust_cd10ae5c,2026-08-18 10:06:16.311954,71.46,INR,upi,failed,authentication_failed,OTP or 3D secure authentication failed.,576,32,3,2,83.84,False,2,8,smb_saas,155.47,True,True,False,CREATE_ESCALATION,0.0
txn_19e4926be173,cust_f6764fb3,2026-08-15 15:17:16.232825,171.24,INR,wallet,failed,authentication_failed,OTP or 3D secure authentication failed.,176,48,2,0,313.3,False,1,18,ecommerce,268.25,True,True,True,RETRY_PAYMENT,171.24
txn_77ab018be3d1,cust_56ecb167,2026-08-19 18:43:16.234825,962.87,INR,upi,failed,insufficient_funds,Customer account has insufficient balance.,789,29,1,1,1090.76,True,1,23,ecommerce,1033.13,True,False,True,SEND_RECOVERY_MESSAGE,962.87
txn_7b52090700d6,cust_e84ac149,2026-08-20 12:06:16.344954,92.5,INR,card,failed,bank_timeout,Issuing bank did not respond in time.,128,14,5,5,123.26,True,2,24,ecommerce,143.97,True,True,True,WAIT_AND_RETRY,92.5
txn_eaf8972b23a9,cust_db15d3bd,2026-08-09 19:48:16.302954,626.02,INR,upi,failed,authentication_failed,OTP or 3D secure authentication failed.,625,10,3,2,701.56,True,0,0,smb_saas,722.97,True,True,False,CREATE_ESCALATION,0.0
txn_f20d0fe796b3,cust_29cea120,2026-08-23 01:10:16.315955,458.61,INR,wallet,failed,bank_timeout,Issuing bank did not respond in time.,442,42,3,1,247.19,False,3,5,mid_market,518.28,True,True,True,WAIT_AND_RETRY,458.61
txn_99ca89eaf2fe,cust_72ace75a,2026-07-26 20:16:16.280813,2154.49,USD,wallet,failed,authentication_failed,OTP or 3D secure authentication failed.,900,43,5,2,4003.33,True,2,10,mid_market,2212.42,True,True,False,CREATE_ESCALATION,0.0
txn_54ff3f94b13f,cust_d4a25365,2026-08-06 13:21:16.362097,1088.13,INR,wallet,failed,insufficient_funds,Customer account has insufficient balance.,531,39,5,4,1474.91,False,2,5,ecommerce,1143.86,True,True,True,SEND_RECOVERY_MESSAGE,1088.13
txn_ce01a1d957ca,cust_4f1738fe,2026-08-07 08:38:16.335955,415.42,USD,wallet,failed,authentication_failed,OTP or 3D secure authentication failed.,760,32,5,5,367.16,False,1,23,ecommerce,454.42,True,False,False,CREATE_ESCALATION,0.0
txn_c01877c1989a,cust_761c8802,2026-08-08 14:44:16.345955,311.14,INR,netbanking,failed,insufficient_funds,Customer account has insufficient balance.,23,20,1,1,550.47,True,0,5,smb_saas,406.52,True,True,True,SEND_RECOVERY_MESSAGE,311.14
txn_7fd716f00b4c,cust_187e0b8c,2026-08-15 21:41:16.236825,21181.03,INR,wallet,failed,insufficient_funds,Customer account has insufficient balance.,7,39,3,2,20069.58,True,2,28,enterprise,21253.27,True,True,True,SEND_RECOVERY_MESSAGE,21181.03
txn_971b11ad0bdb,cust_ebf5d8b3,2026-08-16 12:02:16.259223,197.88,INR,wallet,failed,insufficient_funds,Customer account has insufficient balance.,99,21,4,2,263.24,False,2,5,smb_saas,277.91,True,True,False,CREATE_ESCALATION,0.0
txn_7f872a0107e3,cust_0969b8b1,2026-08-04 01:41:16.310954,266.61,INR,netbanking,failed,authentication_failed,OTP or 3D secure authentication failed.,101,44,1,0,336.85,False,1,30,smb_saas,285.87,True,True,False,CREATE_ESCALATION,0.0
txn_adccbd696d8c,cust_9874cd0e,2026-08-10 13:30:16.312954,230.55,INR,netbanking,failed,insufficient_funds,Customer account has insufficient balance.,986,46,4,3,260.68,False,0,21,smb_saas,295.46,True,True,False,CREATE_ESCALATION,0.0
txn_85bc4ae15a8b,cust_01a9d5e6,2026-08-07 10:40:16.310954,400.62,INR,netbanking,failed,insufficient_funds,Customer account has insufficient balance.,529,48,3,1,283.36,False,3,28,smb_saas,432.18,True,True,False,CREATE_ESCALATION,0.0
txn_66e48b066fef,cust_a1cf1f0e,2026-07-27 01:26:16.334955,489.89,INR,upi,failed,insufficient_funds,Customer account has insufficient balance.,258,12,0,0,561.42,True,2,16,ecommerce,503.39,True,True,False,CREATE_ESCALATION,0.0
txn_30d8079a2599,cust_8248f230,2026-08-07 11:42:16.263223,622.65,INR,netbanking,failed,limit_exceeded,Transaction exceeds customer limits.,321,48,5,1,954.5,False,3,4,smb_saas,670.04,True,True,False,CREATE_ESCALATION,0.0
txn_a1666ac9534a,cust_58502e18,2026-08-15 06:20:16.247585,1936.36,INR,wallet,failed,insufficient_funds,Customer account has insufficient balance.,195,39,5,3,3214.74,False,0,23,ecommerce,1959.04,True,True,False,CREATE_ESCALATION,0.0
txn_1f851ed30a3d,cust_4f6b8bb0,2026-08-19 02:35:16.296954,10.0,USD,card,failed,authentication_failed,OTP or 3D secure authentication failed.,314,20,5,5,7.65,False,3,23,smb_saas,89.12,True,True,True,RETRY_PAYMENT,10.0
txn_e9e982703ee7,cust_4d13ca74,2026-08-10 20:21:16.331954,776.52,USD,card,failed,insufficient_funds,Customer account has insufficient balance.,712,34,5,0,1483.76,False,3,28,smb_saas,864.1,True,True,False,CREATE_ESCALATION,0.0
txn_90c780e741e0,cust_699860f3,2026-08-13 00:54:16.274812,1114.57,INR,card,failed,insufficient_funds,Customer account has insufficient balance.,379,24,1,1,1804.51,False,2,1,ecommerce,1130.38,True,True,False,CREATE_ESCALATION,0.0
txn_4788727d6bf5,cust_d9e71092,2026-08-07 23:54:16.283812,411.69,INR,netbanking,failed,fraud_suspected,Transaction flagged by risk engine.,463,3,2,0,401.48,False,2,23,smb_saas,458.74,True,True,False,STOP_AUTOMATION,0.0
txn_1faed98a1262,cust_c7ec5c3c,2026-07-25 20:17:16.343954,451.09,INR,card,failed,temporary_bank_failure,Bank is experiencing intermittent issues.,242,27,0,0,530.04,False,2,28,ecommerce,487.44,True,False,True,WAIT_AND_RETRY,451.09
txn_10a9af313bc3,cust_65eb14d5,2026-07-31 02:08:16.304955,611.23,INR,card,failed,fraud_suspected,Transaction flagged by risk engine.,803,30,4,2,972.69,False,1,3,ecommerce,614.74,True,True,False,STOP_AUTOMATION,0.0
txn_d7cb74b04019,cust_4c676080,2026-07-30 21:05:16.234825,21415.14,USD,netbanking,failed,bank_timeout,Issuing bank did not respond in time.,322,22,0,0,39624.71,False,1,22,high_value,21455.53,True,True,False,CREATE_ESCALATION,0.0
txn_50b8e4b95292,cust_cef59cdc,2026-08-16 23:17:16.222629,19.11,INR,card,failed,insufficient_funds,Customer account has insufficient balance.,417,31,4,1,29.35,False,3,14,smb_saas,98.4,True,True,True,SEND_RECOVERY_MESSAGE,19.11
txn_d9d72fb3d3ab,cust_aedd9e3c,2026-08-01 18:56:16.291365,611.37,INR,netbanking,failed,bank_timeout,Issuing bank did not respond in time.,300,15,2,1,800.78,False,2,27,mid_market,643.98,True,True,True,WAIT_AND_RETRY,611.37
txn_99ad3a93e80a,cust_a3bf650d,2026-07-31 18:30:16.278812,59.87,INR,netbanking,failed,insufficient_funds,Customer account has insufficient balance.,886,27,3,1,97.13,False,1,17,smb_saas,86.42,True,True,False,CREATE_ESCALATION,0.0
txn_375847596bfc,cust_dfc7b241,2026-08-10 23:12:16.319954,1375.96,INR,wallet,failed,insufficient_funds,Customer account has insufficient balance.,115,37,4,3,1977.84,False,2,12,mid_market,1459.95,True,True,False,CREATE_ESCALATION,0.0
txn_0f6994f84dd7,cust_4c03261c,2026-08-07 13:49:16.270823,601.11,INR,netbanking,failed,bank_timeout,Issuing bank did not respond in time.,305,49,3,2,1196.37,True,3,0,smb_saas,694.78,True,True,True,WAIT_AND_RETRY,601.11
txn_a30cf9dc3aab,cust_39532041,2026-07-31 19:11:16.268812,335.86,USD,upi,failed,insufficient_funds,Customer account has insufficient balance.,338,39,4,2,393.82,False,1,18,ecommerce,389.73,True,True,False,CREATE_ESCALATION,0.0
txn_e0a17e584581,cust_ebfb1fc1,2026-08-14 22:06:16.245325,1177.83,INR,netbanking,failed,insufficient_funds,Customer account has insufficient balance.,383,44,1,1,1587.7,False,0,14,ecommerce,1214.83,True,True,False,CREATE_ESCALATION,0.0
txn_73dfebab0b12,cust_f1bbfcd5,2026-08-02 22:34:16.344954,130.52,INR,netbanking,failed,bank_timeout,Issuing bank did not respond in time.,340,0,5,0,127.76,False,0,-1,smb_saas,135.8,True,True,True,WAIT_AND_RETRY,130.52
txn_18215724a670,cust_81259b0b,2026-08-22 09:29:16.355058,10.0,USD,card,failed,bank_timeout,Issuing bank did not respond in time.,440,31,0,0,18.27,True,0,1,smb_saas,57.41,True,True,True,WAIT_AND_RETRY,10.0
txn_5aa9aa8aa6ac,cust_b7d17293,2026-07-28 05:29:16.254632,171.78,INR,card,failed,insufficient_funds,Customer account has insufficient balance.,477,30,4,2,93.63,True,1,4,smb_saas,205.13,True,True,False,CREATE_ESCALATION,0.0
txn_3fc7fe6c1553,cust_ae661f71,2026-08-12 22:13:16.312954,46.67,INR,upi,failed,insufficient_funds,Customer account has insufficient balance.,643,49,4,0,55.83,False,1,30,smb_saas,118.51,True,True,False,CREATE_ESCALATION,0.0
txn_1b9ad23d83d0,cust_bd060db3,2026-08-19 15:57:16.232825,3118.66,INR,netbanking,failed,insufficient_funds,Customer account has insufficient balance.,309,42,0,0,5219.25,False,1,18,mid_market,3208.78,True,True,True,SEND_RECOVERY_MESSAGE,3118.66
txn_7d3e73d147c8,cust_f048b7d8,2026-08-10 21:14:16.242826,7015.83,INR,wallet,failed,authentication_failed,OTP or 3D secure authentication failed.,652,1,4,1,4966.21,False,0,19,enterprise,7072.89,True,True,True,RETRY_PAYMENT,7015.83
txn_d4012a503b42,cust_1b18925e,2026-08-09 18:44:16.319954,976.71,INR,wallet,failed,insufficient_funds,Customer account has insufficient balance.,431,37,3,1,1835.29,False,1,21,ecommerce,1000.65,True,True,False,CREATE_ESCALATION,0.0
txn_80189ad648a4,cust_0780893e,2026-08-24 06:11:16.287327,179.73,INR,card,failed,authentication_failed,OTP or 3D secure authentication failed.,597,21,4,1,326.62,True,1,6,smb_saas,203.87,True,True,True,RETRY_PAYMENT,179.73
txn_cce4ae8359a8,cust_9dcc6b6d,2026-07-31 07:56:16.246043,41550.05,INR,netbanking,failed,authentication_failed,OTP or 3D secure authentication failed.,562,47,2,2,62217.55,False,2,25,high_value,41609.44,True,True,True,RETRY_PAYMENT,41550.05
txn_f959c4cb3b57,cust_504e43b8,2026-08-04 09:45:16.298954,6307.05,INR,card,failed,bank_timeout,Issuing bank did not respond in time.,241,32,5,4,3849.76,False,3,15,enterprise,6351.11,True,True,False,CREATE_ESCALATION,0.0
txn_d480407aca90,cust_ad7d5ad6,2026-08-14 12:27:16.249632,59.17,INR,netbanking,failed,insufficient_funds,Customer account has insufficient balance.,222,46,1,1,84.56,True,3,15,smb_saas,131.95,True,False,True,SEND_RECOVERY_MESSAGE,59.17
txn_cdf2d5c9f6fe,cust_1654265f,2026-08-06 15:17:16.253632,638.62,INR,card,failed,insufficient_funds,Customer account has insufficient balance.,608,26,4,4,935.5,False,2,11,ecommerce,704.69,True,True,False,CREATE_ESCALATION,0.0
txn_3c67d4e5f408,cust_8c33b524,2026-08-25 05:17:16.260223,107.07,USD,wallet,failed,insufficient_funds,Customer account has insufficient balance.,640,32,4,0,211.04,False,1,15,smb_saas,175.0,True,True,True,SEND_RECOVERY_MESSAGE,107.07
txn_ebf4b2d9de3b,cust_ebfdca0c,2026-08-23 15:50:16.316954,25373.92,INR,wallet,failed,insufficient_funds,Customer account has insufficient balance.,329,30,0,0,18841.37,False,2,15,high_value,25447.2,True,False,False,CREATE_ESCALATION,0.0
txn_5e00b7049213,cust_f32bd09b,2026-08-12 18:54:16.243446,282.95,INR,card,failed,insufficient_funds,Customer account has insufficient balance.,438,9,2,0,389.5,False,3,20,smb_saas,349.49,True,True,False,CREATE_ESCALATION,0.0
txn_7ccef709561b,cust_c2b211a1,2026-08-13 06:47:16.351955,383.29,USD,card,failed,insufficient_funds,Customer account has insufficient balance.,121,32,5,0,702.35,True,1,24,mid_market,392.76,True,True,False,CREATE_ESCALATION,0.0
txn_9b90db517950,cust_ab78ef82,2026-08-24 17:13:16.229825,126.98,USD,card,failed,bank_timeout,Issuing bank did not respond in time.,545,24,1,0,163.71,True,1,17,smb_saas,201.9,True,True,True,WAIT_AND_RETRY,126.98
txn_05cda707dba7,cust_b82ad054,2026-08-24 20:28:16.335955,141.31,INR,netbanking,failed,fraud_suspected,Transaction flagged by risk engine.,243,0,1,0,76.06,False,3,-1,ecommerce,220.38,True,True,False,STOP_AUTOMATION,0.0
txn_de788cafd0e6,cust_97827590,2026-08-20 05:31:16.283812,2413.77,INR,upi,failed,insufficient_funds,Customer account has insufficient balance.,586,17,0,0,4585.53,False,1,16,ecommerce,2489.14,True,True,False,CREATE_ESCALATION,0.0
txn_d330a496d871,cust_da3fd938,2026-07-31 14:47:16.318954,1811.65,INR,wallet,failed,insufficient_funds,Customer account has insufficient balance.,619,4,5,3,2019.42,True,1,28,ecommerce,1883.13,True,True,True,SEND_RECOVERY_MESSAGE,1811.65
txn_83e71654d5b7,cust_645de9c9,2026-08-21 04:33:16.279813,298.39,INR,wallet,failed,bank_timeout,Issuing bank did not respond in time.,90,18,1,0,502.68,True,1,5,smb_saas,301.75,True,False,True,WAIT_AND_RETRY,298.39
txn_f8a42d6282f7,cust_09912157,2026-08-19 08:28:16.245325,991.89,USD,wallet,failed,bank_timeout,Issuing bank did not respond in time.,668,42,4,3,800.34,True,3,25,ecommerce,1002.56,True,False,True,WAIT_AND_RETRY,991.89
txn_979ab269462b,cust_1c9e9b66,2026-07-31 16:01:16.278812,38.73,INR,card,failed,temporary_bank_failure,Bank is experiencing intermittent issues.,23,49,4,2,48.09,False,0,25,smb_saas,56.11,True,True,True,WAIT_AND_RETRY,38.73
txn_e78386237c62,cust_d591fea0,2026-08-12 19:48:16.353498,18.28,INR,upi,failed,insufficient_funds,Customer account has insufficient balance.,752,20,0,0,29.16,False,0,27,smb_saas,93.62,True,True,True,SEND_RECOVERY_MESSAGE,18.28
txn_e094476dc9b1,cust_0b3bb8f6,2026-08-05 17:51:16.314954,1516.76,INR,upi,failed,insufficient_funds,Customer account has insufficient balance.,52,48,0,0,2257.11,False,1,0,mid_market,1580.67,True,True,True,SEND_RECOVERY_MESSAGE,1516.76
txn_4c87d63d53e3,cust_cb40e4d7,2026-07-27 08:22:16.295908,178.24,INR,netbanking,failed,insufficient_funds,Customer account has insufficient balance.,153,14,5,1,296.06,True,0,3,smb_saas,197.31,True,True,False,CREATE_ESCALATION,0.0
txn_d58826f2d75c,cust_74efedd0,2026-08-24 20:50:16.248632,1061.89,USD,card,failed,temporary_bank_failure,Bank is experiencing intermittent issues.,120,48,3,1,650.5,False,2,26,ecommerce,1158.84,True,True,True,WAIT_AND_RETRY,1061.89
txn_8bcb4acb27c8,cust_a522508b,2026-08-16 22:57:16.301954,21888.61,INR,netbanking,failed,insufficient_funds,Customer account has insufficient balance.,136,36,0,0,27647.54,False,2,11,enterprise,21915.77,True,False,False,CREATE_ESCALATION,0.0
txn_c524b2ee085b,cust_5ceaec60,2026-08-12 18:39:16.263223,1242.61,INR,wallet,failed,insufficient_funds,Customer account has insufficient balance.,15,37,4,0,1411.41,True,3,7,ecommerce,1244.63,True,True,False,CREATE_ESCALATION,0.0
txn_2d954f60ae8f,cust_f02873f5,2026-07-27 12:20:16.361096,203.78,INR,card,failed,insufficient_funds,Customer account has insufficient balance.,871,4,3,1,302.76,True,3,7,smb_saas,285.1,True,False,False,CREATE_ESCALATION,0.0
txn_787628f5d6ab,cust_3727fcb5,2026-08-06 21:22:16.361096,993.46,INR,card,failed,authentication_failed,OTP or 3D secure authentication failed.,445,9,1,1,1832.6,False,3,14,mid_market,1004.46,True,True,False,CREATE_ESCALATION,0.0
txn_3280870e4404,cust_da4b4fdf,2026-07-26 00:55:16.317954,6716.56,INR,wallet,failed,insufficient_funds,Customer account has insufficient balance.,481,27,5,4,7770.29,True,3,4,mid_market,6788.95,True,True,True,SEND_RECOVERY_MESSAGE,6716.56
txn_0a8da8296712,cust_c52eb274,2026-08-03 14:54:16.299954,750.55,INR,card,failed,authentication_failed,OTP or 3D secure authentication failed.,973,4,3,3,1206.86,False,3,9,ecommerce,818.37,True,False,False,CREATE_ESCALATION,0.0
txn_1ea39f2524bb,cust_3232e1f3,2026-08-13 01:34:16.224629,33226.14,INR,netbanking,failed,authentication_failed,OTP or 3D secure authentication failed.,737,34,3,3,57648.7,True,2,4,high_value,33253.7,True,False,False,CREATE_ESCALATION,0.0
txn_bdb059884985,cust_8e08a561,2026-08-02 11:26:16.236825,51.4,USD,wallet,failed,limit_exceeded,Transaction exceeds customer limits.,11,27,5,4,97.59,True,3,16,smb_saas,119.91,True,True,False,CREATE_ESCALATION,0.0
txn_b1f3e28db714,cust_9d8cd2e8,2026-08-22 02:05:16.252632,487.29,INR,upi,failed,authentication_failed,OTP or 3D secure authentication failed.,630,18,4,1,700.68,False,1,4,mid_market,553.54,True,True,True,RETRY_PAYMENT,487.29
txn_76c42d4241bd,cust_7c60305e,2026-08-01 17:24:16.333954,2396.12,INR,netbanking,failed,limit_exceeded,Transaction exceeds customer limits.,236,38,0,0,3944.33,False,2,4,ecommerce,2487.68,True,True,True,RETRY_PAYMENT,2396.12
txn_f900347787dd,cust_b77a16cb,2026-08-03 22:07:16.353498,1442.82,INR,card,failed,temporary_bank_failure,Bank is experiencing intermittent issues.,424,20,0,0,1121.08,True,1,11,enterprise,1487.38,True,True,True,WAIT_AND_RETRY,1442.82
txn_d72865be6a87,cust_bb94582a,2026-08-18 22:34:16.333954,86.41,INR,upi,failed,bank_timeout,Issuing bank did not respond in time.,583,34,3,3,68.41,False,0,4,ecommerce,108.93,True,True,True,WAIT_AND_RETRY,86.41
txn_530e766747ba,cust_3930f6c3,2026-08-15 12:43:16.260223,720.61,INR,card,failed,limit_exceeded,Transaction exceeds customer limits.,767,13,3,0,741.59,True,3,19,smb_saas,726.42,True,True,False,CREATE_ESCALATION,0.0
txn_5b49b6dc21c2,cust_b47f3694,2026-08-07 05:36:16.337954,95.73,INR,card,failed,authentication_failed,OTP or 3D secure authentication failed.,833,19,5,1,94.47,False,3,25,smb_saas,118.19,True,True,False,CREATE_ESCALATION,0.0
txn_923b03faeebe,cust_4ec2d5a9,2026-08-06 11:00:16.324955,7806.58,USD,netbanking,failed,bank_timeout,Issuing bank did not respond in time.,6,29,5,5,10378.8,False,2,8,mid_market,7866.19,True,True,False,CREATE_ESCALATION,0.0
txn_f8b3f9eff165,cust_dadfae23,2026-07-26 16:20:16.345955,1000.0,INR,wallet,failed,insufficient_funds,Customer account has insufficient balance.,309,42,3,0,551.16,True,1,15,enterprise,1094.33,True,True,False,CREATE_ESCALATION,0.0
txn_118b296eb412,cust_86ceb65e,2026-08-20 14:09:16.296954,4284.54,USD,card,failed,insufficient_funds,Customer account has insufficient balance.,962,20,1,0,3539.91,False,0,12,enterprise,4298.99,True,True,False,CREATE_ESCALATION,0.0
txn_d75e17523690,cust_98f2bc02,2026-08-21 07:11:16.333954,1274.18,INR,wallet,failed,authentication_failed,OTP or 3D secure authentication failed.,463,8,2,0,1567.66,True,0,0,enterprise,1359.51,True,True,True,RETRY_PAYMENT,1274.18
txn_deab6eedb7c3,cust_a1c35845,2026-08-20 08:00:16.322954,1482.31,USD,upi,failed,insufficient_funds,Customer account has insufficient balance.,884,32,0,0,1268.51,True,0,29,mid_market,1528.0,True,True,True,SEND_RECOVERY_MESSAGE,1482.31
txn_a1d3c09c7491,cust_ef188a82,2026-07-31 04:58:16.226780,442.7,INR,card,failed,authentication_failed,OTP or 3D secure authentication failed.,524,23,0,0,792.01,True,1,8,smb_saas,520.03,True,True,True,RETRY_PAYMENT,442.7
txn_c49cc6a6b594,cust_535000b3,2026-08-15 01:21:16.278812,270.28,USD,netbanking,failed,insufficient_funds,Customer account has insufficient balance.,110,17,4,4,466.38,False,0,5,ecommerce,350.19,True,True,True,SEND_RECOVERY_MESSAGE,270.28
txn_f828a1a1f8df,cust_e2c4b562,2026-08-22 22:32:16.281813,75.9,INR,netbanking,failed,insufficient_funds,Customer account has insufficient balance.,691,30,5,5,132.66,False,3,25,ecommerce,83.66,True,True,True,SEND_RECOVERY_MESSAGE,75.9
txn_4c88a2c95cc5,cust_c2792952,2026-08-14 00:15:16.344954,422.97,INR,card,failed,authentication_failed,OTP or 3D secure authentication failed.,916,5,0,0,659.51,True,0,23,smb_saas,498.56,True,True,True,RETRY_PAYMENT,422.97
txn_acd62a6e0a95,cust_91429e45,2026-08-18 14:53:16.256176,392.16,INR,wallet,failed,bank_timeout,Issuing bank did not respond in time.,633,2,3,0,514.77,False,2,17,smb_saas,491.06,True,False,False,CREATE_ESCALATION,0.0
txn_8f1f76c3ab71,cust_802486f3,2026-08-10 15:07:16.274812,363.83,INR,upi,failed,temporary_bank_failure,Bank is experiencing intermittent issues.,349,9,2,2,394.91,True,2,23,mid_market,447.52,True,True,True,WAIT_AND_RETRY,363.83
txn_d45edd91261b,cust_5cfce8b8,2026-08-19 07:56:16.278812,334.22,INR,upi,failed,temporary_bank_failure,Bank is experiencing intermittent issues.,159,15,0,0,444.13,False,2,25,smb_saas,392.92,True,True,True,WAIT_AND_RETRY,334.22
txn_90d02884ab61,cust_3417f365,2026-08-06 04:19:16.366097,4601.57,INR,wallet,failed,authentication_failed,OTP or 3D secure authentication failed.,573,7,0,0,3990.68,False,2,30,mid_market,4689.11,True,True,True,RETRY_PAYMENT,4601.57
txn_5db5421b9361,cust_b5fe5c45,2026-07-29 11:22:16.306955,11168.02,INR,wallet,failed,insufficient_funds,Customer account has insufficient balance.,790,11,3,0,17098.23,False,3,9,enterprise,11220.97,True,True,False,CREATE_ESCALATION,0.0
txn_c34dfffb3459,cust_1e329a79,2026-08-08 22:23:16.299954,436.29,INR,wallet,failed,bank_timeout,Issuing bank did not respond in time.,129,39,1,0,833.24,False,1,4,ecommerce,511.49,True,True,True,WAIT_AND_RETRY,436.29
txn_8543d8882294,cust_411ef595,2026-08-10 05:20:16.350954,1864.86,USD,wallet,failed,bank_timeout,Issuing bank did not respond in time.,162,33,3,3,3561.22,True,1,26,ecommerce,1936.28,True,True,True,WAIT_AND_RETRY,1864.86
txn_a76e17459f8c,cust_c76f3ae9,2026-08-02 10:27:16.367097,591.68,INR,card,failed,bank_timeout,Issuing bank did not respond in time.,409,17,4,3,909.92,False,3,20,ecommerce,647.81,True,True,True,WAIT_AND_RETRY,591.68
txn_c7024034c745,cust_7c413da3,2026-08-02 17:40:16.316954,284.49,INR,card,failed,fraud_suspected,Transaction flagged by risk engine.,538,44,3,3,514.16,False,3,17,smb_saas,378.45,True,True,False,STOP_AUTOMATION,0.0
txn_8dbe8611958a,cust_e7ec2b90,2026-08-12 17:18:16.348954,151.42,INR,upi,failed,limit_exceeded,Transaction exceeds customer limits.,183,43,4,3,82.98,True,1,13,smb_saas,226.45,True,True,False,CREATE_ESCALATION,0.0
txn_7869195a2912,cust_0edb87a2,2026-08-22 04:24:16.347954,811.48,INR,wallet,failed,temporary_bank_failure,Bank is experiencing intermittent issues.,313,13,4,1,926.74,False,1,14,ecommerce,846.75,True,False,False,CREATE_ESCALATION,0.0
txn_73e96154d928,cust_aaa0aa29,2026-08-09 06:41:16.359096,251.8,INR,netbanking,failed,bank_timeout,Issuing bank did not respond in time.,756,32,2,0,207.31,False,1,8,smb_saas,278.74,True,True,True,WAIT_AND_RETRY,251.8
txn_41c46730f439,cust_d553cc63,2026-08-13 17:28:16.252632,204.77,INR,netbanking,failed,authentication_failed,OTP or 3D secure authentication failed.,819,11,5,5,123.05,True,2,2,smb_saas,212.52,True,True,False,CREATE_ESCALATION,0.0
txn_c1125867e173,cust_2ced4cc0,2026-07-31 04:38:16.360096,400.3,INR,wallet,failed,insufficient_funds,Customer account has insufficient balance.,609,10,5,0,723.83,True,0,17,ecommerce,476.21,True,True,True,SEND_RECOVERY_MESSAGE,400.3
txn_00fbd12e6502,cust_204c489f,2026-07-28 07:52:16.336954,256.07,INR,netbanking,failed,insufficient_funds,Customer account has insufficient balance.,356,5,3,3,218.2,False,1,14,ecommerce,307.9,True,True,False,CREATE_ESCALATION,0.0
txn_672d9c6a2e95,cust_d16561a6,2026-07-26 12:40:16.273812,2005.04,INR,netbanking,failed,bank_timeout,Issuing bank did not respond in time.,673,50,3,1,3167.41,False,1,30,ecommerce,2078.01,True,True,True,WAIT_AND_RETRY,2005.04
txn_23628c278d1c,cust_a61fc321,2026-08-21 03:25:16.351955,597.77,USD,wallet,failed,authentication_failed,OTP or 3D secure authentication failed.,335,45,5,3,778.03,False,0,25,ecommerce,632.21,True,True,False,CREATE_ESCALATION,0.0
txn_a75e13ba1660,cust_0451411b,2026-08-06 02:43:16.360096,1110.77,INR,netbanking,failed,bank_timeout,Issuing bank did not respond in time.,985,44,1,1,1791.81,False,1,6,mid_market,1183.94,True,True,True,WAIT_AND_RETRY,1110.77
txn_24b3618284b7,cust_2dbfc66b,2026-08-16 03:37:16.291365,850.89,INR,netbanking,failed,fraud_suspected,Transaction flagged by risk engine.,467,22,4,3,1684.18,False,3,5,ecommerce,895.59,True,True,False,STOP_AUTOMATION,0.0
txn_692235afa174,cust_782116aa,2026-08-07 16:46:16.328954,279.97,INR,wallet,failed,insufficient_funds,Customer account has insufficient balance.,307,23,3,3,549.88,True,0,22,smb_saas,296.15,True,True,False,CREATE_ESCALATION,0.0
txn_c5be0522abdf,cust_253521ce,2026-08-04 23:02:16.362097,7332.91,INR,netbanking,failed,bank_timeout,Issuing bank did not respond in time.,329,7,0,0,5485.08,False,2,14,mid_market,7417.58,True,True,True,WAIT_AND_RETRY,7332.91
txn_2d4e67a95403,cust_3c9bf982,2026-07-30 10:32:16.233825,355.24,INR,upi,failed,temporary_bank_failure,Bank is experiencing intermittent issues.,290,46,5,1,400.53,False,1,0,ecommerce,384.26,True,True,True,WAIT_AND_RETRY,355.24
txn_f1be43a6dcc5,cust_2331d38f,2026-08-15 05:18:16.327954,5000.0,INR,wallet,failed,insufficient_funds,Customer account has insufficient balance.,673,23,0,0,9914.51,False,3,25,high_value,5010.49,True,False,False,CREATE_ESCALATION,0.0
txn_9497bc0ce02a,cust_06448516,2026-08-04 06:45:16.292365,349.14,INR,upi,failed,bank_timeout,Issuing bank did not respond in time.,275,25,2,0,680.0,False,1,18,smb_saas,374.71,True,True,True,WAIT_AND_RETRY,349.14
txn_756168a47538,cust_2a056f61,2026-08-09 08:18:16.351955,11099.33,INR,wallet,failed,insufficient_funds,Customer account has insufficient balance.,590,5,3,0,18567.65,False,2,25,high_value,11099.53,True,True,False,CREATE_ESCALATION,0.0
txn_1a1c0d3879eb,cust_d35ddea7,2026-08-09 18:30:16.231825,144.49,INR,upi,failed,limit_exceeded,Transaction exceeds customer limits.,771,26,3,1,215.43,False,1,6,smb_saas,202.27,True,True,True,RETRY_PAYMENT,144.49
txn_70de6772246b,cust_7dc49ac8,2026-08-01 02:07:16.345955,3983.78,INR,netbanking,failed,insufficient_funds,Customer account has insufficient balance.,31,24,1,1,5194.96,False,1,28,mid_market,4050.57,True,True,True,SEND_RECOVERY_MESSAGE,3983.78
txn_8aeaa7e5a76d,cust_f9c31c37,2026-08-07 18:50:16.266812,383.69,INR,netbanking,failed,authentication_failed,OTP or 3D secure authentication failed.,987,44,2,0,212.15,False,2,20,smb_saas,467.79,True,True,True,RETRY_PAYMENT,383.69
txn_106e9ebdc3bd,cust_0b142a51,2026-08-20 08:22:16.313954,1055.16,INR,upi,failed,insufficient_funds,Customer account has insufficient balance.,900,6,5,2,1831.59,False,3,12,mid_market,1098.8,True,True,False,CREATE_ESCALATION,0.0
txn_0406689a2f45,cust_1b32947a,2026-08-20 09:34:16.257223,245.12,USD,card,failed,limit_exceeded,Transaction exceeds customer limits.,28,22,4,4,490.17,True,1,26,ecommerce,341.71,True,True,True,RETRY_PAYMENT,245.12
txn_82351942adc6,cust_d28fa3e5,2026-08-23 06:49:16.248632,309.96,INR,card,failed,limit_exceeded,Transaction exceeds customer limits.,330,3,3,3,514.68,False,1,27,ecommerce,368.21,True,True,False,CREATE_ESCALATION,0.0
txn_d4e8eaf37a65,cust_b9d3f97b,2026-08-03 10:27:16.296954,428.2,INR,card,failed,insufficient_funds,Customer account has insufficient balance.,737,39,3,0,852.51,False,1,16,smb_saas,480.28,True,True,True,SEND_RECOVERY_MESSAGE,428.2
txn_824bda7a34a3,cust_b67d36f3,2026-08-05 12:14:16.279813,3438.08,INR,wallet,failed,limit_exceeded,Transaction exceeds customer limits.,542,18,0,0,3249.09,False,1,10,mid_market,3450.19,True,True,True,RETRY_PAYMENT,3438.08
txn_e5926d88dfc8,cust_3f0d1c25,2026-08-04 14:57:16.315955,10.0,USD,wallet,failed,insufficient_funds,Customer account has insufficient balance.,495,23,0,0,12.95,False,2,23,smb_saas,39.51,True,True,False,CREATE_ESCALATION,0.0
txn_4c68553c734a,cust_836a6289,2026-08-06 12:19:16.248632,2316.24,USD,netbanking,failed,insufficient_funds,Customer account has insufficient balance.,549,29,0,0,3925.8,True,0,7,mid_market,2389.94,True,True,False,CREATE_ESCALATION,0.0
txn_c4709b31bd25,cust_46475091,2026-08-08 06:30:16.231825,454.33,USD,upi,failed,insufficient_funds,Customer account has insufficient balance.,74,41,0,0,718.75,False,3,4,ecommerce,462.8,True,True,True,SEND_RECOVERY_MESSAGE,454.33
txn_784e3d59dda4,cust_d803eb05,2026-08-04 09:32:16.271813,1114.65,INR,netbanking,failed,temporary_bank_failure,Bank is experiencing intermittent issues.,27,21,2,2,958.58,False,1,18,ecommerce,1185.66,True,True,True,WAIT_AND_RETRY,1114.65
txn_a17fd31858f9,cust_71c7bd91,2026-08-01 13:57:16.237825,59.21,INR,card,failed,insufficient_funds,Customer account has insufficient balance.,373,1,2,1,74.2,False,3,20,smb_saas,159.11,True,True,False,CREATE_ESCALATION,0.0
txn_224efd9d9288,cust_8bb9ec1e,2026-08-03 11:14:16.334955,58.11,USD,wallet,failed,authentication_failed,OTP or 3D secure authentication failed.,82,10,4,2,109.6,False,0,28,smb_saas,65.05,True,True,True,RETRY_PAYMENT,58.11
txn_2e341e923b7a,cust_795c4bda,2026-08-25 02:40:16.319954,487.42,INR,card,failed,insufficient_funds,Customer account has insufficient balance.,21,10,4,1,394.9,False,3,14,smb_saas,493.48,True,True,False,CREATE_ESCALATION,0.0
txn_bd1068d16f2d,cust_41fdfaa4,2026-08-17 16:57:16.274812,2389.58,INR,netbanking,failed,authentication_failed,OTP or 3D secure authentication failed.,881,41,3,3,1836.9,False,2,14,mid_market,2430.2,True,True,True,RETRY_PAYMENT,2389.58
txn_540377072325,cust_c6c32262,2026-07-31 10:08:16.231825,278.31,INR,card,failed,bank_timeout,Issuing bank did not respond in time.,932,37,5,1,414.33,False,1,8,ecommerce,356.56,True,True,True,WAIT_AND_RETRY,278.31
txn_f3a0df51c7f5,cust_ce201d4c,2026-08-14 17:52:16.278812,121.35,INR,upi,failed,insufficient_funds,Customer account has insufficient balance.,134,39,3,1,222.51,True,0,23,smb_saas,152.48,True,True,False,CREATE_ESCALATION,0.0
txn_f388f72fe8b8,cust_1927582b,2026-08-18 02:59:16.300954,227.11,INR,card,failed,insufficient_funds,Customer account has insufficient balance.,832,7,3,2,406.94,False,2,19,smb_saas,302.85,True,True,True,SEND_RECOVERY_MESSAGE,227.11
txn_bb6f9228b5d5,cust_fd9648f4,2026-08-05 19:36:16.231825,1998.67,USD,wallet,failed,authentication_failed,OTP or 3D secure authentication failed.,528,45,3,3,2306.64,False,0,17,mid_market,2021.25,True,True,False,CREATE_ESCALATION,0.0
txn_4b197b17059f,cust_5b61e311,2026-08-07 22:58:16.246043,531.73,INR,wallet,failed,fraud_suspected,Transaction flagged by risk engine.,860,44,4,4,1002.41,False,1,15,smb_saas,565.44,True,True,False,STOP_AUTOMATION,0.0
txn_bdddddc732dd,cust_2fc23f56,2026-08-24 12:13:16.321954,2704.15,INR,card,failed,limit_exceeded,Transaction exceeds customer limits.,970,28,5,3,4526.08,False,0,27,ecommerce,2761.29,True,True,False,CREATE_ESCALATION,0.0
txn_1092a1064169,cust_fbec2342,2026-08-15 08:26:16.251632,38.97,INR,wallet,failed,insufficient_funds,Customer account has insufficient balance.,389,20,2,0,72.03,True,0,14,smb_saas,92.69,True,True,True,SEND_RECOVERY_MESSAGE,38.97
txn_81f25f628388,cust_229dd181,2026-08-06 21:46:16.244491,352.9,INR,card,failed,temporary_bank_failure,Bank is experiencing intermittent issues.,5,15,5,2,697.54,False,1,11,smb_saas,444.66,True,True,True,WAIT_AND_RETRY,352.9
txn_db2448780d3d,cust_109264c9,2026-08-18 21:02:16.312954,6186.49,INR,card,failed,limit_exceeded,Transaction exceeds customer limits.,638,39,3,1,11610.57,True,2,4,mid_market,6282.35,True,True,False,CREATE_ESCALATION,0.0
txn_f508bf962025,cust_ae09e492,2026-08-19 15:03:16.236825,78.81,INR,wallet,failed,insufficient_funds,Customer account has insufficient balance.,262,16,3,1,86.7,True,2,21,smb_saas,121.34,True,True,False,CREATE_ESCALATION,0.0
txn_476d805c1c99,cust_862c6854,2026-08-06 16:21:16.275813,999.15,USD,upi,failed,bank_timeout,Issuing bank did not respond in time.,871,26,0,0,1260.89,False,3,24,ecommerce,1005.43,True,False,True,WAIT_AND_RETRY,999.15
txn_976070c5829b,cust_85b60ecb,2026-08-04 19:28:16.360096,1000.0,INR,upi,failed,authentication_failed,OTP or 3D secure authentication failed.,902,3,1,0,541.7,False,1,29,enterprise,1037.67,True,True,False,CREATE_ESCALATION,0.0
txn_c902e67c982e,cust_44c351df,2026-08-03 11:39:16.245325,14780.6,USD,wallet,failed,fraud_suspected,Transaction flagged by risk engine.,569,21,4,2,22872.89,False,2,25,enterprise,14843.87,True,False,False,STOP_AUTOMATION,0.0
txn_370d5ca6d706,cust_8b23972c,2026-08-11 21:04:16.248632,1711.69,INR,wallet,failed,bank_timeout,Issuing bank did not respond in time.,946,13,0,0,2932.32,True,1,24,mid_market,1730.72,True,True,True,WAIT_AND_RETRY,1711.69
txn_2e245256321b,cust_d05c2e83,2026-08-23 10:55:16.356096,10.95,INR,wallet,failed,limit_exceeded,Transaction exceeds customer limits.,172,24,4,0,11.24,False,2,14,smb_saas,20.66,True,True,False,CREATE_ESCALATION,0.0
txn_c88f3c54ca9f,cust_8f31159e,2026-08-12 08:30:16.318954,1791.04,INR,wallet,failed,temporary_bank_failure,Bank is experiencing intermittent issues.,870,25,2,1,3083.34,True,1,17,mid_market,1872.29,True,True,True,WAIT_AND_RETRY,1791.04
txn_ab8340a672e3,cust_20a30261,2026-07-29 04:34:16.317954,371.61,USD,upi,failed,insufficient_funds,Customer account has insufficient balance.,377,23,1,0,659.49,False,2,6,smb_saas,381.78,True,False,True,SEND_RECOVERY_MESSAGE,371.61
txn_c517db490113,cust_b5c0db0e,2026-07-30 06:03:16.332954,2309.74,USD,upi,failed,bank_timeout,Issuing bank did not respond in time.,98,41,5,5,4406.24,False,3,18,mid_market,2372.04,True,True,False,CREATE_ESCALATION,0.0
txn_1a4ec29b9d41,cust_d433e9b3,2026-08-24 08:12:16.270823,599.41,INR,upi,failed,insufficient_funds,Customer account has insufficient balance.,860,41,3,3,574.49,False,2,20,mid_market,605.82,True,True,False,CREATE_ESCALATION,0.0
txn_a9fd51eb2dc6,cust_ce899210,2026-07-28 23:55:16.362097,5983.1,INR,card,failed,insufficient_funds,Customer account has insufficient balance.,332,13,3,2,10092.63,False,2,16,enterprise,5988.05,True,True,False,CREATE_ESCALATION,0.0
txn_12380208d9ca,cust_64ad50f0,2026-08-03 11:45:16.318954,1631.99,INR,upi,failed,authentication_failed,OTP or 3D secure authentication failed.,186,6,2,1,1413.22,False,0,19,mid_market,1730.74,True,True,False,CREATE_ESCALATION,0.0
txn_99907098bfca,cust_b8f17491,2026-07-29 06:03:16.235826,675.87,INR,wallet,failed,bank_timeout,Issuing bank did not respond in time.,473,21,0,0,1195.41,False,3,6,mid_market,719.74,True,True,True,WAIT_AND_RETRY,675.87
txn_f9726c5db0c9,cust_78db0657,2026-07-28 13:45:16.331954,98.71,INR,upi,failed,insufficient_funds,Customer account has insufficient balance.,26,18,5,2,139.12,True,2,13,smb_saas,178.44,True,True,False,CREATE_ESCALATION,0.0
txn_1569734519a7,cust_b3d09ea6,2026-07-26 23:58:16.229825,1775.08,INR,netbanking,failed,insufficient_funds,Customer account has insufficient balance.,672,1,2,0,3517.28,False,3,19,mid_market,1789.66,True,True,False,CREATE_ESCALATION,0.0
txn_706110e7ad2e,cust_7d8cbfd5,2026-07-26 22:14:16.270823,319.41,INR,upi,failed,bank_timeout,Issuing bank did not respond in time.,907,30,2,2,538.47,False,3,21,mid_market,388.69,True,True,True,WAIT_AND_RETRY,319.41
txn_a1ced3126d6f,cust_4ff4b7ef,2026-08-24 22:10:16.245325,121.37,INR,card,failed,bank_timeout,Issuing bank did not respond in time.,332,36,4,0,221.49,True,1,15,smb_saas,127.76,True,True,True,WAIT_AND_RETRY,121.37
txn_5f660ff50a20,cust_7553c2b8,2026-08-11 19:48:16.301954,154.36,INR,card,failed,insufficient_funds,Customer account has insufficient balance.,365,48,2,0,252.25,True,1,22,smb_saas,158.68,True,True,True,SEND_RECOVERY_MESSAGE,154.36
txn_c372ceec266a,cust_82a9f435,2026-08-11 14:44:16.227825,4209.02,INR,upi,failed,insufficient_funds,Customer account has insufficient balance.,60,0,3,2,3426.45,False,1,-1,mid_market,4257.98,True,True,True,SEND_RECOVERY_MESSAGE,4209.02
txn_dab4de9beb70,cust_77a0bc36,2026-07-31 23:51:16.223629,9772.76,INR,netbanking,failed,limit_exceeded,Transaction exceeds customer limits.,643,20,1,1,5887.4,False,2,25,enterprise,9800.23,True,True,False,CREATE_ESCALATION,0.0
txn_349dd5f15743,cust_50e0450f,2026-08-03 13:12:16.332954,381.57,INR,card,failed,bank_timeout,Issuing bank did not respond in time.,855,21,3,2,545.3,False,0,18,smb_saas,415.2,True,True,True,WAIT_AND_RETRY,381.57
txn_f76b37350e01,cust_6a7896cc,2026-08-12 04:56:16.354544,528.05,INR,wallet,failed,authentication_failed,OTP or 3D secure authentication failed.,657,49,3,3,694.17,False,2,11,mid_market,580.02,True,True,False,CREATE_ESCALATION,0.0
txn_3db6c223b69c,cust_34a65316,2026-07-29 08:17:16.274812,1549.22,USD,wallet,failed,insufficient_funds,Customer account has insufficient balance.,408,27,4,4,1286.87,False,2,18,enterprise,1614.61,True,True,True,SEND_RECOVERY_MESSAGE,1549.22
txn_2d914b432a12,cust_ac390cd9,2026-08-13 10:38:16.276813,1222.37,INR,card,failed,fraud_suspected,Transaction flagged by risk engine.,11,47,2,1,723.93,False,2,22,enterprise,1292.38,True,True,False,STOP_AUTOMATION,0.0
txn_cd0fdb555f7f,cust_fe55c7fd,2026-07-28 06:54:16.361096,1263.13,INR,wallet,failed,insufficient_funds,Customer account has insufficient balance.,675,17,0,0,1968.81,False,1,9,ecommerce,1310.13,True,True,False,CREATE_ESCALATION,0.0
txn_d6b995c02f05,cust_9579ba4d,2026-08-25 01:06:16.323954,1834.85,INR,card,failed,bank_timeout,Issuing bank did not respond in time.,981,13,2,1,3402.42,False,1,29,ecommerce,1877.83,True,True,True,WAIT_AND_RETRY,1834.85
txn_338c412b4bc2,cust_52aebbf0,2026-08-02 07:22:16.254632,112.2,USD,wallet,failed,authentication_failed,OTP or 3D secure authentication failed.,850,16,0,0,176.85,False,0,30,smb_saas,207.35,True,True,False,CREATE_ESCALATION,0.0
txn_8a14b917735a,cust_b59cbbaa,2026-08-20 12:47:16.265766,411.43,USD,card,failed,limit_exceeded,Transaction exceeds customer limits.,38,16,3,0,733.66,False,0,2,smb_saas,417.42,True,True,False,CREATE_ESCALATION,0.0
txn_080bac33498c,cust_2a1edaf0,2026-08-23 05:51:16.330954,149.31,INR,netbanking,failed,authentication_failed,OTP or 3D secure authentication failed.,596,22,0,0,264.13,True,1,16,smb_saas,221.8,True,True,True,RETRY_PAYMENT,149.31
txn_13aa8048dc79,cust_b2004905,2026-08-04 23:18:16.320954,443.24,INR,wallet,failed,bank_timeout,Issuing bank did not respond in time.,845,21,2,1,796.15,False,2,7,mid_market,537.84,True,True,True,WAIT_AND_RETRY,443.24
txn_009310e1eab7,cust_9dda4469,2026-07-26 13:24:16.276813,1155.2,INR,upi,failed,temporary_bank_failure,Bank is experiencing intermittent issues.,851,40,5,3,1942.42,False,0,3,ecommerce,1211.31,True,True,False,CREATE_ESCALATION,0.0
txn_1ed13be4c377,cust_3e388d1a,2026-08-02 17:57:16.329954,193.81,INR,wallet,failed,authentication_failed,OTP or 3D secure authentication failed.,861,1,5,0,282.02,True,0,26,smb_saas,229.85,True,True,True,RETRY_PAYMENT,193.81
txn_a6cd9a141eab,cust_294d95a9,2026-08-10 23:14:16.299954,4657.88,INR,card,failed,authentication_failed,OTP or 3D secure authentication failed.,453,41,0,0,6737.01,False,1,0,mid_market,4756.98,True,True,True,RETRY_PAYMENT,4657.88
txn_06471258d4b8,cust_f6536505,2026-08-19 13:11:16.277813,2562.92,INR,card,failed,authentication_failed,OTP or 3D secure authentication failed.,214,42,5,2,1703.32,False,0,0,mid_market,2622.59,True,True,True,RETRY_PAYMENT,2562.92
txn_3b7ae00dc7eb,cust_35b5c6ab,2026-08-24 23:28:16.282812,8297.66,USD,wallet,failed,bank_timeout,Issuing bank did not respond in time.,247,45,5,0,13546.59,False,3,17,high_value,8310.11,True,True,True,WAIT_AND_RETRY,8297.66
txn_c44a6cfe057f,cust_0792b667,2026-08-17 10:17:16.333954,2295.37,INR,netbanking,failed,insufficient_funds,Customer account has insufficient balance.,623,48,0,0,3741.73,False,0,7,ecommerce,2383.03,True,True,False,CREATE_ESCALATION,0.0
txn_96a60d3e52b5,cust_dbcb297f,2026-08-17 15:55:16.319954,1848.47,INR,wallet,failed,insufficient_funds,Customer account has insufficient balance.,405,3,2,1,1747.44,True,0,14,mid_market,1864.49,True,True,True,SEND_RECOVERY_MESSAGE,1848.47
txn_e2f47c7ca332,cust_5fc498ff,2026-08-11 15:15:16.267812,145.87,INR,upi,failed,insufficient_funds,Customer account has insufficient balance.,354,6,1,0,89.22,True,3,29,ecommerce,231.6,True,True,False,CREATE_ESCALATION,0.0
txn_86350b2238a0,cust_cc343cc8,2026-08-16 20:50:16.311954,356.33,INR,upi,failed,insufficient_funds,Customer account has insufficient balance.,352,33,1,0,183.96,False,2,17,smb_saas,362.24,True,True,False,CREATE_ESCALATION,0.0
txn_65da5abe3a86,cust_bf9f9288,2026-08-13 01:14:16.262223,3800.45,INR,wallet,failed,bank_timeout,Issuing bank did not respond in time.,298,0,0,0,5829.16,False,1,-1,enterprise,3802.53,True,True,True,WAIT_AND_RETRY,3800.45
txn_aa7d4b503ef3,cust_7691ae30,2026-08-15 21:48:16.350954,7283.21,USD,netbanking,failed,insufficient_funds,Customer account has insufficient balance.,544,23,2,0,4650.85,False,0,27,enterprise,7367.15,True,True,False,CREATE_ESCALATION,0.0
txn_9db236a93f85,cust_9515334d,2026-08-13 10:23:16.316954,1449.35,INR,netbanking,failed,limit_exceeded,Transaction exceeds customer limits.,515,31,3,0,1893.7,False,2,30,mid_market,1525.85,True,True,False,CREATE_ESCALATION,0.0
txn_4199e0b5cc52,cust_4e9a0219,2026-08-13 14:19:16.333954,18361.73,INR,upi,failed,insufficient_funds,Customer account has insufficient balance.,793,27,4,2,16548.73,False,3,29,enterprise,18397.7,True,False,False,CREATE_ESCALATION,0.0
txn_d775c241eb2b,cust_9b2fe412,2026-08-02 15:11:16.257223,17.84,INR,upi,failed,authentication_failed,OTP or 3D secure authentication failed.,109,48,0,0,31.13,False,3,13,smb_saas,78.51,True,False,True,RETRY_PAYMENT,17.84
txn_a76789fd57b3,cust_f75269cd,2026-07-30 00:58:16.327954,2227.07,INR,card,failed,insufficient_funds,Customer account has insufficient balance.,604,50,0,0,1577.9,False,3,16,ecommerce,2253.8,True,True,False,CREATE_ESCALATION,0.0
txn_9848219bee65,cust_d98f1116,2026-08-10 12:19:16.221629,5465.61,INR,upi,failed,fraud_suspected,Transaction flagged by risk engine.,827,26,1,0,3527.48,False,3,13,mid_market,5512.31,True,True,False,STOP_AUTOMATION,0.0
txn_3f3b8706ed4a,cust_3810e9bc,2026-08-06 11:48:16.301954,518.27,USD,netbanking,failed,insufficient_funds,Customer account has insufficient balance.,244,38,0,0,863.07,False,3,10,smb_saas,544.33,True,True,True,SEND_RECOVERY_MESSAGE,518.27
txn_a9a22421ee23,cust_fce8a4fe,2026-08-06 07:50:16.274812,911.05,INR,wallet,failed,insufficient_funds,Customer account has insufficient balance.,646,25,0,0,1807.38,False,3,28,smb_saas,962.93,True,True,True,SEND_RECOVERY_MESSAGE,911.05
txn_2b2803d8d6c6,cust_1947872a,2026-08-03 21:53:16.239825,2453.09,INR,netbanking,failed,authentication_failed,OTP or 3D secure authentication failed.,178,36,3,2,4186.37,True,1,8,ecommerce,2466.66,True,True,True,RETRY_PAYMENT,2453.09
txn_85edbafa1991,cust_44878b5b,2026-08-04 08:32:16.315955,302.45,INR,netbanking,failed,authentication_failed,OTP or 3D secure authentication failed.,828,8,4,1,530.98,False,0,22,smb_saas,315.83,True,True,True,RETRY_PAYMENT,302.45
txn_9fb40eacc155,cust_91fa7fa6,2026-08-21 22:24:16.353498,433.55,INR,wallet,failed,bank_timeout,Issuing bank did not respond in time.,942,11,4,0,673.6,False,1,11,smb_saas,485.79,True,True,True,WAIT_AND_RETRY,433.55
txn_1d0cc1fe2578,cust_acde866e,2026-08-01 20:32:16.241825,541.01,INR,upi,failed,insufficient_funds,Customer account has insufficient balance.,536,43,1,1,691.99,True,3,6,smb_saas,634.63,True,False,False,CREATE_ESCALATION,0.0
txn_6f57ec604e55,cust_b40bf74a,2026-08-11 00:14:16.312954,437.6,INR,netbanking,failed,authentication_failed,OTP or 3D secure authentication failed.,924,39,0,0,866.25,False,2,0,mid_market,506.87,True,True,True,RETRY_PAYMENT,437.6
txn_5af22bc0cf49,cust_a78e73a4,2026-08-03 14:36:16.295908,5464.92,USD,upi,failed,limit_exceeded,Transaction exceeds customer limits.,222,10,4,3,8301.15,False,0,8,high_value,5465.12,True,True,False,CREATE_ESCALATION,0.0
txn_be8daf5b8b83,cust_65cbc31c,2026-08-01 01:44:16.302954,14.61,USD,card,failed,limit_exceeded,Transaction exceeds customer limits.,906,2,1,1,7.92,False,2,13,smb_saas,97.96,True,True,False,CREATE_ESCALATION,0.0
txn_55e7e8799268,cust_06c35081,2026-08-08 23:14:16.335955,435.8,INR,card,failed,insufficient_funds,Customer account has insufficient balance.,86,34,2,1,395.41,False,3,24,ecommerce,461.74,True,True,False,CREATE_ESCALATION,0.0
txn_6bd1e1396feb,cust_e3defaac,2026-08-06 02:33:16.313954,107.51,INR,card,failed,insufficient_funds,Customer account has insufficient balance.,122,22,0,0,96.51,True,2,12,ecommerce,184.47,True,True,True,SEND_RECOVERY_MESSAGE,107.51
txn_4df3ede3da5a,cust_2c38e2f5,2026-08-12 18:10:16.246043,263.4,USD,netbanking,failed,insufficient_funds,Customer account has insufficient balance.,621,14,5,1,321.1,False,3,20,mid_market,350.59,True,True,True,SEND_RECOVERY_MESSAGE,263.4
txn_0fdc5d795d15,cust_836eb184,2026-08-19 00:34:16.259223,321.08,INR,netbanking,failed,insufficient_funds,Customer account has insufficient balance.,516,50,2,0,464.04,True,0,20,smb_saas,368.37,True,True,False,CREATE_ESCALATION,0.0
txn_d4d454359730,cust_38246d0e,2026-07-26 10:21:16.267812,112.61,INR,card,failed,insufficient_funds,Customer account has insufficient balance.,910,17,3,3,78.54,False,0,24,smb_saas,122.38,True,True,False,CREATE_ESCALATION,0.0
txn_b13a3434253e,cust_5e97f966,2026-08-20 09:53:16.234825,37.13,INR,wallet,failed,bank_timeout,Issuing bank did not respond in time.,61,39,2,0,20.08,True,3,3,smb_saas,69.13,True,True,True,WAIT_AND_RETRY,37.13
txn_b318dc88e78a,cust_8dd99450,2026-08-02 05:52:16.310954,783.01,INR,wallet,failed,fraud_suspected,Transaction flagged by risk engine.,188,29,1,0,890.34,True,2,1,ecommerce,798.38,True,True,False,STOP_AUTOMATION,0.0
txn_90d34c61026d,cust_49966448,2026-07-26 16:31:16.358096,1459.87,INR,wallet,failed,insufficient_funds,Customer account has insufficient balance.,940,19,2,0,2889.46,True,0,7,enterprise,1506.66,True,True,True,SEND_RECOVERY_MESSAGE,1459.87
txn_798e54671573,cust_386048ae,2026-08-22 00:47:16.327954,256.2,INR,wallet,failed,bank_timeout,Issuing bank did not respond in time.,502,6,4,4,338.25,False,1,1,ecommerce,324.89,True,True,False,CREATE_ESCALATION,0.0
txn_b472a047939d,cust_dbfe17bd,2026-08-01 19:48:16.286812,693.07,USD,wallet,failed,bank_timeout,Issuing bank did not respond in time.,460,11,0,0,902.44,False,1,17,smb_saas,738.06,True,True,True,WAIT_AND_RETRY,693.07
txn_e53afc73f8bc,cust_16ab603c,2026-08-21 14:26:16.272812,130.24,INR,wallet,failed,temporary_bank_failure,Bank is experiencing intermittent issues.,704,8,5,0,192.42,False,3,23,smb_saas,217.47,True,True,False,CREATE_ESCALATION,0.0
txn_9724be81ed7e,cust_fa988a48,2026-08-08 05:45:16.362097,1562.02,INR,wallet,failed,limit_exceeded,Transaction exceeds customer limits.,591,14,1,1,1623.1,False,1,12,mid_market,1652.89,True,True,True,RETRY_PAYMENT,1562.02
txn_f777f587c898,cust_26e9d490,2026-08-13 23:51:16.248632,6424.26,INR,card,failed,insufficient_funds,Customer account has insufficient balance.,791,32,2,2,9174.97,False,1,30,high_value,6441.77,True,True,True,SEND_RECOVERY_MESSAGE,6424.26
txn_b23a951062e9,cust_0eb2e341,2026-07-29 04:36:16.240825,111.44,INR,netbanking,failed,temporary_bank_failure,Bank is experiencing intermittent issues.,17,43,2,2,175.79,False,2,3,smb_saas,119.19,True,True,True,WAIT_AND_RETRY,111.44
txn_604c617b562e,cust_f5b65941,2026-08-06 04:29:16.235826,193.82,INR,card,failed,authentication_failed,OTP or 3D secure authentication failed.,425,41,2,0,163.49,False,2,7,smb_saas,214.4,True,True,False,CREATE_ESCALATION,0.0
txn_19a53aa2c306,cust_d21320c5,2026-07-27 06:50:16.300954,926.44,USD,netbanking,failed,limit_exceeded,Transaction exceeds customer limits.,679,43,3,3,658.37,False,3,4,mid_market,1011.84,True,True,False,CREATE_ESCALATION,0.0
txn_0d1782377b9c,cust_677d0cca,2026-08-06 05:11:16.291365,6745.47,INR,upi,failed,insufficient_funds,Customer account has insufficient balance.,21,1,0,0,8418.81,False,2,28,enterprise,6827.11,True,True,False,CREATE_ESCALATION,0.0
txn_ab9cb8845fe9,cust_b1c4ec40,2026-08-18 23:00:16.235826,29758.39,USD,netbanking,failed,insufficient_funds,Customer account has insufficient balance.,307,18,2,1,57098.09,False,0,15,high_value,29823.8,True,False,False,CREATE_ESCALATION,0.0
txn_f80fc43df2c2,cust_356a6e14,2026-08-19 06:04:16.336954,5933.64,INR,card,failed,limit_exceeded,Transaction exceeds customer limits.,341,6,0,0,3831.98,False,2,0,mid_market,5938.29,True,True,False,CREATE_ESCALATION,0.0
txn_94887e28891a,cust_a863b002,2026-08-13 23:18:16.341954,1308.78,USD,upi,failed,temporary_bank_failure,Bank is experiencing intermittent issues.,483,3,1,1,2033.07,False,1,15,ecommerce,1328.16,True,True,False,CREATE_ESCALATION,0.0
txn_36fad91e5a6a,cust_bcb89d08,2026-08-20 03:11:16.332954,21994.8,INR,netbanking,failed,limit_exceeded,Transaction exceeds customer limits.,385,44,4,1,42388.75,False,2,22,enterprise,22030.45,True,True,False,CREATE_ESCALATION,0.0
txn_64c6891d91c1,cust_65936871,2026-08-17 23:04:16.235826,348.21,INR,card,failed,bank_timeout,Issuing bank did not respond in time.,939,24,3,0,444.94,True,3,5,mid_market,431.18,True,True,True,WAIT_AND_RETRY,348.21
txn_6f6df02b647e,cust_005131a7,2026-08-07 03:42:16.365098,164.35,INR,card,failed,limit_exceeded,Transaction exceeds customer limits.,261,11,1,1,317.58,False,2,17,ecommerce,217.83,True,True,True,RETRY_PAYMENT,164.35
txn_b0f4fdada344,cust_b28f6891,2026-07-31 05:05:16.249632,17.06,INR,upi,failed,bank_timeout,Issuing bank did not respond in time.,659,6,2,0,9.43,False,3,12,smb_saas,78.63,True,False,True,WAIT_AND_RETRY,17.06
txn_f4d02211d582,cust_d3bfb332,2026-08-14 08:08:16.289365,2969.59,INR,wallet,failed,insufficient_funds,Customer account has insufficient balance.,848,21,5,2,5812.49,True,2,0,mid_market,3069.56,True,True,False,CREATE_ESCALATION,0.0
txn_2f3de1c9635b,cust_c263f85f,2026-08-04 03:46:16.285813,3732.99,INR,upi,failed,insufficient_funds,Customer account has insufficient balance.,564,45,5,0,1996.63,True,2,5,mid_market,3783.45,True,True,False,CREATE_ESCALATION,0.0
txn_9868384b3b49,cust_8dbf9331,2026-08-08 20:11:16.367097,8777.62,INR,netbanking,failed,insufficient_funds,Customer account has insufficient balance.,862,29,0,0,12499.07,False,2,14,high_value,8811.81,True,True,False,CREATE_ESCALATION,0.0
txn_8a8c1587cc64,cust_3ae660af,2026-08-12 19:42:16.236825,1344.95,INR,wallet,failed,insufficient_funds,Customer account has insufficient balance.,858,37,4,0,2192.62,True,0,5,ecommerce,1431.15,True,True,True,SEND_RECOVERY_MESSAGE,1344.95
txn_5ee3aa51cc34,cust_605372d2,2026-08-03 05:16:16.311954,64.26,USD,netbanking,failed,authentication_failed,OTP or 3D secure authentication failed.,588,6,2,2,93.36,False,1,6,smb_saas,155.47,True,False,False,CREATE_ESCALATION,0.0
txn_c6141ce93a42,cust_0430b101,2026-08-22 23:46:16.245325,1139.33,USD,upi,failed,authentication_failed,OTP or 3D secure authentication failed.,938,40,5,4,1050.61,False,3,5,ecommerce,1222.81,True,True,True,RETRY_PAYMENT,1139.33
txn_ba778b011fb8,cust_418b4d62,2026-08-06 00:03:16.328954,188.12,INR,netbanking,failed,authentication_failed,OTP or 3D secure authentication failed.,283,26,2,2,352.14,False,0,27,ecommerce,241.02,True,True,True,RETRY_PAYMENT,188.12
txn_af47e4065126,cust_cc3699ef,2026-08-18 21:13:16.256176,235.03,INR,card,failed,insufficient_funds,Customer account has insufficient balance.,412,3,2,2,379.8,False,0,26,smb_saas,329.63,True,True,True,SEND_RECOVERY_MESSAGE,235.03
txn_005e5dfb8cf8,cust_57dab977,2026-08-05 08:13:16.234825,461.09,USD,card,failed,limit_exceeded,Transaction exceeds customer limits.,533,50,1,0,767.08,False,0,20,smb_saas,505.74,True,True,False,CREATE_ESCALATION,0.0
txn_d3c22ff58f91,cust_b4fe9cd6,2026-08-03 18:22:16.254632,888.63,INR,card,failed,authentication_failed,OTP or 3D secure authentication failed.,240,43,5,2,662.55,False,3,21,ecommerce,940.84,True,False,True,RETRY_PAYMENT,888.63
txn_93ce581519cc,cust_636106f8,2026-08-08 05:14:16.310954,100.24,USD,card,failed,insufficient_funds,Customer account has insufficient balance.,360,38,0,0,129.76,False,2,15,ecommerce,161.08,True,True,True,SEND_RECOVERY_MESSAGE,100.24
txn_501c16913a92,cust_3ed17458,2026-08-11 12:07:16.265766,7244.62,USD,wallet,failed,authentication_failed,OTP or 3D secure authentication failed.,439,11,5,3,13295.97,False,3,14,enterprise,7298.44,True,True,False,CREATE_ESCALATION,0.0
txn_9eae5b198aee,cust_1b34ceea,2026-08-05 03:30:16.267812,78.88,INR,wallet,failed,bank_timeout,Issuing bank did not respond in time.,740,46,3,2,147.4,False,2,27,smb_saas,112.91,True,True,True,WAIT_AND_RETRY,78.88
txn_cec82c38ee0a,cust_02ce0aae,2026-08-04 06:41:16.261223,283.36,INR,upi,failed,insufficient_funds,Customer account has insufficient balance.,291,3,0,0,176.7,False,2,1,ecommerce,324.46,True,True,False,CREATE_ESCALATION,0.0
txn_0265bcb2f7ec,cust_265efa95,2026-08-09 05:09:16.279813,536.38,INR,wallet,failed,insufficient_funds,Customer account has insufficient balance.,424,7,3,1,712.91,False,3,20,ecommerce,539.16,True,True,False,CREATE_ESCALATION,0.0
txn_10de271834a7,cust_23cf23a2,2026-08-11 07:02:16.320954,950.77,INR,wallet,failed,insufficient_funds,Customer account has insufficient balance.,228,10,1,0,1360.39,True,3,25,mid_market,989.23,True,True,True,SEND_RECOVERY_MESSAGE,950.77
txn_4c350b1981b1,cust_bfcde794,2026-08-15 20:43:16.345955,634.1,INR,netbanking,failed,insufficient_funds,Customer account has insufficient balance.,201,50,3,0,431.6,False,0,22,ecommerce,666.71,True,True,False,CREATE_ESCALATION,0.0
txn_a85ba3c5cc9b,cust_e7da8f9c,2026-08-04 00:35:16.329954,137.0,INR,card,failed,insufficient_funds,Customer account has insufficient balance.,767,24,2,2,227.81,False,3,25,smb_saas,170.32,True,True,True,SEND_RECOVERY_MESSAGE,137.0
txn_804eb0fca898,cust_62fca7d2,2026-08-17 17:15:16.264223,1158.11,USD,card,failed,bank_timeout,Issuing bank did not respond in time.,864,16,3,3,2139.08,False,0,26,mid_market,1228.43,True,True,True,WAIT_AND_RETRY,1158.11
txn_1144d491ae1f,cust_48d8a1cf,2026-08-01 14:10:16.278812,1193.72,INR,card,failed,authentication_failed,OTP or 3D secure authentication failed.,422,34,5,0,597.32,True,1,5,ecommerce,1196.47,True,True,True,RETRY_PAYMENT,1193.72
txn_2df7111189ff,cust_e80db8f6,2026-08-22 05:17:16.355058,2212.31,INR,card,failed,limit_exceeded,Transaction exceeds customer limits.,115,5,2,1,4179.84,False,1,1,mid_market,2221.44,True,True,False,CREATE_ESCALATION,0.0
txn_44232acf32b8,cust_0b32c224,2026-07-25 19:43:16.253632,11938.13,INR,card,failed,authentication_failed,OTP or 3D secure authentication failed.,645,46,2,2,8960.43,False,0,27,high_value,12003.55,True,True,False,CREATE_ESCALATION,0.0
txn_df776c8e331c,cust_b722bdd1,2026-07-27 07:04:16.334955,1629.03,INR,card,failed,limit_exceeded,Transaction exceeds customer limits.,902,3,5,2,2512.35,False,0,17,ecommerce,1686.66,True,True,False,CREATE_ESCALATION,0.0
txn_24a6b68ac200,cust_3e4bfe02,2026-08-16 22:19:16.347954,3983.33,INR,upi,failed,authentication_failed,OTP or 3D secure authentication failed.,776,2,5,5,2241.03,True,2,23,mid_market,4047.73,True,True,False,CREATE_ESCALATION,0.0
txn_c8d69beb3663,cust_5249b157,2026-08-17 00:46:16.245005,46.69,INR,card,failed,limit_exceeded,Transaction exceeds customer limits.,936,20,4,0,24.96,True,0,7,smb_saas,54.13,True,True,True,RETRY_PAYMENT,46.69
txn_e4a366464d20,cust_fc0baf0f,2026-08-04 04:16:16.224629,1414.31,USD,netbanking,failed,insufficient_funds,Customer account has insufficient balance.,666,17,1,0,762.13,True,3,29,ecommerce,1470.48,True,True,True,SEND_RECOVERY_MESSAGE,1414.31
txn_50128640a65d,cust_53abc878,2026-08-06 12:23:16.279813,28.59,INR,wallet,failed,insufficient_funds,Customer account has insufficient balance.,272,17,0,0,54.09,True,0,29,smb_saas,90.56,True,True,True,SEND_RECOVERY_MESSAGE,28.59
txn_93ddda9eeef6,cust_7261f739,2026-08-10 03:55:16.241825,5715.41,INR,netbanking,failed,bank_timeout,Issuing bank did not respond in time.,786,1,4,2,4389.96,False,0,14,enterprise,5747.87,True,True,True,WAIT_AND_RETRY,5715.41
txn_b451266d141c,cust_fbe2c011,2026-08-09 00:57:16.269812,323.07,INR,wallet,failed,limit_exceeded,Transaction exceeds customer limits.,125,30,3,0,470.75,False,1,26,smb_saas,325.98,True,True,False,CREATE_ESCALATION,0.0
txn_05d56a2fbe5b,cust_c383c93d,2026-07-26 11:22:16.351955,457.58,INR,wallet,failed,authentication_failed,OTP or 3D secure authentication failed.,544,25,3,1,892.12,True,0,27,ecommerce,493.13,True,True,True,RETRY_PAYMENT,457.58
txn_8e3ca73d7bda,cust_50428cb1,2026-08-03 04:13:16.270823,130.7,USD,wallet,failed,insufficient_funds,Customer account has insufficient balance.,258,4,1,1,256.38,True,2,18,smb_saas,158.11,True,True,True,SEND_RECOVERY_MESSAGE,130.7
txn_b491d9bb93a9,cust_bf2bc522,2026-08-08 08:29:16.250632,498.15,INR,card,failed,insufficient_funds,Customer account has insufficient balance.,77,47,1,0,354.32,False,0,13,ecommerce,510.46,True,True,True,SEND_RECOVERY_MESSAGE,498.15
txn_d3e8ae2bcf31,cust_ee199661,2026-08-24 14:57:16.224629,1226.73,INR,upi,failed,insufficient_funds,Customer account has insufficient balance.,628,20,1,1,2436.19,False,2,18,mid_market,1260.37,True,True,False,CREATE_ESCALATION,0.0
txn_606790652720,cust_763fb2c3,2026-07-29 04:19:16.298954,838.46,INR,card,failed,insufficient_funds,Customer account has insufficient balance.,889,37,2,0,1193.95,False,0,2,ecommerce,899.88,True,True,True,SEND_RECOVERY_MESSAGE,838.46
txn_619f6f7f5b8a,cust_c6d0fb83,2026-08-12 09:12:16.292365,551.5,INR,card,failed,insufficient_funds,Customer account has insufficient balance.,620,48,1,1,1026.72,False,0,27,smb_saas,621.83,True,False,False,CREATE_ESCALATION,0.0
txn_c610f2038d8d,cust_13d094ee,2026-08-25 17:46:16.311954,56.65,INR,netbanking,failed,limit_exceeded,Transaction exceeds customer limits.,2,4,4,0,63.44,True,2,14,smb_saas,58.62,True,True,False,CREATE_ESCALATION,0.0
txn_7cd9c2afafdf,cust_fe7bde07,2026-08-18 23:07:16.345955,2416.32,INR,card,failed,temporary_bank_failure,Bank is experiencing intermittent issues.,960,29,1,1,1380.99,True,0,21,mid_market,2453.57,True,False,True,WAIT_AND_RETRY,2416.32
txn_3917a2056d75,cust_bd9b989a,2026-08-08 20:29:16.299954,341.88,USD,upi,failed,bank_timeout,Issuing bank did not respond in time.,913,30,3,0,654.24,True,0,23,smb_saas,372.46,True,True,True,WAIT_AND_RETRY,341.88
txn_f8d637fe1ded,cust_f7c02daa,2026-08-16 23:39:16.261223,625.38,INR,netbanking,failed,insufficient_funds,Customer account has insufficient balance.,940,42,3,3,928.81,True,2,17,mid_market,704.84,True,True,False,CREATE_ESCALATION,0.0
txn_19f23dfb62db,cust_e752954d,2026-08-08 18:04:16.269812,1880.91,INR,card,failed,insufficient_funds,Customer account has insufficient balance.,547,38,3,2,1773.67,False,1,10,enterprise,1903.5,True,True,False,CREATE_ESCALATION,0.0
txn_f55d44a9a710,cust_428044e0,2026-08-13 06:08:16.269812,110.65,INR,card,failed,authentication_failed,OTP or 3D secure authentication failed.,7,11,4,2,112.54,False,3,14,smb_saas,187.61,True,True,False,CREATE_ESCALATION,0.0
txn_4bc93ec43ded,cust_25ba61b9,2026-08-21 06:56:16.342954,222.81,INR,wallet,failed,limit_exceeded,Transaction exceeds customer limits.,624,19,1,1,208.58,False,3,0,smb_saas,270.3,True,True,False,CREATE_ESCALATION,0.0
txn_a0cec207683d,cust_c46db7bf,2026-07-29 09:29:16.344954,185.97,INR,wallet,failed,temporary_bank_failure,Bank is experiencing intermittent issues.,456,5,0,0,138.81,False,2,5,smb_saas,199.49,True,True,True,WAIT_AND_RETRY,185.97
txn_e444554dd32b,cust_acbbf260,2026-08-19 08:05:16.260223,1197.82,INR,card,failed,fraud_suspected,Transaction flagged by risk engine.,861,42,1,0,1179.08,False,0,21,ecommerce,1282.24,True,True,False,STOP_AUTOMATION,0.0
txn_3b1ecdabd052,cust_1781c656,2026-08-19 04:13:16.357097,46.92,INR,wallet,failed,fraud_suspected,Transaction flagged by risk engine.,366,39,0,0,28.34,False,1,14,smb_saas,70.11,True,True,False,STOP_AUTOMATION,0.0
txn_5c181e76dd23,cust_ed7e5d62,2026-08-12 23:46:16.312954,490.83,INR,card,failed,insufficient_funds,Customer account has insufficient balance.,126,47,1,0,413.39,False,3,22,ecommerce,517.67,True,True,False,CREATE_ESCALATION,0.0
txn_03f295be02c1,cust_25c56897,2026-07-27 00:08:16.342954,253.09,INR,netbanking,failed,insufficient_funds,Customer account has insufficient balance.,319,3,5,2,261.63,True,2,25,smb_saas,274.2,True,True,False,CREATE_ESCALATION,0.0
txn_e5377f4c6a0d,cust_6a7ce942,2026-08-21 03:21:16.317954,70.27,USD,netbanking,failed,bank_timeout,Issuing bank did not respond in time.,269,23,4,0,52.58,False,1,3,smb_saas,73.18,True,True,True,WAIT_AND_RETRY,70.27
txn_14b22a0c2a0a,cust_c0a07a93,2026-07-30 16:10:16.331954,1968.66,INR,upi,failed,insufficient_funds,Customer account has insufficient balance.,585,9,2,0,1219.46,False,0,2,enterprise,2046.28,True,True,True,SEND_RECOVERY_MESSAGE,1968.66
txn_296c89caa655,cust_7d0f4040,2026-07-26 22:49:16.260223,10.0,INR,upi,failed,limit_exceeded,Transaction exceeds customer limits.,79,32,5,0,11.07,False,2,28,smb_saas,109.84,True,True,False,CREATE_ESCALATION,0.0
txn_dfb83174b336,cust_a637c3bb,2026-07-30 01:46:16.367097,867.44,INR,netbanking,failed,fraud_suspected,Transaction flagged by risk engine.,754,11,3,3,1105.76,False,1,24,smb_saas,896.66,True,True,False,STOP_AUTOMATION,0.0
txn_b337ea0f5636,cust_a965f392,2026-08-23 05:39:16.351955,6577.27,USD,card,failed,temporary_bank_failure,Bank is experiencing intermittent issues.,984,22,2,0,9825.02,False,3,22,mid_market,6625.73,True,True,True,WAIT_AND_RETRY,6577.27
txn_4f342dfae7cf,cust_18ddb6b3,2026-08-08 19:01:16.233825,402.72,USD,wallet,failed,authentication_failed,OTP or 3D secure authentication failed.,874,24,3,3,223.1,True,2,28,smb_saas,473.33,True,True,True,RETRY_PAYMENT,402.72
txn_21ba57048a75,cust_18025518,2026-08-24 06:33:16.267812,360.39,INR,wallet,failed,bank_timeout,Issuing bank did not respond in time.,183,33,2,1,547.74,False,1,3,mid_market,435.32,True,True,True,WAIT_AND_RETRY,360.39
txn_e9bbcadf577f,cust_c7a83796,2026-08-15 01:23:16.265766,896.27,USD,netbanking,failed,bank_timeout,Issuing bank did not respond in time.,711,7,3,2,910.24,False,0,25,smb_saas,954.0,True,True,False,CREATE_ESCALATION,0.0
txn_518a8f4d38bd,cust_910e8726,2026-08-13 21:55:16.281813,3068.96,INR,wallet,failed,fraud_suspected,Transaction flagged by risk engine.,370,45,4,3,2338.48,False,1,19,mid_market,3129.73,True,False,False,STOP_AUTOMATION,0.0
txn_3f673bee4784,cust_d8fbbd2c,2026-08-24 10:44:16.341954,359.78,INR,netbanking,failed,bank_timeout,Issuing bank did not respond in time.,698,43,5,0,217.1,False,2,23,smb_saas,440.43,True,True,True,WAIT_AND_RETRY,359.78
txn_fa9583e589e4,cust_a58bfbcf,2026-08-21 08:28:16.279813,32.99,USD,card,failed,fraud_suspected,Transaction flagged by risk engine.,939,47,3,1,29.55,False,2,20,ecommerce,80.04,True,True,False,STOP_AUTOMATION,0.0
txn_7ed3fbc3bd5f,cust_d3c67d93,2026-08-16 13:17:16.294364,198.75,INR,wallet,failed,bank_timeout,Issuing bank did not respond in time.,831,48,1,1,125.74,False,3,1,smb_saas,221.21,True,True,True,WAIT_AND_RETRY,198.75
txn_8bc6fee06f9e,cust_f55557e5,2026-08-04 01:18:16.221629,1262.78,INR,upi,failed,authentication_failed,OTP or 3D secure authentication failed.,977,46,5,2,2472.31,False,0,27,mid_market,1325.31,True,True,False,CREATE_ESCALATION,0.0
txn_248ea35e1437,cust_749a1313,2026-08-22 10:36:16.336954,97.46,USD,wallet,failed,authentication_failed,OTP or 3D secure authentication failed.,867,20,0,0,168.32,True,0,2,smb_saas,174.03,True,True,True,RETRY_PAYMENT,97.46
txn_48935b9b0ffb,cust_49c3c79b,2026-08-13 08:12:16.289365,1998.75,INR,upi,failed,temporary_bank_failure,Bank is experiencing intermittent issues.,321,5,2,0,2022.91,False,2,26,mid_market,2045.85,True,True,True,WAIT_AND_RETRY,1998.75
txn_9cb008bf44c9,cust_7980c2d8,2026-08-05 18:15:16.222629,1000.0,INR,upi,failed,insufficient_funds,Customer account has insufficient balance.,485,42,0,0,1197.55,True,2,5,enterprise,1060.59,True,False,False,CREATE_ESCALATION,0.0
txn_864e06f2326b,cust_b04f9d41,2026-07-28 11:50:16.242826,78.23,INR,netbanking,failed,authentication_failed,OTP or 3D secure authentication failed.,278,35,4,4,141.51,False,0,14,ecommerce,134.9,True,True,True,RETRY_PAYMENT,78.23
txn_16f4d770c103,cust_e114a6f1,2026-08-18 15:10:16.249632,1425.11,INR,netbanking,failed,insufficient_funds,Customer account has insufficient balance.,810,46,0,0,1082.94,False,2,24,mid_market,1480.53,True,True,False,CREATE_ESCALATION,0.0
txn_e945486b9b13,cust_ccc6d03b,2026-08-12 11:06:16.294364,1957.35,INR,wallet,failed,authentication_failed,OTP or 3D secure authentication failed.,645,48,1,1,2409.23,True,2,3,ecommerce,2027.73,True,True,True,RETRY_PAYMENT,1957.35
txn_2e82054bbb92,cust_46aee988,2026-08-23 16:39:16.342954,1891.1,USD,upi,failed,insufficient_funds,Customer account has insufficient balance.,123,35,2,2,1557.84,True,1,5,ecommerce,1953.41,True,True,True,SEND_RECOVERY_MESSAGE,1891.1
txn_406f39026982,cust_d543c8d1,2026-07-26 21:38:16.325954,10962.4,USD,upi,failed,limit_exceeded,Transaction exceeds customer limits.,379,32,5,4,5618.82,False,3,15,enterprise,11028.3,True,True,False,CREATE_ESCALATION,0.0
txn_e591ca02f036,cust_4854a945,2026-08-15 11:29:16.294364,111.43,INR,netbanking,failed,insufficient_funds,Customer account has insufficient balance.,783,38,2,1,204.81,False,0,22,smb_saas,143.47,True,True,True,SEND_RECOVERY_MESSAGE,111.43
txn_eec2ac367f9e,cust_0fc0a949,2026-08-06 09:35:16.249632,680.93,INR,netbanking,failed,fraud_suspected,Transaction flagged by risk engine.,851,14,1,0,687.93,True,0,21,smb_saas,748.98,True,True,False,STOP_AUTOMATION,0.0
txn_8e831388891c,cust_c41a4fec,2026-08-19 01:34:16.257223,210.96,INR,card,failed,fraud_suspected,Transaction flagged by risk engine.,530,33,3,1,161.29,False,2,24,ecommerce,234.49,True,True,False,STOP_AUTOMATION,0.0
txn_5eaeaeda645c,cust_8111db42,2026-08-08 15:21:16.363096,1715.59,INR,netbanking,failed,limit_exceeded,Transaction exceeds customer limits.,686,30,2,1,2057.67,False,2,20,mid_market,1737.31,True,False,False,CREATE_ESCALATION,0.0
txn_7bf765897234,cust_28182009,2026-08-11 13:57:16.292365,2125.4,INR,card,failed,insufficient_funds,Customer account has insufficient balance.,396,22,4,3,2048.36,True,0,4,mid_market,2194.0,True,True,True,SEND_RECOVERY_MESSAGE,2125.4
txn_87fd4379f55d,cust_150de333,2026-08-23 03:05:16.339954,1000.0,USD,netbanking,failed,temporary_bank_failure,Bank is experiencing intermittent issues.,964,42,2,0,1478.97,True,3,30,enterprise,1052.9,True,True,False,CREATE_ESCALATION,0.0
txn_bde29dbd5870,cust_3da624a4,2026-08-16 10:01:16.327954,9430.88,INR,netbanking,failed,insufficient_funds,Customer account has insufficient balance.,303,7,1,1,18671.65,False,3,1,enterprise,9510.53,True,True,False,CREATE_ESCALATION,0.0
txn_44bffbe852c5,cust_c8bf1ddd,2026-08-08 09:05:16.329954,416.7,INR,wallet,failed,limit_exceeded,Transaction exceeds customer limits.,498,7,4,0,240.1,True,2,9,ecommerce,444.27,True,True,False,CREATE_ESCALATION,0.0
txn_b1f01f4b916e,cust_59f31d28,2026-08-02 15:57:16.325954,194.9,INR,upi,failed,authentication_failed,OTP or 3D secure authentication failed.,604,43,4,3,229.62,False,0,8,smb_saas,262.7,True,True,False,CREATE_ESCALATION,0.0
txn_390f87c73e95,cust_94665bfb,2026-08-12 05:13:16.233825,37.38,INR,netbanking,failed,fraud_suspected,Transaction flagged by risk engine.,285,42,4,1,54.82,True,3,25,smb_saas,39.37,True,True,False,STOP_AUTOMATION,0.0
txn_2d6deb148f99,cust_ae7c4e2e,2026-08-06 09:32:16.262223,1487.54,USD,card,failed,temporary_bank_failure,Bank is experiencing intermittent issues.,687,28,3,3,2906.35,False,2,1,ecommerce,1522.0,True,True,True,WAIT_AND_RETRY,1487.54
txn_cbe114fb9062,cust_2be24f56,2026-08-11 16:06:16.224629,1728.29,USD,upi,failed,insufficient_funds,Customer account has insufficient balance.,725,28,3,1,1807.53,False,3,13,mid_market,1805.74,True,True,True,SEND_RECOVERY_MESSAGE,1728.29
txn_affc41b6e5c3,cust_809b6ee9,2026-07-31 02:11:16.333954,2622.47,INR,netbanking,failed,insufficient_funds,Customer account has insufficient balance.,997,14,0,0,4795.93,True,3,14,mid_market,2722.22,True,True,True,SEND_RECOVERY_MESSAGE,2622.47
txn_e0e222220844,cust_a0ad6b50,2026-07-26 17:53:16.236825,228.64,INR,upi,failed,limit_exceeded,Transaction exceeds customer limits.,872,49,0,0,216.93,True,1,0,ecommerce,302.44,True,True,True,RETRY_PAYMENT,228.64
txn_9b05de2184cb,cust_cc0a91cc,2026-07-31 16:34:16.294364,25.56,USD,wallet,failed,limit_exceeded,Transaction exceeds customer limits.,145,40,1,0,20.16,False,1,2,smb_saas,73.03,True,False,False,CREATE_ESCALATION,0.0
txn_56edf48ea668,cust_e51549d9,2026-08-20 11:30:16.232825,15328.08,INR,netbanking,failed,insufficient_funds,Customer account has insufficient balance.,576,45,0,0,30150.85,True,3,17,high_value,15425.63,True,True,True,SEND_RECOVERY_MESSAGE,15328.08
txn_511b8e1d891f,cust_b427de09,2026-08-11 08:47:16.331954,679.47,INR,upi,failed,bank_timeout,Issuing bank did not respond in time.,716,40,5,5,775.69,False,3,18,ecommerce,731.19,True,True,False,CREATE_ESCALATION,0.0
txn_577af21939bd,cust_af84f525,2026-08-24 17:54:16.350954,141.7,INR,card,failed,insufficient_funds,Customer account has insufficient balance.,983,34,4,3,179.61,False,2,3,smb_saas,188.25,True,True,True,SEND_RECOVERY_MESSAGE,141.7
txn_21eb9d076e64,cust_4f27eba9,2026-08-18 03:37:16.292365,206.0,USD,card,failed,insufficient_funds,Customer account has insufficient balance.,525,46,0,0,220.79,False,0,0,smb_saas,233.58,True,True,True,SEND_RECOVERY_MESSAGE,206.0
txn_05b156bf0a17,cust_8b9d9fbd,2026-08-21 07:35:16.323954,1159.8,INR,netbanking,failed,temporary_bank_failure,Bank is experiencing intermittent issues.,175,28,0,0,1040.28,False,0,5,ecommerce,1252.43,True,True,True,WAIT_AND_RETRY,1159.8
txn_f1a05fcdb5c2,cust_6c8cfe76,2026-08-07 03:38:16.353498,30.68,INR,upi,failed,limit_exceeded,Transaction exceeds customer limits.,91,6,5,4,16.88,False,1,21,smb_saas,89.79,True,True,False,CREATE_ESCALATION,0.0
txn_74b03ab32eb5,cust_22e5969b,2026-08-15 05:52:16.317954,575.16,INR,upi,failed,insufficient_funds,Customer account has insufficient balance.,545,1,2,0,756.9,True,3,30,smb_saas,656.84,True,True,False,CREATE_ESCALATION,0.0
txn_498dddb87314,cust_57597ed7,2026-08-09 19:12:16.244491,93.67,INR,netbanking,failed,limit_exceeded,Transaction exceeds customer limits.,979,11,1,1,72.38,True,2,3,ecommerce,180.88,True,False,False,CREATE_ESCALATION,0.0
txn_2f8da4abcefb,cust_fc4c3d37,2026-08-13 20:57:16.284812,227.29,USD,upi,failed,insufficient_funds,Customer account has insufficient balance.,425,34,1,0,388.51,False,1,28,ecommerce,252.72,True,True,False,CREATE_ESCALATION,0.0
txn_b3982032d7cd,cust_19aa451e,2026-08-21 00:23:16.300954,58.7,INR,upi,failed,bank_timeout,Issuing bank did not respond in time.,5,11,4,2,33.29,False,0,9,smb_saas,102.82,True,False,True,WAIT_AND_RETRY,58.7
txn_2011d4f9178f,cust_5d892f3d,2026-08-17 01:25:16.267812,2076.86,USD,upi,failed,limit_exceeded,Transaction exceeds customer limits.,555,5,2,1,1099.28,False,2,5,ecommerce,2125.22,True,True,False,CREATE_ESCALATION,0.0
txn_39fb6fe81e0f,cust_0b3ec740,2026-07-28 02:23:16.262223,7968.75,USD,upi,failed,limit_exceeded,Transaction exceeds customer limits.,24,13,0,0,12263.99,False,3,13,high_value,8005.24,True,True,True,RETRY_PAYMENT,7968.75
txn_ecb1bc07e357,cust_01a09dee,2026-08-16 13:21:16.332954,1763.97,INR,upi,failed,temporary_bank_failure,Bank is experiencing intermittent issues.,66,9,2,2,2424.14,False,2,6,ecommerce,1826.85,True,True,True,WAIT_AND_RETRY,1763.97
txn_b758533dfcd8,cust_d6561edb,2026-08-08 23:18:16.250632,28517.45,INR,card,failed,insufficient_funds,Customer account has insufficient balance.,456,1,5,4,35802.93,False,2,29,high_value,28583.6,True,True,False,CREATE_ESCALATION,0.0
txn_210fb63d2ce5,cust_f9c12009,2026-08-20 23:00:16.269812,659.83,USD,upi,failed,insufficient_funds,Customer account has insufficient balance.,55,0,0,0,1105.65,False,0,-1,ecommerce,726.55,True,True,True,SEND_RECOVERY_MESSAGE,659.83
txn_b5670a62c016,cust_18dc29be,2026-08-23 10:46:16.248632,347.33,INR,wallet,failed,limit_exceeded,Transaction exceeds customer limits.,211,8,1,0,443.52,False,0,13,ecommerce,419.42,True,True,False,CREATE_ESCALATION,0.0
txn_3d1c10cc5eb1,cust_a586f315,2026-08-08 22:47:16.314954,2443.55,USD,netbanking,failed,insufficient_funds,Customer account has insufficient balance.,180,42,2,2,3724.83,False,0,6,ecommerce,2492.71,True,True,False,CREATE_ESCALATION,0.0
txn_94c0feb59397,cust_f1f760fe,2026-08-05 02:46:16.351955,204.11,USD,netbanking,failed,insufficient_funds,Customer account has insufficient balance.,250,6,4,4,321.25,False,3,29,smb_saas,239.83,True,True,False,CREATE_ESCALATION,0.0
txn_a8500da84931,cust_f8081a4f,2026-07-27 04:54:16.320954,22840.06,INR,card,failed,fraud_suspected,Transaction flagged by risk engine.,370,47,0,0,13010.22,False,3,7,high_value,22875.48,True,True,False,STOP_AUTOMATION,0.0
txn_ab9466c8c553,cust_00593c1a,2026-08-01 22:16:16.256176,16278.56,USD,netbanking,failed,insufficient_funds,Customer account has insufficient balance.,572,26,0,0,32536.93,False,1,30,high_value,16310.35,True,True,False,CREATE_ESCALATION,0.0
txn_f6a6b945084d,cust_dd1a1072,2026-07-31 16:41:16.351955,1000.0,INR,upi,failed,bank_timeout,Issuing bank did not respond in time.,790,42,3,0,1866.57,False,0,8,enterprise,1075.89,True,True,False,CREATE_ESCALATION,0.0
txn_fa5466b35fca,cust_105cad4f,2026-08-06 14:18:16.348954,1844.13,INR,netbanking,failed,insufficient_funds,Customer account has insufficient balance.,521,47,3,0,1882.4,True,0,28,enterprise,1854.24,True,True,False,CREATE_ESCALATION,0.0
txn_a61397d279ff,cust_1e852431,2026-08-17 14:42:16.311954,162.22,INR,upi,failed,insufficient_funds,Customer account has insufficient balance.,161,31,4,1,224.06,False,0,5,smb_saas,193.73,True,True,False,CREATE_ESCALATION,0.0
txn_640be2d99daf,cust_68d39f77,2026-08-03 06:00:16.347954,6733.59,INR,wallet,failed,limit_exceeded,Transaction exceeds customer limits.,572,30,0,0,9249.82,False,1,7,high_value,6748.56,True,True,False,CREATE_ESCALATION,0.0
txn_359064ebc22b,cust_a8a70ade,2026-08-16 00:58:16.270823,4675.62,USD,wallet,failed,temporary_bank_failure,Bank is experiencing intermittent issues.,562,6,5,4,3326.05,True,2,15,mid_market,4772.79,True,True,False,CREATE_ESCALATION,0.0
txn_b24fcceac9b2,cust_e828ab96,2026-08-05 05:47:16.224629,195.58,USD,upi,failed,temporary_bank_failure,Bank is experiencing intermittent issues.,489,20,1,0,174.3,True,2,30,ecommerce,228.54,True,True,True,WAIT_AND_RETRY,195.58
txn_40d067af3618,cust_874d5018,2026-08-23 20:10:16.230826,8101.46,USD,card,failed,authentication_failed,OTP or 3D secure authentication failed.,675,47,2,0,11069.35,False,1,10,enterprise,8121.52,True,True,True,RETRY_PAYMENT,8101.46
txn_4fd99fc4f871,cust_4fabc317,2026-08-04 15:54:16.298954,5308.04,INR,netbanking,failed,authentication_failed,OTP or 3D secure authentication failed.,107,0,5,4,4918.61,False,2,-1,mid_market,5340.72,True,True,False,CREATE_ESCALATION,0.0
txn_20bdefbfba75,cust_a18de30a,2026-08-18 22:32:16.362097,2016.05,INR,upi,failed,insufficient_funds,Customer account has insufficient balance.,629,25,0,0,4004.95,False,2,8,mid_market,2114.83,True,True,False,CREATE_ESCALATION,0.0
txn_680c360eae78,cust_1d547e59,2026-07-26 20:14:16.312954,1323.61,INR,card,failed,insufficient_funds,Customer account has insufficient balance.,963,42,1,1,1998.3,False,2,25,ecommerce,1372.1,True,True,True,SEND_RECOVERY_MESSAGE,1323.61
txn_ab2fbdd93351,cust_af113d49,2026-08-23 13:09:16.253632,443.58,INR,upi,failed,insufficient_funds,Customer account has insufficient balance.,554,32,5,1,454.22,True,0,16,ecommerce,491.27,True,True,False,CREATE_ESCALATION,0.0
txn_1469892934eb,cust_d53ef817,2026-08-18 07:02:16.284812,649.36,INR,wallet,failed,authentication_failed,OTP or 3D secure authentication failed.,362,36,4,4,446.42,True,3,19,mid_market,687.67,True,True,True,RETRY_PAYMENT,649.36
txn_8deaccdfae73,cust_20bb2031,2026-08-13 20:11:16.294364,5217.98,INR,netbanking,failed,insufficient_funds,Customer account has insufficient balance.,129,48,5,4,7958.61,False,0,13,enterprise,5236.5,True,True,False,CREATE_ESCALATION,0.0
txn_77e0c377bd92,cust_dff0d16c,2026-08-10 19:47:16.329954,2249.16,INR,upi,failed,insufficient_funds,Customer account has insufficient balance.,298,20,3,3,1945.14,True,3,21,ecommerce,2305.01,True,True,True,SEND_RECOVERY_MESSAGE,2249.16
txn_5e87c6afd427,cust_a1d3480b,2026-08-18 16:42:16.283812,367.75,INR,upi,failed,insufficient_funds,Customer account has insufficient balance.,927,10,4,1,421.68,True,2,27,smb_saas,428.99,True,True,False,CREATE_ESCALATION,0.0
txn_7063aa4da541,cust_5258341a,2026-07-25 21:46:16.232825,1778.25,USD,wallet,failed,insufficient_funds,Customer account has insufficient balance.,929,44,5,1,964.99,False,3,2,ecommerce,1838.14,True,True,False,CREATE_ESCALATION,0.0
txn_43a646ed42da,cust_95dd1aed,2026-07-26 10:05:16.310954,329.23,USD,card,failed,limit_exceeded,Transaction exceeds customer limits.,820,36,0,0,587.79,False,2,16,ecommerce,400.43,True,True,True,RETRY_PAYMENT,329.23
txn_221ffdec2730,cust_91b505e5,2026-08-12 04:56:16.322954,1113.88,INR,wallet,failed,authentication_failed,OTP or 3D secure authentication failed.,24,12,4,2,800.8,False,3,19,mid_market,1143.77,True,True,False,CREATE_ESCALATION,0.0
txn_17718ed4d4fe,cust_3a877034,2026-08-17 11:00:16.269812,49.07,INR,wallet,failed,insufficient_funds,Customer account has insufficient balance.,703,34,2,1,82.59,False,0,3,smb_saas,81.99,True,True,True,SEND_RECOVERY_MESSAGE,49.07
txn_d584183d435d,cust_be6e5163,2026-08-14 12:43:16.357097,1000.94,INR,upi,failed,limit_exceeded,Transaction exceeds customer limits.,564,9,5,2,1790.01,False,2,27,ecommerce,1014.05,True,True,False,CREATE_ESCALATION,0.0
txn_02506a9c962d,cust_1d13db02,2026-08-01 19:31:16.304955,3126.86,INR,wallet,failed,insufficient_funds,Customer account has insufficient balance.,294,49,4,1,4656.66,False,1,4,mid_market,3207.65,True,True,False,CREATE_ESCALATION,0.0
txn_75870a632d1e,cust_19fc7fc1,2026-07-29 01:21:16.226780,5059.03,USD,wallet,failed,insufficient_funds,Customer account has insufficient balance.,283,25,1,1,2823.82,False,2,22,enterprise,5082.79,True,True,False,CREATE_ESCALATION,0.0
txn_9dff31bb84d9,cust_d9752266,2026-08-04 01:30:16.298954,627.69,INR,netbanking,failed,authentication_failed,OTP or 3D secure authentication failed.,810,12,4,4,356.29,False,1,14,smb_saas,674.84,True,True,True,RETRY_PAYMENT,627.69
txn_e404734804b4,cust_48a07dfb,2026-08-15 10:22:16.330954,182.37,USD,netbanking,failed,bank_timeout,Issuing bank did not respond in time.,409,15,5,1,232.05,False,1,6,smb_saas,271.12,True,True,False,CREATE_ESCALATION,0.0
txn_84acbd278f73,cust_b605f599,2026-08-22 10:28:16.366097,2579.44,INR,card,failed,temporary_bank_failure,Bank is experiencing intermittent issues.,26,34,1,0,1995.88,False,0,3,mid_market,2667.53,True,True,False,CREATE_ESCALATION,0.0
txn_9e48d1a56356,cust_ec028b3d,2026-07-26 07:27:16.269812,412.65,INR,upi,failed,bank_timeout,Issuing bank did not respond in time.,532,19,5,4,658.43,False,2,11,ecommerce,506.66,True,True,False,CREATE_ESCALATION,0.0
txn_079dc04ee510,cust_5fe65e86,2026-08-10 17:47:16.271813,26882.75,USD,card,failed,temporary_bank_failure,Bank is experiencing intermittent issues.,88,0,5,1,41296.54,False,0,-1,high_value,26944.59,True,True,False,CREATE_ESCALATION,0.0
txn_62d4df107a0b,cust_a6af9a6f,2026-07-28 19:21:16.294364,106.54,INR,wallet,failed,temporary_bank_failure,Bank is experiencing intermittent issues.,715,6,2,1,156.69,False,1,26,smb_saas,189.92,True,True,True,WAIT_AND_RETRY,106.54
txn_dabfbb9b5156,cust_e4cb504b,2026-08-24 15:45:16.257223,3515.52,INR,card,failed,insufficient_funds,Customer account has insufficient balance.,415,37,4,4,6021.4,True,1,19,mid_market,3534.88,True,True,True,SEND_RECOVERY_MESSAGE,3515.52
txn_4ad379a54c5b,cust_1795f3ba,2026-08-24 00:53:16.227825,142.34,INR,card,failed,insufficient_funds,Customer account has insufficient balance.,595,31,2,1,98.55,False,0,9,ecommerce,204.29,True,False,True,SEND_RECOVERY_MESSAGE,142.34
txn_5a6056fa4b78,cust_53a03c83,2026-08-21 10:44:16.233825,352.27,INR,card,failed,authentication_failed,OTP or 3D secure authentication failed.,187,25,3,1,187.09,True,1,29,ecommerce,361.17,True,True,True,RETRY_PAYMENT,352.27
txn_a1c26d0a6c30,cust_956b9850,2026-07-26 23:08:16.283812,1203.21,INR,upi,failed,insufficient_funds,Customer account has insufficient balance.,760,48,1,1,1053.9,False,1,25,enterprise,1300.53,True,True,False,CREATE_ESCALATION,0.0
txn_fa45865582b5,cust_e7c986b3,2026-08-15 04:58:16.359096,1483.67,USD,card,failed,insufficient_funds,Customer account has insufficient balance.,606,23,5,3,2870.95,False,1,6,ecommerce,1509.34,True,False,False,CREATE_ESCALATION,0.0
txn_1df07ce515ca,cust_b18ad26f,2026-08-21 07:34:16.319954,162.74,INR,wallet,failed,authentication_failed,OTP or 3D secure authentication failed.,107,50,1,0,172.61,False,1,22,smb_saas,198.49,True,True,True,RETRY_PAYMENT,162.74
txn_8c1e7ab5f6ca,cust_ee8d83b3,2026-08-01 06:51:16.320954,26.78,INR,wallet,failed,limit_exceeded,Transaction exceeds customer limits.,761,36,1,0,41.5,False,0,28,smb_saas,115.34,True,True,False,CREATE_ESCALATION,0.0
txn_c978e8cedec1,cust_5ce1c051,2026-08-05 01:59:16.262223,333.11,INR,wallet,failed,insufficient_funds,Customer account has insufficient balance.,293,9,4,2,262.77,True,1,14,ecommerce,416.13,True,True,True,SEND_RECOVERY_MESSAGE,333.11
txn_49f47461c3b2,cust_4782a535,2026-08-04 01:10:16.351955,802.17,INR,upi,failed,bank_timeout,Issuing bank did not respond in time.,66,7,3,0,1293.36,False,2,12,smb_saas,839.81,True,True,False,CREATE_ESCALATION,0.0
txn_7a36db2f2a6d,cust_8f605eb0,2026-08-22 17:15:16.272812,6901.59,INR,card,failed,insufficient_funds,Customer account has insufficient balance.,836,33,5,2,9268.56,True,3,26,mid_market,6947.93,True,True,False,CREATE_ESCALATION,0.0
txn_0b0934b7d9cb,cust_e0a88b9d,2026-07-30 06:54:16.298954,17578.9,INR,card,failed,insufficient_funds,Customer account has insufficient balance.,345,5,4,2,24424.71,False,2,5,enterprise,17641.17,True,True,False,CREATE_ESCALATION,0.0
txn_3eb39c8ac715,cust_221099e5,2026-08-03 16:49:16.281813,322.18,USD,wallet,failed,limit_exceeded,Transaction exceeds customer limits.,227,44,4,2,194.53,False,3,12,smb_saas,392.72,True,True,False,CREATE_ESCALATION,0.0
txn_be089f35575d,cust_e2e73595,2026-08-01 16:06:16.318954,565.29,INR,wallet,failed,authentication_failed,OTP or 3D secure authentication failed.,337,47,5,0,1070.1,False,3,6,smb_saas,595.18,True,True,False,CREATE_ESCALATION,0.0
txn_2bb40159400f,cust_38ca97f5,2026-08-10 20:46:16.327954,396.91,INR,wallet,failed,authentication_failed,OTP or 3D secure authentication failed.,79,19,2,2,324.99,False,1,21,ecommerce,427.58,True,True,False,CREATE_ESCALATION,0.0
txn_d52d41f29875,cust_f8d0f430,2026-08-23 08:07:16.358096,187.43,INR,upi,failed,limit_exceeded,Transaction exceeds customer limits.,154,18,3,2,161.45,False,3,25,smb_saas,228.02,True,True,True,RETRY_PAYMENT,187.43
txn_7d12666f86c4,cust_7f4d70af,2026-08-24 07:32:16.350954,1433.65,INR,card,failed,bank_timeout,Issuing bank did not respond in time.,787,24,5,0,1251.53,False,3,22,mid_market,1472.03,True,True,True,WAIT_AND_RETRY,1433.65
txn_4a68ea559cc6,cust_b05c4139,2026-08-05 08:26:16.269812,559.57,INR,upi,failed,insufficient_funds,Customer account has insufficient balance.,136,30,5,0,887.73,False,3,30,smb_saas,634.31,True,False,False,CREATE_ESCALATION,0.0
txn_45cead60680c,cust_e239b0a5,2026-08-12 09:22:16.365098,11656.63,INR,upi,failed,temporary_bank_failure,Bank is experiencing intermittent issues.,288,19,0,0,22844.41,True,3,27,high_value,11704.89,True,True,True,WAIT_AND_RETRY,11656.63
txn_d69631c648f5,cust_a766cfe9,2026-08-21 18:21:16.315955,290.69,INR,wallet,failed,insufficient_funds,Customer account has insufficient balance.,858,47,5,3,155.01,True,1,2,smb_saas,304.81,True,False,False,CREATE_ESCALATION,0.0
txn_ae576540d6a2,cust_3897f7f6,2026-08-06 15:27:16.363096,257.66,INR,wallet,failed,bank_timeout,Issuing bank did not respond in time.,341,12,4,4,222.85,True,0,19,ecommerce,305.03,True,True,True,WAIT_AND_RETRY,257.66
txn_ab3410891e2b,cust_5cae39e9,2026-07-29 05:01:16.319954,1238.2,INR,upi,failed,bank_timeout,Issuing bank did not respond in time.,638,24,0,0,2010.22,False,0,14,mid_market,1267.44,True,True,True,WAIT_AND_RETRY,1238.2
txn_f8adb1a18182,cust_59f5a3b1,2026-08-10 05:22:16.344954,7955.05,INR,netbanking,failed,insufficient_funds,Customer account has insufficient balance.,511,8,1,0,8398.93,True,0,12,mid_market,7957.22,True,False,True,SEND_RECOVERY_MESSAGE,7955.05
txn_607f5a3fe27d,cust_40c9a095,2026-07-27 02:48:16.336954,1606.21,USD,upi,failed,insufficient_funds,Customer account has insufficient balance.,40,27,4,4,3016.24,False,1,15,ecommerce,1683.7,True,True,False,CREATE_ESCALATION,0.0
txn_2ad9d7b7465c,cust_9dd9dc0c,2026-08-05 18:36:16.296954,7361.34,INR,card,failed,bank_timeout,Issuing bank did not respond in time.,191,10,2,0,11825.56,False,2,18,enterprise,7405.76,True,True,True,WAIT_AND_RETRY,7361.34
txn_fb809d4614e2,cust_aa0c4ef0,2026-08-12 14:50:16.334955,198.55,INR,upi,failed,temporary_bank_failure,Bank is experiencing intermittent issues.,567,46,4,4,169.11,False,1,14,smb_saas,266.5,True,True,True,WAIT_AND_RETRY,198.55
txn_e5ef8c8558e3,cust_59add0dd,2026-07-29 20:15:16.341954,5595.5,INR,wallet,failed,temporary_bank_failure,Bank is experiencing intermittent issues.,640,46,1,0,6990.1,False,3,11,mid_market,5646.08,True,True,True,WAIT_AND_RETRY,5595.5
txn_1eff225cf8fe,cust_f316abb4,2026-07-30 14:00:16.361096,38.47,INR,upi,failed,authentication_failed,OTP or 3D secure authentication failed.,303,48,4,1,31.37,False,2,12,smb_saas,93.53,True,True,False,CREATE_ESCALATION,0.0
txn_df033d0c3516,cust_82f16ec9,2026-07-27 20:49:16.287327,303.41,USD,wallet,failed,insufficient_funds,Customer account has insufficient balance.,829,5,2,2,517.38,True,3,24,ecommerce,346.04,True,True,False,CREATE_ESCALATION,0.0
txn_d4516f353398,cust_dc05db00,2026-08-22 11:43:16.254632,85.82,INR,upi,failed,insufficient_funds,Customer account has insufficient balance.,747,22,1,0,64.31,False,0,0,smb_saas,159.92,True,True,False,CREATE_ESCALATION,0.0
txn_fb55932b7773,cust_cfe89ac2,2026-08-13 12:55:16.300954,896.95,INR,netbanking,failed,insufficient_funds,Customer account has insufficient balance.,774,33,1,0,604.39,True,3,15,mid_market,948.12,True,True,False,CREATE_ESCALATION,0.0
txn_ca57d0a1ba42,cust_7ba34c6e,2026-08-18 15:52:16.310954,8162.92,INR,wallet,failed,insufficient_funds,Customer account has insufficient balance.,690,2,1,1,6007.67,False,2,19,mid_market,8235.44,True,True,True,SEND_RECOVERY_MESSAGE,8162.92
txn_c0bfb918b5ac,cust_8f0a33a2,2026-08-08 11:38:16.296954,1456.84,INR,netbanking,failed,fraud_suspected,Transaction flagged by risk engine.,82,46,4,0,1472.16,False,2,10,ecommerce,1512.98,True,True,False,STOP_AUTOMATION,0.0
txn_af90d45cd24a,cust_cfb650d5,2026-07-27 15:42:16.274812,206.63,INR,card,failed,authentication_failed,OTP or 3D secure authentication failed.,669,0,0,0,149.99,False,3,-1,ecommerce,241.01,True,True,False,CREATE_ESCALATION,0.0
txn_3f00ada1f386,cust_6bf2646f,2026-07-26 17:20:16.316954,3162.04,INR,card,failed,bank_timeout,Issuing bank did not respond in time.,683,15,1,1,4930.92,True,3,25,enterprise,3186.68,True,True,True,WAIT_AND_RETRY,3162.04
txn_4f1377fbc2b3,cust_6988ae16,2026-08-19 21:39:16.329954,783.83,INR,upi,failed,insufficient_funds,Customer account has insufficient balance.,131,49,3,2,438.39,False,2,26,smb_saas,872.09,True,True,False,CREATE_ESCALATION,0.0
txn_099f8c1b12f7,cust_b0a1d8f3,2026-08-16 12:18:16.311954,220.13,INR,card,failed,insufficient_funds,Customer account has insufficient balance.,330,11,2,0,168.38,True,1,8,smb_saas,250.02,True,True,True,SEND_RECOVERY_MESSAGE,220.13
txn_736309396312,cust_85af6450,2026-07-31 20:27:16.295908,292.39,USD,netbanking,failed,limit_exceeded,Transaction exceeds customer limits.,955,9,5,4,325.53,False,1,9,ecommerce,350.77,True,True,False,CREATE_ESCALATION,0.0
txn_615d8e06eb6b,cust_a1d70625,2026-08-06 03:09:16.254632,889.52,INR,upi,failed,fraud_suspected,Transaction flagged by risk engine.,558,29,0,0,646.27,False,2,27,smb_saas,982.85,True,True,False,STOP_AUTOMATION,0.0
txn_5306689f7f40,cust_56cf491f,2026-08-16 08:45:16.309954,233.84,INR,upi,failed,temporary_bank_failure,Bank is experiencing intermittent issues.,183,4,5,0,420.42,False,2,30,smb_saas,293.97,True,True,True,WAIT_AND_RETRY,233.84
txn_52e4bee689e7,cust_5e7e8fe1,2026-08-01 14:36:16.246043,515.21,INR,netbanking,failed,insufficient_funds,Customer account has insufficient balance.,146,1,1,1,453.07,False,3,11,ecommerce,603.45,True,True,False,CREATE_ESCALATION,0.0
txn_a52820024d69,cust_26ad7508,2026-08-22 09:54:16.224629,255.62,INR,wallet,failed,insufficient_funds,Customer account has insufficient balance.,933,14,3,2,484.58,False,3,16,smb_saas,293.02,True,True,True,SEND_RECOVERY_MESSAGE,255.62
txn_7bbbf95f99ef,cust_620976e5,2026-08-08 20:15:16.235826,496.74,INR,wallet,failed,bank_timeout,Issuing bank did not respond in time.,253,33,2,2,903.5,False,0,23,smb_saas,505.85,True,True,True,WAIT_AND_RETRY,496.74
txn_2d4a76071692,cust_89c51f38,2026-08-04 05:57:16.295908,7931.1,INR,card,failed,insufficient_funds,Customer account has insufficient balance.,352,22,2,1,11592.19,False,1,7,high_value,7959.67,True,True,True,SEND_RECOVERY_MESSAGE,7931.1
txn_f66148ffb578,cust_3fa5f210,2026-08-16 15:46:16.270823,604.49,INR,netbanking,failed,insufficient_funds,Customer account has insufficient balance.,920,12,1,1,1152.25,False,1,27,mid_market,648.9,True,True,False,CREATE_ESCALATION,0.0
txn_81750cabc6e3,cust_5c8745d6,2026-08-16 13:26:16.293365,411.53,INR,wallet,failed,insufficient_funds,Customer account has insufficient balance.,328,30,2,2,439.12,False,0,0,smb_saas,480.08,True,True,False,CREATE_ESCALATION,0.0
txn_3d869cee9645,cust_a33dca1d,2026-08-05 13:33:16.301954,15.3,INR,netbanking,failed,limit_exceeded,Transaction exceeds customer limits.,674,8,0,0,16.04,False,3,18,smb_saas,26.27,True,False,False,CREATE_ESCALATION,0.0
txn_88e11964c9eb,cust_7685570f,2026-07-26 11:38:16.325954,416.65,INR,card,failed,authentication_failed,OTP or 3D secure authentication failed.,282,27,3,2,342.72,True,0,18,smb_saas,487.34,True,True,True,RETRY_PAYMENT,416.65
txn_275ca762ca83,cust_2c2c5267,2026-08-24 18:26:16.286812,671.14,INR,card,failed,insufficient_funds,Customer account has insufficient balance.,997,46,4,4,1139.96,False,1,26,smb_saas,702.76,True,True,False,CREATE_ESCALATION,0.0
txn_f56b36f9b70a,cust_77791a42,2026-08-05 12:49:16.224629,44.83,INR,card,failed,bank_timeout,Issuing bank did not respond in time.,238,34,5,5,79.6,True,1,13,smb_saas,133.05,True,True,True,WAIT_AND_RETRY,44.83
txn_63643f7b3844,cust_291b33d5,2026-07-25 19:55:16.361096,6910.18,INR,card,failed,insufficient_funds,Customer account has insufficient balance.,437,44,1,0,10499.38,True,2,24,enterprise,6942.49,True,True,False,CREATE_ESCALATION,0.0
txn_0a0ba950a75c,cust_9b8b4dae,2026-08-05 12:11:16.351955,46.5,INR,netbanking,failed,authentication_failed,OTP or 3D secure authentication failed.,273,30,1,0,81.65,False,2,21,ecommerce,63.83,True,True,False,CREATE_ESCALATION,0.0
txn_02ed31770816,cust_2c485baf,2026-08-17 00:37:16.243446,25.15,INR,card,failed,limit_exceeded,Transaction exceeds customer limits.,717,45,5,2,48.69,False,3,23,smb_saas,113.61,True,True,False,CREATE_ESCALATION,0.0
txn_efd803bb690a,cust_2166a0ba,2026-08-21 17:54:16.248632,33.04,INR,wallet,failed,authentication_failed,OTP or 3D secure authentication failed.,614,18,3,1,19.4,False,1,23,smb_saas,73.36,True,True,False,CREATE_ESCALATION,0.0
txn_9e5a5c953c97,cust_1fcbaa79,2026-07-31 22:13:16.237825,653.38,USD,card,failed,insufficient_funds,Customer account has insufficient balance.,448,0,5,4,476.69,False,0,-1,mid_market,710.56,True,True,False,CREATE_ESCALATION,0.0
txn_c30ca0c88592,cust_1395a24a,2026-07-31 07:00:16.317954,447.6,INR,upi,failed,insufficient_funds,Customer account has insufficient balance.,403,2,2,0,479.29,False,2,26,smb_saas,475.56,True,True,True,SEND_RECOVERY_MESSAGE,447.6
txn_ec90e4443109,cust_d341fb3a,2026-08-03 05:48:16.356096,250.21,INR,netbanking,failed,temporary_bank_failure,Bank is experiencing intermittent issues.,129,48,4,1,249.05,False,1,5,mid_market,256.6,True,True,True,WAIT_AND_RETRY,250.21
txn_5ffc6e2199df,cust_ff4a4824,2026-08-16 19:03:16.309954,236.99,INR,upi,failed,fraud_suspected,Transaction flagged by risk engine.,861,28,1,0,264.44,True,1,7,smb_saas,241.73,True,True,True,RETRY_PAYMENT,236.99
txn_60a3fb83b742,cust_495c1fab,2026-08-20 05:09:16.332954,1346.36,INR,netbanking,failed,insufficient_funds,Customer account has insufficient balance.,801,48,0,0,2103.09,False,2,25,mid_market,1376.73,True,True,True,SEND_RECOVERY_MESSAGE,1346.36
txn_abf92ff4d161,cust_62479701,2026-08-07 12:31:16.367097,2222.32,USD,upi,failed,insufficient_funds,Customer account has insufficient balance.,697,29,2,2,2621.31,False,2,24,ecommerce,2260.29,True,True,False,CREATE_ESCALATION,0.0
txn_5b67f17788a0,cust_3284c4c6,2026-07-27 05:40:16.315955,8728.85,INR,upi,failed,limit_exceeded,Transaction exceeds customer limits.,245,31,2,1,13458.02,False,1,23,high_value,8809.05,True,True,True,RETRY_PAYMENT,8728.85
txn_78d5bad8b846,cust_e4833770,2026-08-16 21:37:16.319954,531.7,INR,upi,failed,authentication_failed,OTP or 3D secure authentication failed.,182,8,0,0,801.59,True,2,9,mid_market,596.84,True,True,False,CREATE_ESCALATION,0.0
txn_ed0166a8b267,cust_f5cfc16e,2026-08-11 13:19:16.236825,544.7,USD,upi,failed,bank_timeout,Issuing bank did not respond in time.,22,19,1,0,940.29,False,1,2,smb_saas,559.05,True,True,True,WAIT_AND_RETRY,544.7
txn_4191985b8225,cust_31341e5e,2026-08-20 08:33:16.362097,717.0,INR,upi,failed,temporary_bank_failure,Bank is experiencing intermittent issues.,512,11,3,1,1384.98,False,2,20,smb_saas,786.11,True,True,True,WAIT_AND_RETRY,717.0
txn_7961ec0b0134,cust_785cf2e2,2026-08-18 15:16:16.343954,1076.22,INR,upi,failed,bank_timeout,Issuing bank did not respond in time.,288,33,0,0,1278.34,False,1,10,ecommerce,1087.96,True,True,True,WAIT_AND_RETRY,1076.22
txn_89c17e3e6ed8,cust_c95bf729,2026-08-23 12:17:16.332954,1141.57,INR,wallet,failed,insufficient_funds,Customer account has insufficient balance.,418,50,2,1,2282.66,True,1,29,mid_market,1195.21,True,True,True,SEND_RECOVERY_MESSAGE,1141.57
txn_f8748ea56a2c,cust_1d75545c,2026-08-12 05:11:16.332954,110.68,INR,netbanking,failed,fraud_suspected,Transaction flagged by risk engine.,986,36,5,5,219.76,False,3,10,smb_saas,192.85,True,False,False,STOP_AUTOMATION,0.0
txn_9482ac50176f,cust_6e472289,2026-08-05 19:19:16.344954,2382.8,USD,netbanking,failed,bank_timeout,Issuing bank did not respond in time.,751,10,5,4,1555.1,False,2,16,mid_market,2451.6,True,False,False,CREATE_ESCALATION,0.0
txn_68ae8dbaf80b,cust_b81cad8d,2026-07-30 23:13:16.309954,46.94,INR,wallet,failed,bank_timeout,Issuing bank did not respond in time.,578,0,2,1,37.05,False,0,-1,smb_saas,124.71,True,True,True,WAIT_AND_RETRY,46.94
txn_43172cd9acb6,cust_7c8ab496,2026-08-20 23:55:16.235826,407.1,USD,netbanking,failed,insufficient_funds,Customer account has insufficient balance.,430,27,5,3,669.38,False,2,10,smb_saas,465.8,True,True,True,SEND_RECOVERY_MESSAGE,407.1
txn_f4edb999d46b,cust_121ee216,2026-08-16 13:26:16.278812,49.02,INR,card,failed,limit_exceeded,Transaction exceeds customer limits.,342,31,4,1,54.46,False,1,0,ecommerce,69.24,True,False,True,RETRY_PAYMENT,49.02
txn_9611c1d701b1,cust_f45c215c,2026-08-11 12:34:16.226172,79.96,INR,wallet,failed,insufficient_funds,Customer account has insufficient balance.,308,2,5,0,42.69,False,0,21,smb_saas,159.97,True,False,False,CREATE_ESCALATION,0.0
txn_2f973e9bc7f2,cust_617a1fc9,2026-08-05 05:29:16.290365,2004.0,INR,wallet,failed,limit_exceeded,Transaction exceeds customer limits.,394,17,4,1,2415.75,False,0,9,ecommerce,2032.27,True,True,False,CREATE_ESCALATION,0.0
txn_0ac0bf64d59c,cust_c59618bd,2026-08-13 00:09:16.233825,461.6,INR,upi,failed,insufficient_funds,Customer account has insufficient balance.,515,48,5,2,346.17,True,3,6,ecommerce,511.3,True,True,False,CREATE_ESCALATION,0.0
txn_55f47d1c33e6,cust_348ad063,2026-08-13 03:32:16.243446,34337.44,INR,card,failed,insufficient_funds,Customer account has insufficient balance.,255,11,4,0,23758.85,True,3,24,high_value,34341.34,True,True,False,CREATE_ESCALATION,0.0
txn_f26fb0cc6336,cust_bd631008,2026-08-06 03:31:16.362097,373.29,INR,upi,failed,authentication_failed,OTP or 3D secure authentication failed.,368,21,5,2,429.94,False,1,13,ecommerce,382.07,True,True,True,RETRY_PAYMENT,373.29
txn_1875b786f2e7,cust_d9db3abe,2026-08-04 04:40:16.243446,379.4,INR,card,failed,limit_exceeded,Transaction exceeds customer limits.,773,46,2,1,730.05,True,2,3,smb_saas,442.09,True,True,True,RETRY_PAYMENT,379.4
txn_b22fe7ac3e63,cust_75013669,2026-08-11 17:41:16.267812,127.08,USD,wallet,failed,insufficient_funds,Customer account has insufficient balance.,96,25,2,2,217.78,False,2,6,smb_saas,150.99,True,True,True,SEND_RECOVERY_MESSAGE,127.08
txn_3c292fc85767,cust_cd773d4d,2026-08-17 07:59:16.297955,90.63,INR,upi,failed,bank_timeout,Issuing bank did not respond in time.,370,39,2,1,77.52,False,1,5,smb_saas,159.21,True,True,True,WAIT_AND_RETRY,90.63
txn_a231f8f10ba8,cust_6c64a121,2026-08-20 17:24:16.234825,1280.15,INR,upi,failed,limit_exceeded,Transaction exceeds customer limits.,747,50,2,0,2267.79,True,2,21,mid_market,1336.16,True,True,False,CREATE_ESCALATION,0.0
txn_115591b4d085,cust_87a6beaa,2026-08-20 15:20:16.353498,59.83,INR,card,failed,insufficient_funds,Customer account has insufficient balance.,364,13,2,1,54.54,False,1,26,smb_saas,76.75,True,False,False,CREATE_ESCALATION,0.0
txn_42f85f45817f,cust_ade099e1,2026-08-16 03:52:16.223629,140.89,INR,card,failed,bank_timeout,Issuing bank did not respond in time.,520,24,3,0,165.49,False,1,10,smb_saas,201.39,True,True,False,CREATE_ESCALATION,0.0
txn_005a52fde55f,cust_8b288cc6,2026-08-04 17:05:16.227825,227.96,INR,wallet,failed,insufficient_funds,Customer account has insufficient balance.,271,8,1,1,115.91,False,1,1,smb_saas,243.33,True,True,True,SEND_RECOVERY_MESSAGE,227.96
txn_223e7473dbdf,cust_a897b862,2026-08-08 01:59:16.246043,595.33,INR,netbanking,failed,authentication_failed,OTP or 3D secure authentication failed.,234,20,2,0,803.11,False,2,6,smb_saas,677.9,True,True,True,RETRY_PAYMENT,595.33
txn_c3b93db73ce3,cust_36d4a528,2026-08-20 22:45:16.323954,1269.98,INR,netbanking,failed,insufficient_funds,Customer account has insufficient balance.,829,20,2,1,894.17,False,2,9,mid_market,1342.85,True,True,False,CREATE_ESCALATION,0.0
txn_2d3eeaa07715,cust_48ac5c8f,2026-08-17 07:18:16.260223,3049.64,INR,wallet,failed,insufficient_funds,Customer account has insufficient balance.,850,12,1,1,1949.31,True,3,16,mid_market,3101.35,True,True,True,SEND_RECOVERY_MESSAGE,3049.64
txn_712144f070a0,cust_d9b4dacc,2026-07-25 22:56:16.325954,4015.83,INR,card,failed,authentication_failed,OTP or 3D secure authentication failed.,672,47,0,0,4102.93,False,1,23,enterprise,4027.23,True,True,True,RETRY_PAYMENT,4015.83
txn_db9272074241,cust_f2ac7037,2026-07-30 15:10:16.291365,5407.22,INR,wallet,failed,bank_timeout,Issuing bank did not respond in time.,845,12,0,0,8979.2,True,0,13,mid_market,5506.41,True,True,True,WAIT_AND_RETRY,5407.22
txn_e3fab3154de0,cust_7cf035e1,2026-08-09 16:03:16.297955,129.44,INR,card,failed,insufficient_funds,Customer account has insufficient balance.,553,5,0,0,65.31,False,0,16,ecommerce,144.66,True,True,False,CREATE_ESCALATION,0.0
txn_ca7cdca56bed,cust_ea7e4f7d,2026-08-09 13:15:16.327954,691.45,INR,wallet,failed,authentication_failed,OTP or 3D secure authentication failed.,536,44,4,1,653.78,False,0,19,smb_saas,743.52,True,True,False,CREATE_ESCALATION,0.0
txn_33d3ae93e593,cust_213839e6,2026-08-25 14:07:16.355058,99.54,INR,card,failed,insufficient_funds,Customer account has insufficient balance.,813,34,0,0,122.86,True,1,7,smb_saas,159.67,True,True,True,SEND_RECOVERY_MESSAGE,99.54
txn_987891d5fcae,cust_ce3e3eb1,2026-08-06 17:55:16.245325,8702.16,USD,wallet,failed,bank_timeout,Issuing bank did not respond in time.,985,10,0,0,9155.32,False,3,23,enterprise,8789.8,True,True,True,WAIT_AND_RETRY,8702.16
txn_af6efc25302a,cust_dfe931aa,2026-08-20 18:05:16.316954,187.01,INR,netbanking,failed,insufficient_funds,Customer account has insufficient balance.,952,3,1,0,283.66,False,1,17,smb_saas,217.18,True,False,False,CREATE_ESCALATION,0.0
txn_1ef693e80767,cust_278cdf10,2026-08-15 02:08:16.333954,369.04,USD,card,failed,authentication_failed,OTP or 3D secure authentication failed.,149,30,0,0,530.44,True,0,16,ecommerce,462.48,True,True,True,RETRY_PAYMENT,369.04
txn_4b62a4bba419,cust_4bfd7052,2026-07-29 03:33:16.241825,779.21,USD,card,failed,insufficient_funds,Customer account has insufficient balance.,30,39,5,1,1214.37,True,1,2,ecommerce,821.17,True,True,True,SEND_RECOVERY_MESSAGE,779.21
txn_aa172e7f115e,cust_865e2f38,2026-07-28 19:34:16.328954,2552.35,INR,netbanking,failed,bank_timeout,Issuing bank did not respond in time.,752,10,4,4,4217.67,False,1,14,ecommerce,2616.17,True,True,True,WAIT_AND_RETRY,2552.35
txn_711fd786b65c,cust_75503292,2026-08-03 22:45:16.292365,3543.12,INR,upi,failed,fraud_suspected,Transaction flagged by risk engine.,499,50,3,2,6057.51,False,1,20,mid_market,3575.89,True,True,False,STOP_AUTOMATION,0.0
txn_b0ea0d46aa7e,cust_95779de8,2026-07-27 12:27:16.362097,430.53,USD,wallet,failed,insufficient_funds,Customer account has insufficient balance.,918,44,3,3,478.77,False,0,10,smb_saas,517.56,True,True,True,SEND_RECOVERY_MESSAGE,430.53
txn_9589f86f3751,cust_0c534327,2026-08-18 18:46:16.333954,248.13,INR,upi,failed,insufficient_funds,Customer account has insufficient balance.,496,30,3,3,330.14,False,3,23,mid_market,248.66,True,False,True,SEND_RECOVERY_MESSAGE,248.13
txn_fe1a4e42037d,cust_5bdb0d1d,2026-08-07 15:10:16.268812,1226.28,INR,netbanking,failed,insufficient_funds,Customer account has insufficient balance.,233,45,1,1,2161.52,False,1,24,mid_market,1273.94,True,True,True,SEND_RECOVERY_MESSAGE,1226.28
txn_29d47a37cba5,cust_6b128746,2026-08-17 11:16:16.353498,783.67,INR,wallet,failed,limit_exceeded,Transaction exceeds customer limits.,473,14,3,1,1445.03,False,0,11,ecommerce,807.49,True,True,False,CREATE_ESCALATION,0.0
txn_aec91af36881,cust_4be1c453,2026-08-07 10:08:16.221629,588.31,USD,netbanking,failed,insufficient_funds,Customer account has insufficient balance.,221,48,2,0,376.0,True,2,19,smb_saas,614.76,True,True,False,CREATE_ESCALATION,0.0
txn_ec4f941d86b6,cust_0cf5951a,2026-08-03 21:39:16.264223,6512.0,INR,netbanking,failed,insufficient_funds,Customer account has insufficient balance.,930,16,0,0,10511.93,False,0,2,enterprise,6566.32,True,True,False,CREATE_ESCALATION,0.0
txn_c24cf535f258,cust_a866a048,2026-08-22 22:12:16.344954,2331.53,USD,netbanking,failed,insufficient_funds,Customer account has insufficient balance.,881,21,4,4,2432.0,False,2,20,enterprise,2425.38,True,True,True,SEND_RECOVERY_MESSAGE,2331.53
txn_c54f68bbaf4e,cust_77371b1f,2026-08-09 11:58:16.307955,120.55,INR,netbanking,failed,temporary_bank_failure,Bank is experiencing intermittent issues.,958,10,3,1,173.82,False,1,3,smb_saas,150.05,True,True,False,CREATE_ESCALATION,0.0
txn_12ab7390c7cf,cust_2964255e,2026-08-14 16:49:16.306955,402.19,INR,card,failed,limit_exceeded,Transaction exceeds customer limits.,969,28,0,0,493.78,True,1,9,smb_saas,432.86,True,False,False,CREATE_ESCALATION,0.0
txn_c8466c8a39df,cust_0517c7b1,2026-08-17 06:48:16.309954,168.44,INR,card,failed,temporary_bank_failure,Bank is experiencing intermittent issues.,301,32,2,0,189.98,False,0,28,ecommerce,217.11,True,True,True,WAIT_AND_RETRY,168.44
txn_d96b7d241c51,cust_cc9b22f8,2026-08-05 22:57:16.227825,1511.97,INR,card,failed,insufficient_funds,Customer account has insufficient balance.,804,6,3,1,2137.17,False,1,11,ecommerce,1582.31,True,True,True,SEND_RECOVERY_MESSAGE,1511.97
txn_ebe9845356e4,cust_4d9edc66,2026-08-03 22:32:16.307955,5000.0,INR,wallet,failed,authentication_failed,OTP or 3D secure authentication failed.,356,49,3,0,4076.32,False,0,5,high_value,5012.76,True,True,True,RETRY_PAYMENT,5000.0
txn_3846f3b16e4e,cust_d1ad3a75,2026-08-19 11:11:16.318954,300.17,INR,wallet,failed,insufficient_funds,Customer account has insufficient balance.,646,35,0,0,201.67,False,2,14,smb_saas,397.98,True,True,False,CREATE_ESCALATION,0.0
txn_601135922fe5,cust_6afd918d,2026-07-26 07:21:16.295908,356.36,USD,netbanking,failed,authentication_failed,OTP or 3D secure authentication failed.,497,18,3,3,307.97,False,0,30,ecommerce,424.98,True,True,True,RETRY_PAYMENT,356.36
txn_98aa5a4a6ded,cust_cea4e4d3,2026-07-31 21:28:16.350954,6973.37,INR,netbanking,failed,insufficient_funds,Customer account has insufficient balance.,851,39,3,1,4184.31,True,3,6,high_value,7042.27,True,True,False,CREATE_ESCALATION,0.0
txn_16e50da5fa97,cust_5eb7f387,2026-08-21 02:23:16.357097,93.68,INR,upi,failed,limit_exceeded,Transaction exceeds customer limits.,711,33,1,1,173.66,False,0,4,smb_saas,165.34,True,True,False,CREATE_ESCALATION,0.0
txn_3ec98b307643,cust_31c6ed1b,2026-08-20 16:52:16.281813,793.93,INR,netbanking,failed,insufficient_funds,Customer account has insufficient balance.,518,7,2,0,589.2,True,3,8,ecommerce,869.17,True,True,True,SEND_RECOVERY_MESSAGE,793.93
txn_88b0c282dcef,cust_b09b18a0,2026-08-08 21:03:16.354544,351.53,INR,card,failed,insufficient_funds,Customer account has insufficient balance.,668,49,5,5,217.64,False,2,12,ecommerce,389.73,True,True,True,SEND_RECOVERY_MESSAGE,351.53
txn_b93d047143d4,cust_79d41f00,2026-07-29 21:28:16.339954,726.21,INR,upi,failed,insufficient_funds,Customer account has insufficient balance.,649,46,4,0,494.93,True,3,29,ecommerce,790.23,True,True,False,CREATE_ESCALATION,0.0
txn_39bbda71f438,cust_c1b4ffa5,2026-08-25 11:59:16.344954,217.41,INR,netbanking,failed,insufficient_funds,Customer account has insufficient balance.,705,31,5,2,212.62,False,2,12,smb_saas,221.17,True,True,False,CREATE_ESCALATION,0.0
txn_0783fa42a811,cust_f43943b4,2026-08-24 08:45:16.302954,1267.34,INR,card,failed,fraud_suspected,Transaction flagged by risk engine.,915,34,0,0,1710.2,False,0,0,mid_market,1345.63,True,False,False,STOP_AUTOMATION,0.0
txn_d938c4f8c141,cust_41c9aeb2,2026-08-21 09:16:16.261223,138.88,USD,card,failed,insufficient_funds,Customer account has insufficient balance.,123,8,4,3,246.74,True,1,29,mid_market,187.34,True,True,False,CREATE_ESCALATION,0.0
txn_a13ae14813a0,cust_6beb3804,2026-08-05 12:45:16.321954,202.52,INR,upi,failed,limit_exceeded,Transaction exceeds customer limits.,127,1,2,1,191.81,False,0,20,smb_saas,265.2,True,False,False,CREATE_ESCALATION,0.0
txn_0abb43ea1ea8,cust_79ea77a9,2026-08-17 01:27:16.343954,452.46,USD,card,failed,insufficient_funds,Customer account has insufficient balance.,182,0,5,4,527.07,True,2,-1,ecommerce,472.6,True,True,False,CREATE_ESCALATION,0.0
txn_b42d459db9bd,cust_17fa2fc9,2026-08-12 18:41:16.256176,1224.83,INR,upi,failed,insufficient_funds,Customer account has insufficient balance.,208,43,4,4,1776.76,False,3,15,ecommerce,1302.32,True,True,False,CREATE_ESCALATION,0.0
txn_f8637324012d,cust_75982e77,2026-08-02 05:52:16.256176,190.01,INR,card,failed,insufficient_funds,Customer account has insufficient balance.,122,25,0,0,260.21,False,0,12,ecommerce,246.78,True,True,True,SEND_RECOVERY_MESSAGE,190.01
txn_cdddbcc82471,cust_f7e25d65,2026-07-26 18:04:16.312954,959.29,INR,netbanking,failed,authentication_failed,OTP or 3D secure authentication failed.,941,7,0,0,637.9,False,0,7,ecommerce,999.87,True,True,False,CREATE_ESCALATION,0.0
txn_342f4b6894c2,cust_8235f88c,2026-07-26 08:26:16.287327,518.05,INR,upi,failed,authentication_failed,OTP or 3D secure authentication failed.,974,18,3,2,485.65,False,3,25,smb_saas,549.18,True,True,False,CREATE_ESCALATION,0.0
txn_0f75d515fce3,cust_5e2720ed,2026-08-11 18:34:16.332954,47.75,INR,wallet,failed,authentication_failed,OTP or 3D secure authentication failed.,624,14,2,2,56.62,False,3,14,smb_saas,89.17,True,True,True,RETRY_PAYMENT,47.75
txn_2cbd35ac39b0,cust_9a362931,2026-08-18 01:36:16.342954,246.48,USD,netbanking,failed,authentication_failed,OTP or 3D secure authentication failed.,587,37,1,1,408.23,True,0,28,ecommerce,311.94,True,False,True,RETRY_PAYMENT,246.48
txn_fbf89089f7fb,cust_03b37684,2026-08-10 02:44:16.294364,104.96,INR,netbanking,failed,limit_exceeded,Transaction exceeds customer limits.,798,17,0,0,89.56,True,3,2,smb_saas,195.85,True,True,False,CREATE_ESCALATION,0.0
txn_460b18c6eade,cust_8c595dee,2026-08-10 19:59:16.288365,528.65,INR,upi,failed,insufficient_funds,Customer account has insufficient balance.,901,50,2,0,873.15,False,1,18,smb_saas,594.71,True,True,False,CREATE_ESCALATION,0.0
txn_2145f6e51a7e,cust_783f0a0f,2026-08-11 18:41:16.239825,138.12,USD,upi,failed,bank_timeout,Issuing bank did not respond in time.,310,50,1,1,95.43,False,2,1,smb_saas,213.65,True,True,True,WAIT_AND_RETRY,138.12
txn_38f06e8864dd,cust_682ef2a6,2026-08-19 06:26:16.365098,15783.7,INR,wallet,failed,authentication_failed,OTP or 3D secure authentication failed.,754,47,3,1,26360.82,False,0,17,enterprise,15800.81,True,True,False,CREATE_ESCALATION,0.0
txn_df29b3be11ec,cust_48c73374,2026-08-24 19:59:16.335955,438.27,INR,card,failed,bank_timeout,Issuing bank did not respond in time.,474,10,3,3,757.13,False,0,28,ecommerce,491.58,True,True,True,WAIT_AND_RETRY,438.27
txn_f149ee313ff5,cust_b920e6d6,2026-08-15 05:16:16.263223,7528.62,USD,upi,failed,limit_exceeded,Transaction exceeds customer limits.,92,3,0,0,10419.61,False,1,2,enterprise,7583.92,True,True,False,CREATE_ESCALATION,0.0
txn_a6472a1121d1,cust_4f5e2e6a,2026-08-12 02:13:16.288365,184.27,INR,netbanking,failed,fraud_suspected,Transaction flagged by risk engine.,660,32,4,1,161.59,False,1,5,smb_saas,235.12,True,True,False,STOP_AUTOMATION,0.0
txn_67f204c17076,cust_36ea54e4,2026-08-20 07:54:16.328954,893.39,INR,wallet,failed,fraud_suspected,Transaction flagged by risk engine.,956,21,0,0,976.4,False,1,18,smb_saas,898.89,True,True,False,STOP_AUTOMATION,0.0
txn_e0727e24d71a,cust_ec770131,2026-08-13 09:44:16.336954,63.13,INR,card,failed,insufficient_funds,Customer account has insufficient balance.,450,40,2,1,69.44,False,0,1,smb_saas,110.1,True,True,False,CREATE_ESCALATION,0.0
txn_07d8090ea082,cust_4d2134d3,2026-08-14 09:21:16.239825,17066.8,INR,wallet,failed,insufficient_funds,Customer account has insufficient balance.,703,33,5,5,9064.02,False,1,21,enterprise,17166.21,True,True,True,SEND_RECOVERY_MESSAGE,17066.8
txn_aa04d1159631,cust_50eeb903,2026-08-11 03:08:16.279813,1336.26,INR,wallet,failed,bank_timeout,Issuing bank did not respond in time.,389,24,0,0,1300.82,False,1,18,mid_market,1344.71,True,True,True,WAIT_AND_RETRY,1336.26
txn_35f3286725ae,cust_671cf906,2026-08-15 16:59:16.353498,418.39,INR,upi,failed,bank_timeout,Issuing bank did not respond in time.,144,37,4,2,713.37,False,1,1,smb_saas,445.64,True,True,True,WAIT_AND_RETRY,418.39
txn_053922119222,cust_a9fab951,2026-08-07 07:22:16.359096,1129.95,INR,wallet,failed,bank_timeout,Issuing bank did not respond in time.,776,35,5,4,1637.81,True,0,22,ecommerce,1184.86,True,True,False,CREATE_ESCALATION,0.0
txn_ef0ebd282b3b,cust_e66a7e5d,2026-08-20 14:26:16.292365,995.04,INR,netbanking,failed,bank_timeout,Issuing bank did not respond in time.,103,39,2,2,1938.24,False,1,5,ecommerce,1094.58,True,True,True,WAIT_AND_RETRY,995.04
txn_77c829d44d93,cust_e392d4dd,2026-08-15 20:42:16.247585,326.84,INR,netbanking,failed,insufficient_funds,Customer account has insufficient balance.,955,18,2,2,502.46,False,0,4,smb_saas,414.16,True,True,True,SEND_RECOVERY_MESSAGE,326.84
txn_2bce73cce10e,cust_bb5197e7,2026-08-02 20:15:16.354544,91.29,INR,upi,failed,bank_timeout,Issuing bank did not respond in time.,754,38,3,2,96.11,False,3,10,smb_saas,154.43,True,True,True,WAIT_AND_RETRY,91.29
txn_55afd7373f9c,cust_fa3cf3a8,2026-08-08 13:34:16.235826,1323.3,INR,card,failed,temporary_bank_failure,Bank is experiencing intermittent issues.,396,18,1,0,1239.48,False,3,1,mid_market,1360.17,True,True,True,WAIT_AND_RETRY,1323.3
txn_2f68724a8cba,cust_e6a626f3,2026-08-04 02:05:16.312954,803.44,INR,netbanking,failed,limit_exceeded,Transaction exceeds customer limits.,67,28,4,0,819.13,False,3,18,mid_market,859.25,True,True,False,CREATE_ESCALATION,0.0
txn_914bd5cb61b8,cust_20bd29ae,2026-07-26 20:49:16.318954,7811.29,USD,upi,failed,insufficient_funds,Customer account has insufficient balance.,517,12,0,0,5599.77,False,1,28,mid_market,7857.75,True,True,True,SEND_RECOVERY_MESSAGE,7811.29
txn_a0cd513f0273,cust_1c156b1c,2026-08-11 03:20:16.289365,8566.41,USD,netbanking,failed,limit_exceeded,Transaction exceeds customer limits.,867,29,0,0,16737.87,False,0,22,enterprise,8574.97,True,True,False,CREATE_ESCALATION,0.0
txn_c7a8e4218a6d,cust_f1d12dc8,2026-08-05 23:45:16.270823,6490.49,USD,netbanking,failed,fraud_suspected,Transaction flagged by risk engine.,321,29,5,5,9665.45,False,2,8,mid_market,6501.52,True,False,False,STOP_AUTOMATION,0.0
txn_cbffa4e72704,cust_2da4ba32,2026-08-02 03:00:16.306955,301.29,INR,card,failed,insufficient_funds,Customer account has insufficient balance.,519,15,5,2,269.3,False,0,16,smb_saas,305.05,True,True,True,SEND_RECOVERY_MESSAGE,301.29
txn_1cbceb839bf6,cust_378662b2,2026-08-25 08:12:16.360096,21421.51,INR,upi,failed,bank_timeout,Issuing bank did not respond in time.,819,10,0,0,33394.07,True,2,11,high_value,21439.59,True,True,False,CREATE_ESCALATION,0.0
txn_8bed99ddbfff,cust_9a643a09,2026-08-22 13:14:16.241825,126.33,USD,card,failed,authentication_failed,OTP or 3D secure authentication failed.,632,29,4,4,194.77,False,3,26,smb_saas,150.69,True,True,False,CREATE_ESCALATION,0.0
txn_03de4f5cfbef,cust_39c28b8c,2026-08-21 19:08:16.350954,1347.21,INR,upi,failed,bank_timeout,Issuing bank did not respond in time.,117,21,2,0,1384.47,False,1,16,mid_market,1371.98,True,True,True,WAIT_AND_RETRY,1347.21
txn_637f94ab46ff,cust_24461675,2026-07-31 10:01:16.312954,223.16,INR,netbanking,failed,insufficient_funds,Customer account has insufficient balance.,376,47,5,1,411.61,False,0,26,smb_saas,243.96,True,True,False,CREATE_ESCALATION,0.0
txn_fda4e772999f,cust_9f80bd7e,2026-08-08 02:27:16.228825,604.33,INR,card,failed,limit_exceeded,Transaction exceeds customer limits.,794,43,5,3,775.4,False,0,22,smb_saas,657.31,True,True,False,CREATE_ESCALATION,0.0
txn_6246cb1d490e,cust_dad6f511,2026-07-27 02:55:16.359096,1999.47,INR,wallet,failed,authentication_failed,OTP or 3D secure authentication failed.,653,12,0,0,1680.22,False,1,12,mid_market,2009.35,True,False,True,RETRY_PAYMENT,1999.47
txn_ee045934d1a3,cust_69e95246,2026-08-03 06:41:16.272812,112.22,USD,netbanking,failed,insufficient_funds,Customer account has insufficient balance.,32,12,3,0,71.15,False,3,23,smb_saas,187.05,True,True,False,CREATE_ESCALATION,0.0
txn_e5228b9b0cfc,cust_cc07d3fd,2026-08-14 21:32:16.299954,2798.18,INR,netbanking,failed,insufficient_funds,Customer account has insufficient balance.,413,11,5,2,2821.62,False,2,22,enterprise,2835.81,True,True,False,CREATE_ESCALATION,0.0
txn_839e547fc6e7,cust_47614273,2026-07-30 21:09:16.315955,366.51,INR,upi,failed,limit_exceeded,Transaction exceeds customer limits.,832,7,5,1,670.42,True,3,5,smb_saas,403.79,True,True,False,CREATE_ESCALATION,0.0
txn_d20aeb8ee557,cust_d26faaee,2026-07-31 10:19:16.278812,327.89,INR,upi,failed,limit_exceeded,Transaction exceeds customer limits.,902,29,1,0,515.83,False,1,19,ecommerce,369.71,True,True,True,RETRY_PAYMENT,327.89
txn_21f7906f9596,cust_88b05a01,2026-08-19 16:56:16.263223,249.82,INR,netbanking,failed,authentication_failed,OTP or 3D secure authentication failed.,282,10,3,2,194.1,False,2,4,mid_market,304.96,True,True,False,CREATE_ESCALATION,0.0
txn_c48c5ca3a95e,cust_f15bad22,2026-08-04 01:33:16.271813,388.66,INR,netbanking,failed,insufficient_funds,Customer account has insufficient balance.,69,39,5,5,302.17,True,2,15,ecommerce,418.2,True,True,True,SEND_RECOVERY_MESSAGE,388.66
txn_9702081737d2,cust_7b460145,2026-08-17 04:36:16.275813,506.3,INR,upi,failed,limit_exceeded,Transaction exceeds customer limits.,929,19,5,2,742.12,False,3,18,smb_saas,522.91,True,True,False,CREATE_ESCALATION,0.0
txn_67766f2b765a,cust_2941cfeb,2026-08-16 20:49:16.334955,5000.0,INR,netbanking,failed,temporary_bank_failure,Bank is experiencing intermittent issues.,277,28,3,1,3967.05,False,3,24,high_value,5060.24,True,True,True,WAIT_AND_RETRY,5000.0
txn_4b3d89c368eb,cust_480c1a55,2026-08-21 13:08:16.230826,995.4,INR,netbanking,failed,insufficient_funds,Customer account has insufficient balance.,893,6,4,1,804.06,True,3,22,ecommerce,1081.88,True,True,False,CREATE_ESCALATION,0.0
txn_53e82bf3b8f2,cust_73a4af3c,2026-07-30 00:48:16.271813,619.42,USD,wallet,failed,authentication_failed,OTP or 3D secure authentication failed.,597,36,0,0,572.02,False,2,2,ecommerce,633.05,True,False,True,RETRY_PAYMENT,619.42
txn_fdcd24a41025,cust_91f30c09,2026-08-04 01:19:16.295908,2633.7,INR,card,failed,insufficient_funds,Customer account has insufficient balance.,708,26,1,1,3848.93,False,0,16,enterprise,2635.14,True,True,False,CREATE_ESCALATION,0.0
txn_22d3021ae90d,cust_f0662838,2026-07-26 01:07:16.251632,2023.48,USD,card,failed,fraud_suspected,Transaction flagged by risk engine.,966,35,5,5,3297.44,True,0,18,mid_market,2060.66,True,True,False,STOP_AUTOMATION,0.0
txn_a731639f9516,cust_4c3ae9db,2026-08-05 14:03:16.285813,1032.36,INR,wallet,failed,authentication_failed,OTP or 3D secure authentication failed.,714,3,2,1,977.95,False,0,15,ecommerce,1041.28,True,True,False,CREATE_ESCALATION,0.0
txn_f1d46904bb5e,cust_afe5c5b1,2026-08-07 02:42:16.268812,833.32,INR,netbanking,failed,insufficient_funds,Customer account has insufficient balance.,402,13,0,0,1414.56,False,1,16,ecommerce,855.3,True,True,True,SEND_RECOVERY_MESSAGE,833.32
txn_ea6cb2ea2331,cust_b8dd55e9,2026-08-03 23:08:16.329954,672.94,INR,netbanking,failed,insufficient_funds,Customer account has insufficient balance.,899,9,1,1,462.19,True,0,0,mid_market,739.32,True,True,False,CREATE_ESCALATION,0.0
txn_e1f2373e1002,cust_2c908a3d,2026-08-04 03:30:16.268812,1569.91,INR,upi,failed,insufficient_funds,Customer account has insufficient balance.,960,28,2,1,2240.82,False,3,0,mid_market,1630.34,True,True,False,CREATE_ESCALATION,0.0
txn_5a9172ab62b4,cust_c69d6661,2026-08-09 23:12:16.308955,157.38,INR,upi,failed,authentication_failed,OTP or 3D secure authentication failed.,491,22,4,3,121.2,False,3,2,ecommerce,206.61,True,True,True,RETRY_PAYMENT,157.38
txn_8e08c7071ba2,cust_6344751d,2026-08-02 09:56:16.323954,46.45,USD,netbanking,failed,insufficient_funds,Customer account has insufficient balance.,607,15,4,1,69.66,False,3,0,smb_saas,85.65,True,True,False,CREATE_ESCALATION,0.0
txn_c98526fe7040,cust_9db22324,2026-08-16 06:11:16.296954,561.57,INR,upi,failed,bank_timeout,Issuing bank did not respond in time.,101,17,4,1,904.08,False,3,27,smb_saas,597.88,True,True,False,CREATE_ESCALATION,0.0
txn_dfdbd2e7a7d5,cust_1ea70a4f,2026-08-20 01:50:16.302954,623.35,USD,upi,failed,limit_exceeded,Transaction exceeds customer limits.,786,24,3,2,552.03,False,2,4,ecommerce,673.31,True,True,False,CREATE_ESCALATION,0.0
txn_bf83a4107ab9,cust_0061bfd5,2026-08-03 08:52:16.303954,85.12,INR,wallet,failed,insufficient_funds,Customer account has insufficient balance.,572,42,1,0,139.36,False,2,16,smb_saas,139.45,True,True,False,CREATE_ESCALATION,0.0
txn_ec89efd03ef1,cust_662c84b6,2026-08-21 01:19:16.226780,1571.34,INR,card,failed,insufficient_funds,Customer account has insufficient balance.,448,46,1,0,1361.91,False,0,14,ecommerce,1632.57,True,True,False,CREATE_ESCALATION,0.0
txn_c6642c41e11e,cust_ca3cfdff,2026-08-22 05:32:16.366097,284.3,USD,upi,failed,authentication_failed,OTP or 3D secure authentication failed.,202,34,0,0,296.37,True,1,20,ecommerce,309.41,True,True,True,RETRY_PAYMENT,284.3
txn_6b9b659f6c62,cust_946a3e25,2026-08-06 19:19:16.335955,161.16,INR,netbanking,failed,authentication_failed,OTP or 3D secure authentication failed.,357,2,1,0,321.36,False,0,11,ecommerce,206.93,True,True,True,RETRY_PAYMENT,161.16
txn_cebd8634a632,cust_d38ea15c,2026-08-16 12:02:16.269812,68.11,INR,card,failed,insufficient_funds,Customer account has insufficient balance.,512,30,0,0,66.47,False,0,24,ecommerce,132.14,True,True,False,CREATE_ESCALATION,0.0
txn_40fe83ea468e,cust_569cca83,2026-08-04 15:20:16.292365,549.02,INR,upi,failed,insufficient_funds,Customer account has insufficient balance.,1,30,2,0,799.7,True,3,13,ecommerce,582.76,True,True,True,SEND_RECOVERY_MESSAGE,549.02
txn_1c0d8a106afd,cust_954b3780,2026-08-01 09:33:16.366097,2002.1,INR,card,failed,insufficient_funds,Customer account has insufficient balance.,420,13,2,1,3405.14,False,2,15,enterprise,2052.48,True,True,True,SEND_RECOVERY_MESSAGE,2002.1
txn_b5feb1884b59,cust_8ebcbff3,2026-07-26 12:35:16.310954,621.34,USD,upi,failed,insufficient_funds,Customer account has insufficient balance.,603,41,5,3,1208.93,False,0,30,ecommerce,653.34,True,True,False,CREATE_ESCALATION,0.0
txn_b200579b0c28,cust_c742a655,2026-07-27 12:49:16.363096,8049.11,INR,wallet,failed,limit_exceeded,Transaction exceeds customer limits.,736,24,4,1,12145.96,True,1,23,enterprise,8100.9,True,True,False,CREATE_ESCALATION,0.0
txn_a429636212fb,cust_c9b5abe5,2026-08-25 09:28:16.245325,2775.47,INR,upi,failed,insufficient_funds,Customer account has insufficient balance.,652,47,5,0,5052.57,False,1,0,enterprise,2786.73,True,True,False,CREATE_ESCALATION,0.0
txn_5cb65d029a28,cust_feb40fac,2026-08-13 18:59:16.326954,5000.0,INR,card,failed,limit_exceeded,Transaction exceeds customer limits.,702,10,1,0,3848.64,True,3,15,high_value,5015.95,True,True,False,CREATE_ESCALATION,0.0
txn_6db36f91c6b9,cust_41108185,2026-08-07 19:22:16.316954,296.75,INR,wallet,failed,limit_exceeded,Transaction exceeds customer limits.,348,33,3,3,472.55,True,1,25,ecommerce,305.0,True,True,False,CREATE_ESCALATION,0.0
txn_f004b0156a2d,cust_8d15b01c,2026-08-12 02:43:16.327954,481.74,INR,card,failed,limit_exceeded,Transaction exceeds customer limits.,580,23,5,2,590.31,False,1,29,smb_saas,532.5,True,True,False,CREATE_ESCALATION,0.0
txn_85993dd2c710,cust_da32000d,2026-08-06 11:06:16.242826,1970.15,INR,card,failed,bank_timeout,Issuing bank did not respond in time.,905,50,5,3,2616.53,False,1,14,ecommerce,2007.06,True,True,True,WAIT_AND_RETRY,1970.15
txn_7a82c961e92b,cust_72811b61,2026-08-04 15:57:16.361096,90.3,INR,wallet,failed,insufficient_funds,Customer account has insufficient balance.,777,19,5,0,102.84,False,3,8,smb_saas,147.93,True,True,False,CREATE_ESCALATION,0.0
txn_28551f4a1306,cust_4e4fec21,2026-07-30 05:48:16.297955,177.76,INR,wallet,failed,bank_timeout,Issuing bank did not respond in time.,548,50,2,0,325.29,False,0,15,mid_market,265.76,True,True,True,WAIT_AND_RETRY,177.76
txn_e9899cdeaff5,cust_2c5d71e1,2026-08-12 00:19:16.364096,268.05,USD,card,failed,authentication_failed,OTP or 3D secure authentication failed.,310,0,0,0,241.41,False,0,-1,smb_saas,279.58,True,True,False,CREATE_ESCALATION,0.0
txn_65ce922f38ea,cust_6c4ae9f9,2026-08-22 20:06:16.334955,86.42,INR,upi,failed,insufficient_funds,Customer account has insufficient balance.,192,5,0,0,127.61,True,2,28,smb_saas,93.35,True,True,False,CREATE_ESCALATION,0.0
txn_0f7dd17d698a,cust_dd4ec5d4,2026-08-03 14:43:16.224629,220.46,INR,upi,failed,bank_timeout,Issuing bank did not respond in time.,88,33,2,0,425.51,False,0,12,smb_saas,307.79,True,True,True,WAIT_AND_RETRY,220.46
txn_885c26548f67,cust_9e2f1ed5,2026-08-07 04:14:16.319954,897.98,INR,wallet,failed,insufficient_funds,Customer account has insufficient balance.,880,31,0,0,1357.17,False,1,8,ecommerce,901.88,True,True,False,CREATE_ESCALATION,0.0
txn_2388ed7112da,cust_b0463e3a,2026-08-23 02:19:16.293365,259.83,INR,wallet,failed,limit_exceeded,Transaction exceeds customer limits.,371,36,1,1,505.84,False,3,2,smb_saas,313.4,True,True,False,CREATE_ESCALATION,0.0
txn_def7e9ac8425,cust_94f984ea,2026-08-17 12:49:16.241825,236.86,INR,wallet,failed,insufficient_funds,Customer account has insufficient balance.,373,22,5,4,278.19,False,1,1,smb_saas,331.83,True,True,True,SEND_RECOVERY_MESSAGE,236.86
txn_117a229f6ec2,cust_dc60fc7e,2026-08-12 18:08:16.223629,1215.01,INR,upi,failed,authentication_failed,OTP or 3D secure authentication failed.,38,8,4,4,1212.57,True,3,3,ecommerce,1267.61,True,True,False,CREATE_ESCALATION,0.0
txn_5d4ee9578112,cust_733b4d2c,2026-08-19 17:01:16.329954,3041.8,INR,upi,failed,limit_exceeded,Transaction exceeds customer limits.,431,16,2,1,4690.56,False,3,29,enterprise,3077.0,True,True,False,CREATE_ESCALATION,0.0
txn_8cbfea0ce1cf,cust_447ecc64,2026-07-27 07:08:16.309954,218.06,INR,wallet,failed,insufficient_funds,Customer account has insufficient balance.,985,22,3,2,142.01,False,3,12,smb_saas,260.02,True,True,False,CREATE_ESCALATION,0.0
txn_762829218b63,cust_3fd091e9,2026-08-23 12:13:16.254632,1104.86,INR,upi,failed,insufficient_funds,Customer account has insufficient balance.,818,39,0,0,1590.94,False,3,2,ecommerce,1141.53,True,False,False,CREATE_ESCALATION,0.0
txn_56b91a4979ab,cust_c258137f,2026-07-26 20:43:16.366097,83.82,INR,upi,failed,temporary_bank_failure,Bank is experiencing intermittent issues.,422,36,1,1,52.56,False,1,28,smb_saas,151.8,True,False,True,WAIT_AND_RETRY,83.82
txn_498c8b46b06f,cust_19875c26,2026-08-10 22:13:16.358096,248.3,INR,wallet,failed,bank_timeout,Issuing bank did not respond in time.,441,9,4,2,333.76,False,3,19,smb_saas,255.23,True,True,True,WAIT_AND_RETRY,248.3
txn_425d8cba6940,cust_cf26742b,2026-07-29 23:07:16.281813,1082.74,INR,card,failed,authentication_failed,OTP or 3D secure authentication failed.,738,40,0,0,1140.62,True,2,23,mid_market,1150.01,True,True,True,RETRY_PAYMENT,1082.74
txn_c13b8807793c,cust_f2aa874c,2026-07-26 19:15:16.349954,2106.11,USD,card,failed,insufficient_funds,Customer account has insufficient balance.,160,23,0,0,2815.63,False,3,1,ecommerce,2122.83,True,True,True,SEND_RECOVERY_MESSAGE,2106.11
txn_a01c01b9b836,cust_d1d8d569,2026-07-26 06:51:16.310954,5998.5,INR,wallet,failed,authentication_failed,OTP or 3D secure authentication failed.,990,50,1,1,4031.69,False,1,0,mid_market,6092.57,True,True,False,CREATE_ESCALATION,0.0
txn_a2357d96cce3,cust_f38a829b,2026-07-26 06:58:16.292365,492.63,USD,netbanking,failed,temporary_bank_failure,Bank is experiencing intermittent issues.,826,15,1,0,594.03,True,1,19,smb_saas,542.13,True,True,True,WAIT_AND_RETRY,492.63
txn_b8f76a4215b9,cust_ac84efe2,2026-08-11 00:39:16.226780,384.93,INR,upi,failed,insufficient_funds,Customer account has insufficient balance.,64,49,1,0,306.87,False,0,18,smb_saas,443.54,True,False,True,SEND_RECOVERY_MESSAGE,384.93
txn_0521a41d1a9f,cust_966ee184,2026-08-06 20:57:16.362097,699.22,INR,wallet,failed,fraud_suspected,Transaction flagged by risk engine.,171,36,0,0,414.93,True,1,13,ecommerce,783.37,True,True,True,RETRY_PAYMENT,699.22
txn_e8529a628fae,cust_bf97ebc5,2026-08-14 00:13:16.305956,1749.75,INR,netbanking,failed,insufficient_funds,Customer account has insufficient balance.,365,27,2,0,1431.63,True,2,23,ecommerce,1847.01,True,False,True,SEND_RECOVERY_MESSAGE,1749.75
txn_6e70c6adf93a,cust_648cc4eb,2026-08-16 03:15:16.295908,4015.12,INR,wallet,failed,insufficient_funds,Customer account has insufficient balance.,648,47,0,0,6856.86,False,2,16,enterprise,4082.51,True,True,True,SEND_RECOVERY_MESSAGE,4015.12
txn_378d5dfd8831,cust_5f39eebb,2026-07-31 01:18:16.226172,1172.31,INR,netbanking,failed,insufficient_funds,Customer account has insufficient balance.,628,2,4,3,2286.26,False,3,3,enterprise,1173.36,True,True,False,CREATE_ESCALATION,0.0
txn_8994e1effe02,cust_37daca6f,2026-08-06 08:33:16.224629,336.26,USD,upi,failed,authentication_failed,OTP or 3D secure authentication failed.,174,43,3,1,238.16,False,3,4,smb_saas,342.59,True,True,True,RETRY_PAYMENT,336.26
txn_1dd04c5d01de,cust_57c8a85a,2026-08-16 07:46:16.322954,658.63,INR,card,failed,insufficient_funds,Customer account has insufficient balance.,532,48,3,1,373.02,False,2,23,smb_saas,705.17,True,False,True,SEND_RECOVERY_MESSAGE,658.63
txn_0dbbd0a2ed99,cust_14163e27,2026-07-30 20:38:16.287327,49.41,USD,wallet,failed,temporary_bank_failure,Bank is experiencing intermittent issues.,56,33,5,3,30.84,True,1,18,smb_saas,51.2,True,True,True,WAIT_AND_RETRY,49.41
txn_291f05b23557,cust_2b11958b,2026-07-26 05:32:16.230826,598.91,INR,upi,failed,temporary_bank_failure,Bank is experiencing intermittent issues.,450,39,3,2,1078.14,False,3,12,mid_market,676.53,True,True,False,CREATE_ESCALATION,0.0
txn_166fadf14789,cust_35c5721f,2026-08-19 08:23:16.266812,2625.48,INR,netbanking,failed,bank_timeout,Issuing bank did not respond in time.,574,10,5,4,2454.23,True,0,8,mid_market,2671.44,True,True,True,WAIT_AND_RETRY,2625.48
txn_334e846cec25,cust_d0d6aa97,2026-08-20 10:45:16.232825,756.51,INR,upi,failed,insufficient_funds,Customer account has insufficient balance.,467,10,4,1,1185.99,True,1,26,ecommerce,827.32,True,False,False,CREATE_ESCALATION,0.0
txn_334f4f8625cf,cust_be0cc055,2026-08-02 07:56:16.353498,673.07,INR,upi,failed,insufficient_funds,Customer account has insufficient balance.,713,7,0,0,892.53,False,0,11,ecommerce,686.9,True,True,False,CREATE_ESCALATION,0.0
txn_446adc1c8377,cust_876db3b5,2026-07-27 03:08:16.224629,252.45,INR,card,failed,authentication_failed,OTP or 3D secure authentication failed.,282,34,2,0,316.4,False,3,25,smb_saas,346.42,True,True,False,CREATE_ESCALATION,0.0
txn_a16c24be68c2,cust_e4473177,2026-08-01 04:49:16.259223,66.98,INR,netbanking,failed,limit_exceeded,Transaction exceeds customer limits.,833,15,0,0,53.6,False,1,24,smb_saas,126.93,True,True,True,RETRY_PAYMENT,66.98
txn_b59d64f44f51,cust_f7dd6169,2026-08-03 06:39:16.276813,407.39,USD,wallet,failed,insufficient_funds,Customer account has insufficient balance.,92,36,3,1,332.52,True,0,6,ecommerce,470.1,True,True,False,CREATE_ESCALATION,0.0
txn_4f1c49e1bef5,cust_8ca172fd,2026-07-26 18:00:16.336954,644.46,INR,card,failed,insufficient_funds,Customer account has insufficient balance.,175,1,5,1,1164.49,True,0,12,ecommerce,668.67,True,True,True,SEND_RECOVERY_MESSAGE,644.46
txn_385fe3ee1347,cust_23979d80,2026-08-07 01:58:16.265766,8694.72,INR,card,failed,bank_timeout,Issuing bank did not respond in time.,801,26,3,1,10665.89,False,1,26,enterprise,8765.91,True,False,False,CREATE_ESCALATION,0.0
txn_6f629613341b,cust_e01e04b7,2026-08-01 10:51:16.359096,1667.65,INR,upi,failed,insufficient_funds,Customer account has insufficient balance.,668,20,0,0,1552.58,False,3,14,ecommerce,1671.01,True,True,False,CREATE_ESCALATION,0.0
txn_632c1eb11621,cust_18dd9417,2026-08-14 19:53:16.294364,1618.07,INR,upi,failed,insufficient_funds,Customer account has insufficient balance.,953,36,4,0,1661.82,True,1,8,ecommerce,1711.18,True,True,False,CREATE_ESCALATION,0.0
txn_7752e2b86dbe,cust_efe6a6ef,2026-07-29 18:54:16.316954,14.75,USD,wallet,failed,insufficient_funds,Customer account has insufficient balance.,907,30,0,0,22.68,False,2,6,smb_saas,55.65,True,True,True,SEND_RECOVERY_MESSAGE,14.75
txn_1e9311e67e55,cust_39397409,2026-08-05 17:39:16.351955,297.31,INR,card,failed,insufficient_funds,Customer account has insufficient balance.,904,6,2,2,558.56,True,0,22,smb_saas,389.36,True,True,True,SEND_RECOVERY_MESSAGE,297.31
txn_4b1c9cbd6c47,cust_4b209e5e,2026-08-17 12:40:16.313954,22.81,INR,upi,failed,bank_timeout,Issuing bank did not respond in time.,824,35,4,1,35.14,False,0,8,smb_saas,30.47,True,True,True,WAIT_AND_RETRY,22.81
txn_d1d02816dac0,cust_de1412be,2026-08-08 15:28:16.319954,220.57,INR,card,failed,insufficient_funds,Customer account has insufficient balance.,38,35,3,3,385.97,True,2,25,ecommerce,272.69,True,True,False,CREATE_ESCALATION,0.0
txn_da1f9f41adc9,cust_316fcada,2026-08-16 22:42:16.233825,6599.07,USD,upi,failed,insufficient_funds,Customer account has insufficient balance.,504,48,1,1,3826.36,True,1,5,enterprise,6602.66,True,True,False,CREATE_ESCALATION,0.0
txn_79ef775abedf,cust_05117407,2026-08-25 19:17:16.257223,356.92,INR,card,failed,limit_exceeded,Transaction exceeds customer limits.,324,14,0,0,232.5,False,3,15,smb_saas,428.89,True,True,False,CREATE_ESCALATION,0.0
txn_2ea04e35725f,cust_719ecc7f,2026-08-23 02:32:16.277813,153.47,INR,wallet,failed,insufficient_funds,Customer account has insufficient balance.,531,16,3,0,174.48,False,3,20,smb_saas,232.72,True,True,False,CREATE_ESCALATION,0.0
txn_c95d130d7e15,cust_cb5c5975,2026-08-14 19:36:16.362097,497.93,USD,netbanking,failed,insufficient_funds,Customer account has insufficient balance.,234,28,1,0,848.8,False,3,3,ecommerce,590.92,True,True,False,CREATE_ESCALATION,0.0
txn_c168daa7a60a,cust_a8d6307d,2026-08-09 19:09:16.342954,14050.77,INR,netbanking,failed,bank_timeout,Issuing bank did not respond in time.,325,28,1,1,10524.44,True,3,3,high_value,14120.56,True,False,False,CREATE_ESCALATION,0.0
txn_bea8e7e3c78a,cust_27c3a133,2026-07-30 16:38:16.347954,71.08,INR,card,failed,authentication_failed,OTP or 3D secure authentication failed.,45,49,3,1,134.57,False,3,19,smb_saas,115.18,True,True,False,CREATE_ESCALATION,0.0
txn_089567205a1a,cust_b75b8702,2026-07-28 09:59:16.326954,20.01,INR,wallet,failed,insufficient_funds,Customer account has insufficient balance.,920,23,3,1,36.75,False,1,0,smb_saas,24.85,True,True,False,CREATE_ESCALATION,0.0
txn_b2ee1944e52a,cust_3ecae177,2026-08-17 17:38:16.328954,11915.75,INR,netbanking,failed,insufficient_funds,Customer account has insufficient balance.,63,11,4,4,11943.51,False,2,18,high_value,11975.19,True,True,False,CREATE_ESCALATION,0.0
txn_f77c12db0465,cust_7afce26b,2026-08-10 07:07:16.276813,54.71,INR,upi,failed,limit_exceeded,Transaction exceeds customer limits.,144,6,3,3,50.95,False,1,26,smb_saas,100.7,True,True,False,CREATE_ESCALATION,0.0
txn_f3ef7106eb0d,cust_9d2fed65,2026-08-08 06:36:16.268812,522.39,INR,netbanking,failed,limit_exceeded,Transaction exceeds customer limits.,830,18,2,1,382.88,True,2,22,ecommerce,577.92,True,True,False,CREATE_ESCALATION,0.0
txn_864889410679,cust_52151c02,2026-08-21 04:06:16.224629,748.37,INR,wallet,failed,fraud_suspected,Transaction flagged by risk engine.,822,42,1,0,1137.91,False,0,16,ecommerce,793.04,True,True,True,RETRY_PAYMENT,748.37
txn_7c5f8edb539a,cust_eafccbdd,2026-07-29 05:24:16.312954,713.81,INR,wallet,failed,insufficient_funds,Customer account has insufficient balance.,344,41,2,0,1240.33,False,0,2,ecommerce,780.96,True,False,False,CREATE_ESCALATION,0.0
txn_b16f43a7ed01,cust_6de10325,2026-07-29 03:23:16.276813,798.75,USD,wallet,failed,bank_timeout,Issuing bank did not respond in time.,709,45,0,0,553.76,True,0,0,ecommerce,838.97,True,False,True,WAIT_AND_RETRY,798.75
txn_c27639f1c987,cust_22b7a979,2026-08-22 04:11:16.240825,7067.94,INR,netbanking,failed,authentication_failed,OTP or 3D secure authentication failed.,112,41,2,1,5058.22,False,0,3,high_value,7124.03,True,True,False,CREATE_ESCALATION,0.0
txn_7d5630a147eb,cust_b2e34a63,2026-08-21 17:25:16.287327,504.3,USD,upi,failed,insufficient_funds,Customer account has insufficient balance.,444,48,2,2,851.64,True,0,24,ecommerce,536.66,True,True,True,SEND_RECOVERY_MESSAGE,504.3
txn_288dc531486e,cust_49170f53,2026-08-24 13:04:16.365098,265.36,INR,card,failed,bank_timeout,Issuing bank did not respond in time.,765,9,0,0,502.11,False,1,11,smb_saas,283.51,True,True,True,WAIT_AND_RETRY,265.36
txn_c5492cfae8a6,cust_2d142dfd,2026-08-04 13:27:16.292365,271.42,INR,upi,failed,insufficient_funds,Customer account has insufficient balance.,668,1,0,0,405.44,False,1,0,smb_saas,356.48,True,True,False,CREATE_ESCALATION,0.0
txn_4cd19b6eee3a,cust_3421979b,2026-07-26 12:48:16.258223,703.87,INR,card,failed,temporary_bank_failure,Bank is experiencing intermittent issues.,202,29,1,1,848.02,False,2,15,ecommerce,798.97,True,True,True,WAIT_AND_RETRY,703.87
txn_a2a107b9c518,cust_5f6b61a5,2026-08-14 14:03:16.274812,17.27,INR,wallet,failed,insufficient_funds,Customer account has insufficient balance.,126,25,2,0,33.02,False,0,8,smb_saas,42.78,True,True,True,SEND_RECOVERY_MESSAGE,17.27
txn_1176d7ef18d7,cust_f6b0c260,2026-07-26 19:58:16.354544,1000.0,INR,wallet,failed,insufficient_funds,Customer account has insufficient balance.,677,45,1,1,1220.31,False,0,27,enterprise,1033.53,True,True,False,CREATE_ESCALATION,0.0
txn_9ee6a640a349,cust_9828ec34,2026-08-11 03:14:16.347954,383.3,INR,upi,failed,insufficient_funds,Customer account has insufficient balance.,717,20,5,4,487.51,False,2,15,smb_saas,447.89,True,True,False,CREATE_ESCALATION,0.0
txn_8bdadc2d338a,cust_b59d020a,2026-08-06 17:48:16.301954,279.43,INR,netbanking,failed,insufficient_funds,Customer account has insufficient balance.,954,13,3,1,553.9,True,3,14,smb_saas,366.12,True,True,True,SEND_RECOVERY_MESSAGE,279.43
txn_8fb7d1bdbe19,cust_788f87aa,2026-07-26 17:53:16.292365,2646.88,INR,netbanking,failed,insufficient_funds,Customer account has insufficient balance.,201,20,3,2,1860.35,False,1,18,ecommerce,2672.3,True,True,True,SEND_RECOVERY_MESSAGE,2646.88
txn_aae75770fd54,cust_bca20aa6,2026-08-22 23:38:16.278812,17137.4,INR,netbanking,failed,insufficient_funds,Customer account has insufficient balance.,809,18,1,1,13217.24,False,3,15,enterprise,17186.27,True,True,False,CREATE_ESCALATION,0.0
txn_09f1f9304e0d,cust_87687378,2026-07-29 00:39:16.346954,691.06,INR,wallet,failed,insufficient_funds,Customer account has insufficient balance.,826,3,3,3,649.18,False,3,1,ecommerce,709.04,True,True,False,CREATE_ESCALATION,0.0
txn_589c7360c5bc,cust_1ec29a5a,2026-08-20 02:13:16.337954,2799.87,INR,wallet,failed,authentication_failed,OTP or 3D secure authentication failed.,498,15,0,0,5505.86,False,2,29,ecommerce,2805.91,True,True,True,RETRY_PAYMENT,2799.87
txn_2f0c485db7df,cust_220a63b4,2026-08-12 05:09:16.363096,2366.26,INR,upi,failed,authentication_failed,OTP or 3D secure authentication failed.,453,25,3,3,3421.19,False,1,7,ecommerce,2375.08,True,True,True,RETRY_PAYMENT,2366.26
txn_747fc1f80594,cust_daf48097,2026-08-19 19:54:16.310954,455.13,USD,card,failed,bank_timeout,Issuing bank did not respond in time.,399,19,1,0,736.79,True,3,26,smb_saas,471.37,True,True,True,WAIT_AND_RETRY,455.13
txn_40a7c1c7d202,cust_2cee5c25,2026-07-28 03:34:16.264223,1767.52,INR,card,failed,bank_timeout,Issuing bank did not respond in time.,439,44,5,2,1844.48,False,3,4,ecommerce,1830.48,True,False,True,WAIT_AND_RETRY,1767.52
txn_1fd0846541db,cust_d9b029a6,2026-08-11 06:36:16.330954,7359.98,INR,card,failed,bank_timeout,Issuing bank did not respond in time.,1000,49,5,3,7241.23,False,0,4,high_value,7459.55,True,True,False,CREATE_ESCALATION,0.0
txn_22e03b98815b,cust_ace426db,2026-08-15 21:20:16.356096,1313.01,USD,upi,failed,limit_exceeded,Transaction exceeds customer limits.,374,50,5,5,2256.99,True,0,8,mid_market,1373.52,True,True,True,RETRY_PAYMENT,1313.01
txn_8e37275b0598,cust_586b44d2,2026-08-14 10:58:16.224629,70.16,INR,card,failed,fraud_suspected,Transaction flagged by risk engine.,753,48,2,0,39.75,False,1,26,ecommerce,148.07,True,True,False,STOP_AUTOMATION,0.0
txn_042e628f6091,cust_97f82cc1,2026-08-12 19:14:16.267812,1134.23,USD,wallet,failed,insufficient_funds,Customer account has insufficient balance.,532,8,3,3,624.57,False,3,28,ecommerce,1178.3,True,True,False,CREATE_ESCALATION,0.0
txn_3a3545d338a8,cust_b9999f0c,2026-08-02 11:09:16.287327,436.02,INR,wallet,failed,insufficient_funds,Customer account has insufficient balance.,458,46,3,3,408.61,False,2,29,ecommerce,486.68,True,True,True,SEND_RECOVERY_MESSAGE,436.02
txn_5c80214c8bc8,cust_ca3fec15,2026-08-12 21:45:16.266812,64.72,INR,upi,failed,insufficient_funds,Customer account has insufficient balance.,257,8,5,0,71.63,True,1,4,ecommerce,133.42,True,True,False,CREATE_ESCALATION,0.0
txn_5cfc080a5d8c,cust_435107e5,2026-07-27 19:23:16.317954,166.09,INR,wallet,failed,insufficient_funds,Customer account has insufficient balance.,759,28,4,1,282.58,True,2,8,smb_saas,178.45,True,True,False,CREATE_ESCALATION,0.0
txn_b628988d1d87,cust_b86c219a,2026-08-10 18:25:16.296954,698.28,INR,netbanking,failed,fraud_suspected,Transaction flagged by risk engine.,733,9,0,0,684.49,False,1,4,ecommerce,796.11,True,True,False,STOP_AUTOMATION,0.0
txn_612eaad7608f,cust_41c969ea,2026-07-27 08:12:16.295908,8551.44,INR,card,failed,insufficient_funds,Customer account has insufficient balance.,661,28,2,2,12188.03,False,2,5,enterprise,8569.26,True,True,True,SEND_RECOVERY_MESSAGE,8551.44
txn_8290e132fe8c,cust_f571dcfa,2026-08-20 14:52:16.330954,305.64,USD,card,failed,bank_timeout,Issuing bank did not respond in time.,268,46,2,2,591.72,True,0,13,smb_saas,344.02,True,True,True,WAIT_AND_RETRY,305.64
txn_34daf62969d9,cust_a3d510d1,2026-08-06 12:04:16.274812,1204.17,INR,wallet,failed,insufficient_funds,Customer account has insufficient balance.,835,14,4,2,1172.24,True,0,5,ecommerce,1262.78,True,True,False,CREATE_ESCALATION,0.0
txn_256b010a87a7,cust_2161a0ba,2026-08-14 04:16:16.348954,1646.03,INR,wallet,failed,authentication_failed,OTP or 3D secure authentication failed.,507,19,3,2,1667.68,False,2,21,ecommerce,1652.33,True,True,True,RETRY_PAYMENT,1646.03
txn_c858b1a3539f,cust_94851e02,2026-08-01 19:16:16.337954,6225.03,INR,card,failed,insufficient_funds,Customer account has insufficient balance.,198,24,0,0,6239.75,True,1,2,enterprise,6316.47,True,True,True,SEND_RECOVERY_MESSAGE,6225.03
txn_bc5b859ca747,cust_684503c1,2026-08-19 19:37:16.295908,20.32,INR,upi,failed,insufficient_funds,Customer account has insufficient balance.,132,31,1,0,32.15,False,3,26,smb_saas,92.72,True,True,False,CREATE_ESCALATION,0.0
txn_ec89590e984e,cust_965aecf0,2026-08-16 17:29:16.253632,143.46,INR,card,failed,authentication_failed,OTP or 3D secure authentication failed.,610,29,2,2,218.0,True,2,21,ecommerce,205.24,True,True,True,RETRY_PAYMENT,143.46
txn_67e8bbb17dfa,cust_4c00e565,2026-08-25 04:50:16.247585,136.74,INR,wallet,failed,authentication_failed,OTP or 3D secure authentication failed.,209,26,0,0,97.23,True,3,24,smb_saas,138.12,True,True,True,RETRY_PAYMENT,136.74
txn_07e22dac18a2,cust_7129f3dd,2026-08-24 06:56:16.297955,612.02,INR,card,failed,authentication_failed,OTP or 3D secure authentication failed.,95,37,0,0,987.17,False,1,13,smb_saas,661.35,True,True,True,RETRY_PAYMENT,612.02
txn_a62730b0112b,cust_0d8bbb4e,2026-08-10 22:20:16.287327,406.95,INR,upi,failed,insufficient_funds,Customer account has insufficient balance.,234,34,0,0,776.84,True,1,5,ecommerce,420.47,True,True,False,CREATE_ESCALATION,0.0
txn_4f099754e282,cust_13f1933f,2026-08-24 19:20:16.354544,656.27,INR,card,failed,fraud_suspected,Transaction flagged by risk engine.,748,35,4,4,536.81,False,3,12,smb_saas,751.35,True,True,False,STOP_AUTOMATION,0.0
txn_4566b1989deb,cust_5f719f2f,2026-08-07 12:03:16.290365,237.09,USD,netbanking,failed,insufficient_funds,Customer account has insufficient balance.,438,22,5,5,187.88,False,2,22,ecommerce,334.0,True,False,True,SEND_RECOVERY_MESSAGE,237.09
txn_3c4c2420d0a7,cust_84b0a96a,2026-08-09 21:57:16.235826,6111.2,INR,upi,failed,insufficient_funds,Customer account has insufficient balance.,36,23,5,5,9256.26,False,1,8,mid_market,6171.74,True,False,True,SEND_RECOVERY_MESSAGE,6111.2
txn_60821fc3d0fc,cust_dce2810f,2026-08-10 17:03:16.348954,149.99,USD,wallet,failed,insufficient_funds,Customer account has insufficient balance.,813,25,1,1,196.27,False,0,7,ecommerce,189.25,True,True,True,SEND_RECOVERY_MESSAGE,149.99
txn_6915607536ca,cust_7876bda2,2026-08-07 05:59:16.322954,3735.0,INR,card,failed,insufficient_funds,Customer account has insufficient balance.,278,30,1,0,2744.14,False,0,25,enterprise,3766.2,True,True,False,CREATE_ESCALATION,0.0
txn_4990d48cd429,cust_b2732baa,2026-08-24 01:00:16.257223,1081.92,INR,upi,failed,authentication_failed,OTP or 3D secure authentication failed.,170,11,0,0,1801.34,False,1,19,mid_market,1085.18,True,True,True,RETRY_PAYMENT,1081.92
txn_5094afd5b7dd,cust_f56625a0,2026-08-12 02:07:16.234825,2852.19,USD,upi,failed,insufficient_funds,Customer account has insufficient balance.,317,38,2,1,3004.05,True,1,1,mid_market,2875.93,True,True,False,CREATE_ESCALATION,0.0
txn_7ccc3a852691,cust_d175dd76,2026-07-26 14:56:16.357097,311.1,INR,wallet,failed,insufficient_funds,Customer account has insufficient balance.,916,23,2,1,331.38,False,3,6,mid_market,392.53,True,True,True,SEND_RECOVERY_MESSAGE,311.1
txn_6007fe9c5ae6,cust_d2590b2d,2026-07-26 10:52:16.310954,187.85,USD,card,failed,fraud_suspected,Transaction flagged by risk engine.,837,13,1,0,371.3,False,2,25,smb_saas,213.6,True,True,False,STOP_AUTOMATION,0.0
txn_882b3892bd93,cust_5e6d34c2,2026-08-09 06:46:16.309954,15.45,INR,card,failed,insufficient_funds,Customer account has insufficient balance.,67,19,5,5,30.29,False,2,25,smb_saas,72.05,True,True,False,CREATE_ESCALATION,0.0
txn_2f44ab31e958,cust_94d587ac,2026-08-16 10:55:16.273812,6721.86,USD,wallet,failed,fraud_suspected,Transaction flagged by risk engine.,904,3,5,5,6643.7,False,0,21,mid_market,6755.04,True,True,False,STOP_AUTOMATION,0.0
txn_3ffac21d63a0,cust_da27db3f,2026-08-11 06:05:16.264223,20.0,INR,upi,failed,insufficient_funds,Customer account has insufficient balance.,702,44,3,2,18.93,True,1,7,ecommerce,98.88,True,True,True,SEND_RECOVERY_MESSAGE,20.0
txn_93813404e8fa,cust_31440879,2026-08-19 16:51:16.281813,38.59,INR,wallet,failed,insufficient_funds,Customer account has insufficient balance.,951,39,4,3,64.98,False,1,20,smb_saas,51.96,True,False,True,SEND_RECOVERY_MESSAGE,38.59
txn_4d1b4958399c,cust_870b9bdf,2026-08-11 00:51:16.298954,499.64,INR,wallet,failed,insufficient_funds,Customer account has insufficient balance.,905,25,1,0,804.84,True,3,27,ecommerce,508.22,True,True,False,CREATE_ESCALATION,0.0
txn_86593bd67d83,cust_d9f00eae,2026-08-07 09:41:16.246043,889.56,INR,card,failed,authentication_failed,OTP or 3D secure authentication failed.,873,16,1,0,1107.17,True,2,1,ecommerce,928.9,True,True,True,RETRY_PAYMENT,889.56
txn_5d19eb9e349f,cust_fc0d1e54,2026-08-19 08:30:16.256176,136.32,USD,wallet,failed,temporary_bank_failure,Bank is experiencing intermittent issues.,41,32,1,0,113.96,False,3,10,smb_saas,163.75,True,True,True,WAIT_AND_RETRY,136.32
txn_99e435aa5aa8,cust_cdc10cf9,2026-08-11 11:34:16.268812,165.4,INR,card,failed,authentication_failed,OTP or 3D secure authentication failed.,721,40,0,0,157.28,False,0,27,smb_saas,249.47,True,True,True,RETRY_PAYMENT,165.4
txn_6b0904b82622,cust_543add81,2026-08-13 01:50:16.282812,190.26,USD,netbanking,failed,insufficient_funds,Customer account has insufficient balance.,426,43,3,0,340.45,False,2,1,smb_saas,246.83,True,True,False,CREATE_ESCALATION,0.0
txn_b33fd7c083b3,cust_528f1781,2026-08-01 15:04:16.318954,1214.07,USD,wallet,failed,insufficient_funds,Customer account has insufficient balance.,385,11,5,5,953.0,True,3,16,mid_market,1220.77,True,True,False,CREATE_ESCALATION,0.0
txn_bbd1a75f30b2,cust_43fec45b,2026-07-31 08:48:16.342954,10117.15,INR,upi,failed,bank_timeout,Issuing bank did not respond in time.,752,17,2,1,18763.43,True,3,10,high_value,10147.81,True,True,False,CREATE_ESCALATION,0.0
txn_908175865f74,cust_80ba22d7,2026-08-19 20:16:16.342954,103.31,INR,wallet,failed,bank_timeout,Issuing bank did not respond in time.,523,45,3,2,54.89,False,3,20,smb_saas,173.41,True,True,False,CREATE_ESCALATION,0.0
txn_948ed9554026,cust_ead54c88,2026-08-25 04:35:16.244491,320.59,INR,upi,failed,authentication_failed,OTP or 3D secure authentication failed.,326,3,0,0,357.42,False,1,23,smb_saas,413.87,True,True,True,RETRY_PAYMENT,320.59
txn_b04ff2155f89,cust_f3de9fdf,2026-07-26 05:01:16.226780,963.07,INR,upi,failed,limit_exceeded,Transaction exceeds customer limits.,898,17,0,0,843.25,False,1,1,mid_market,1002.7,True,True,False,CREATE_ESCALATION,0.0
txn_2564eb829cd2,cust_aa7473ad,2026-08-19 15:47:16.232825,5105.76,INR,upi,failed,insufficient_funds,Customer account has insufficient balance.,945,2,0,0,4736.09,False,2,19,mid_market,5186.28,True,True,True,SEND_RECOVERY_MESSAGE,5105.76
txn_063a17e019e2,cust_2384ee58,2026-07-30 02:48:16.259223,917.68,USD,upi,failed,insufficient_funds,Customer account has insufficient balance.,293,47,4,4,846.35,True,2,7,mid_market,969.06,True,True,True,SEND_RECOVERY_MESSAGE,917.68
txn_c227f5aed7ab,cust_79dced01,2026-08-19 06:32:16.307955,16527.06,INR,wallet,failed,bank_timeout,Issuing bank did not respond in time.,866,33,0,0,14244.11,False,0,12,high_value,16609.84,True,True,True,WAIT_AND_RETRY,16527.06
txn_a2a668088272,cust_a15c0f60,2026-08-07 02:49:16.317954,962.33,INR,card,failed,bank_timeout,Issuing bank did not respond in time.,913,19,0,0,1523.95,False,1,11,mid_market,1054.42,True,True,True,WAIT_AND_RETRY,962.33
txn_0c88a1e43cea,cust_474a4a21,2026-08-13 20:33:16.357097,20.0,INR,netbanking,failed,authentication_failed,OTP or 3D secure authentication failed.,602,46,4,0,13.23,False,2,25,ecommerce,42.03,True,True,False,CREATE_ESCALATION,0.0
txn_8fd069f1cb62,cust_71611c29,2026-08-20 12:26:16.294364,2665.76,INR,wallet,failed,insufficient_funds,Customer account has insufficient balance.,902,21,5,1,3659.41,False,1,24,ecommerce,2692.92,True,True,False,CREATE_ESCALATION,0.0
txn_365b208a61ac,cust_0d23aea5,2026-08-20 01:05:16.311954,7092.38,USD,card,failed,fraud_suspected,Transaction flagged by risk engine.,736,44,0,0,4647.6,False,3,2,mid_market,7167.98,True,True,False,STOP_AUTOMATION,0.0
txn_6dd86420afac,cust_0b924de2,2026-08-24 16:57:16.325954,874.32,INR,netbanking,failed,bank_timeout,Issuing bank did not respond in time.,924,35,4,1,1506.2,False,2,12,smb_saas,969.55,True,True,True,WAIT_AND_RETRY,874.32
txn_961b563850d9,cust_8a01aa56,2026-08-10 18:16:16.299954,823.12,INR,netbanking,failed,limit_exceeded,Transaction exceeds customer limits.,811,7,0,0,1021.6,False,1,7,smb_saas,881.41,True,False,False,CREATE_ESCALATION,0.0
txn_23750ad24c5b,cust_19270f4f,2026-08-20 18:53:16.316954,3412.22,INR,wallet,failed,authentication_failed,OTP or 3D secure authentication failed.,226,7,1,1,1965.73,False,3,22,mid_market,3508.75,True,True,False,CREATE_ESCALATION,0.0
txn_f67dcb8204c2,cust_a45aa9c7,2026-08-06 23:20:16.269812,358.86,INR,wallet,failed,temporary_bank_failure,Bank is experiencing intermittent issues.,935,50,1,0,459.81,False,2,28,smb_saas,441.73,True,True,True,WAIT_AND_RETRY,358.86
txn_327d605c8973,cust_89e10ac2,2026-08-16 02:37:16.287327,227.7,INR,wallet,failed,insufficient_funds,Customer account has insufficient balance.,778,38,3,0,145.88,False,2,4,smb_saas,311.31,True,True,True,SEND_RECOVERY_MESSAGE,227.7
txn_4222feb066e6,cust_3cb61406,2026-08-07 00:06:16.245005,23119.97,INR,netbanking,failed,limit_exceeded,Transaction exceeds customer limits.,88,23,0,0,16239.82,False,3,29,enterprise,23134.92,True,False,False,CREATE_ESCALATION,0.0
txn_20ef466cfcc2,cust_16c1e997,2026-07-30 02:38:16.353498,29.92,INR,upi,failed,insufficient_funds,Customer account has insufficient balance.,797,31,2,2,35.14,False,3,10,smb_saas,46.99,True,True,True,SEND_RECOVERY_MESSAGE,29.92
txn_f05043132feb,cust_acfa3ce4,2026-08-16 13:18:16.331954,363.14,USD,wallet,failed,limit_exceeded,Transaction exceeds customer limits.,596,44,3,0,321.88,False,1,2,smb_saas,442.19,True,True,True,RETRY_PAYMENT,363.14
txn_748721f10ec0,cust_f62b9b43,2026-08-24 01:55:16.284812,597.16,USD,wallet,failed,temporary_bank_failure,Bank is experiencing intermittent issues.,322,27,4,2,1096.15,True,1,25,smb_saas,607.57,True,True,True,WAIT_AND_RETRY,597.16
txn_f2195f4664f7,cust_e9130d10,2026-08-02 20:01:16.243446,506.37,USD,card,failed,temporary_bank_failure,Bank is experiencing intermittent issues.,618,38,2,0,913.51,False,3,13,ecommerce,512.04,True,True,True,WAIT_AND_RETRY,506.37
txn_ce1d94d5cad9,cust_6340ea5f,2026-07-31 09:44:16.302954,1214.37,USD,card,failed,insufficient_funds,Customer account has insufficient balance.,748,1,5,0,890.12,True,2,7,mid_market,1252.84,True,True,False,CREATE_ESCALATION,0.0
txn_4423e81793f6,cust_080a320a,2026-08-12 22:14:16.283812,508.89,INR,upi,failed,limit_exceeded,Transaction exceeds customer limits.,152,4,3,2,297.18,True,2,4,ecommerce,598.58,True,True,False,CREATE_ESCALATION,0.0
txn_65688138a928,cust_25b247e0,2026-08-24 03:12:16.341954,515.57,USD,card,failed,insufficient_funds,Customer account has insufficient balance.,187,3,0,0,347.94,False,1,3,smb_saas,584.2,True,True,False,CREATE_ESCALATION,0.0
txn_ff350a2ae4ea,cust_692202ea,2026-07-30 10:07:16.235826,65.47,INR,netbanking,failed,fraud_suspected,Transaction flagged by risk engine.,512,6,5,4,110.44,False,1,8,ecommerce,161.37,True,True,False,STOP_AUTOMATION,0.0
txn_b0062d38a2a4,cust_83091f31,2026-08-05 09:34:16.358096,2200.63,INR,upi,failed,authentication_failed,OTP or 3D secure authentication failed.,781,50,3,0,3388.64,False,3,23,ecommerce,2291.46,True,True,False,CREATE_ESCALATION,0.0
txn_0963d1e9826b,cust_405238d8,2026-08-18 18:20:16.244491,631.64,USD,upi,failed,authentication_failed,OTP or 3D secure authentication failed.,380,28,5,1,734.62,False,1,24,smb_saas,652.68,True,True,False,CREATE_ESCALATION,0.0
txn_9c1bbb8a2409,cust_dfcb74c4,2026-08-08 05:14:16.264223,1000.0,INR,netbanking,failed,insufficient_funds,Customer account has insufficient balance.,387,34,4,3,1389.73,False,0,6,enterprise,1037.74,True,True,False,CREATE_ESCALATION,0.0
txn_e4978685713e,cust_1e19c2d5,2026-08-12 15:40:16.233825,1000.0,USD,wallet,failed,authentication_failed,OTP or 3D secure authentication failed.,116,46,1,0,1024.41,True,2,5,enterprise,1083.5,True,True,False,CREATE_ESCALATION,0.0
txn_026977d9f59f,cust_4d5bbc28,2026-08-08 01:12:16.329954,389.06,INR,wallet,failed,insufficient_funds,Customer account has insufficient balance.,440,35,0,0,559.27,False,0,2,smb_saas,486.08,True,True,False,CREATE_ESCALATION,0.0
txn_87c041ff436d,cust_24386471,2026-08-05 10:23:16.320954,264.88,USD,upi,failed,insufficient_funds,Customer account has insufficient balance.,26,24,5,3,158.35,False,0,3,smb_saas,312.76,True,True,False,CREATE_ESCALATION,0.0
txn_b8c747e118ad,cust_1b39748a,2026-07-27 11:05:16.275813,242.59,USD,card,failed,insufficient_funds,Customer account has insufficient balance.,928,30,1,0,260.09,False,3,14,mid_market,309.22,True,True,True,SEND_RECOVERY_MESSAGE,242.59
txn_a0fd8ba5be8c,cust_403041b5,2026-08-19 04:25:16.306955,694.91,INR,card,failed,authentication_failed,OTP or 3D secure authentication failed.,390,4,4,3,928.64,False,2,16,smb_saas,749.54,True,True,False,CREATE_ESCALATION,0.0
txn_e19e0ff826b9,cust_819c7a40,2026-08-25 14:23:16.340954,232.44,INR,wallet,failed,fraud_suspected,Transaction flagged by risk engine.,111,1,3,2,293.57,False,1,24,ecommerce,251.87,True,False,False,STOP_AUTOMATION,0.0
txn_77dcfb43d88d,cust_3757f7fb,2026-08-18 08:45:16.321954,1195.26,INR,netbanking,failed,insufficient_funds,Customer account has insufficient balance.,299,15,3,0,1115.65,False,1,28,mid_market,1223.95,True,True,False,CREATE_ESCALATION,0.0
txn_874ce802a2b0,cust_62f4bc6d,2026-08-20 14:50:16.342954,507.06,INR,wallet,failed,insufficient_funds,Customer account has insufficient balance.,80,29,5,2,864.37,False,0,19,mid_market,599.92,True,True,False,CREATE_ESCALATION,0.0
txn_976815c0f746,cust_ddcbf615,2026-08-24 13:51:16.326954,242.38,INR,upi,failed,authentication_failed,OTP or 3D secure authentication failed.,613,48,1,1,327.73,True,2,24,ecommerce,328.72,True,True,True,RETRY_PAYMENT,242.38
txn_c972d66254a0,cust_b516c96b,2026-08-07 02:35:16.233825,19989.39,INR,wallet,failed,temporary_bank_failure,Bank is experiencing intermittent issues.,745,40,0,0,20917.14,True,1,23,high_value,20057.92,True,True,True,WAIT_AND_RETRY,19989.39
txn_fe311c0137a7,cust_2d314171,2026-07-29 18:00:16.224629,57.45,USD,wallet,failed,bank_timeout,Issuing bank did not respond in time.,917,24,2,0,71.49,False,2,25,smb_saas,65.71,True,True,True,WAIT_AND_RETRY,57.45
txn_d1956c1d6f8a,cust_da5e876f,2026-08-24 05:13:16.351955,4288.78,INR,upi,failed,authentication_failed,OTP or 3D secure authentication failed.,363,45,1,0,8460.11,False,0,20,enterprise,4382.04,True,True,True,RETRY_PAYMENT,4288.78
txn_ee015e8615b2,cust_e52e5afa,2026-08-02 08:00:16.261223,307.85,INR,netbanking,failed,insufficient_funds,Customer account has insufficient balance.,517,18,1,0,360.92,False,3,4,smb_saas,346.82,True,True,False,CREATE_ESCALATION,0.0
txn_1690956c57cc,cust_ca0d60bc,2026-08-06 21:49:16.319954,1697.39,INR,wallet,failed,insufficient_funds,Customer account has insufficient balance.,974,13,2,1,997.53,True,0,1,mid_market,1756.22,True,True,False,CREATE_ESCALATION,0.0
txn_905fa62ec3ba,cust_0a4abb4e,2026-08-18 11:58:16.297955,3981.53,INR,card,failed,bank_timeout,Issuing bank did not respond in time.,866,3,4,2,4608.76,True,3,19,mid_market,4012.13,True,True,True,WAIT_AND_RETRY,3981.53
txn_e4a5a8817596,cust_f259d69f,2026-08-02 06:45:16.294364,52.3,INR,card,failed,temporary_bank_failure,Bank is experiencing intermittent issues.,827,40,4,3,54.13,False,2,1,smb_saas,131.77,True,True,True,WAIT_AND_RETRY,52.3
txn_35e992d8839a,cust_f09d5efe,2026-08-05 04:32:16.301954,429.71,INR,wallet,failed,authentication_failed,OTP or 3D secure authentication failed.,791,38,3,1,373.22,False,0,26,ecommerce,480.98,True,True,False,CREATE_ESCALATION,0.0
txn_0907130a10e4,cust_44bee214,2026-08-05 16:54:16.344954,85.65,INR,card,failed,bank_timeout,Issuing bank did not respond in time.,81,45,4,2,141.75,False,3,4,smb_saas,129.49,True,True,True,WAIT_AND_RETRY,85.65
txn_e6e5839c7f90,cust_8c5852c3,2026-07-26 01:32:16.231825,618.8,INR,wallet,failed,bank_timeout,Issuing bank did not respond in time.,668,17,2,1,557.31,True,3,14,smb_saas,696.12,True,True,True,WAIT_AND_RETRY,618.8
txn_b28057b600f9,cust_14a895c6,2026-08-04 05:58:16.343954,107.61,INR,card,failed,insufficient_funds,Customer account has insufficient balance.,863,32,4,0,71.21,False,1,2,smb_saas,168.46,True,True,True,SEND_RECOVERY_MESSAGE,107.61
txn_c1eb5489bf5e,cust_69c9556c,2026-08-12 00:39:16.234825,4469.1,USD,card,failed,authentication_failed,OTP or 3D secure authentication failed.,914,42,3,0,4600.9,False,2,12,mid_market,4486.82,True,True,False,CREATE_ESCALATION,0.0
txn_89a1c9547194,cust_16ec8e0e,2026-08-24 21:10:16.263223,388.1,INR,card,failed,insufficient_funds,Customer account has insufficient balance.,476,38,2,2,593.79,False,1,24,ecommerce,437.25,True,True,False,CREATE_ESCALATION,0.0
txn_416dc322270d,cust_7cb1e15b,2026-08-11 23:23:16.251632,352.28,INR,netbanking,failed,insufficient_funds,Customer account has insufficient balance.,484,49,0,0,618.07,True,1,15,smb_saas,372.5,True,True,True,SEND_RECOVERY_MESSAGE,352.28
txn_68472603352e,cust_a8bb49e4,2026-08-06 04:27:16.239825,12562.61,INR,wallet,failed,insufficient_funds,Customer account has insufficient balance.,163,22,4,4,10253.23,False,3,16,enterprise,12568.89,True,True,False,CREATE_ESCALATION,0.0
txn_b933b02db180,cust_b753a314,2026-08-08 06:29:16.258223,16602.22,INR,wallet,failed,insufficient_funds,Customer account has insufficient balance.,922,2,1,0,19363.34,False,1,6,high_value,16604.92,True,True,False,CREATE_ESCALATION,0.0
txn_0e4c647d6239,cust_62d67996,2026-08-03 03:17:16.347954,166.53,USD,upi,failed,insufficient_funds,Customer account has insufficient balance.,978,40,4,2,144.18,False,0,1,smb_saas,184.37,True,True,False,CREATE_ESCALATION,0.0
txn_4125537d50e2,cust_5e205f16,2026-08-11 23:51:16.324955,681.61,USD,upi,failed,insufficient_funds,Customer account has insufficient balance.,550,35,0,0,1078.07,False,1,14,mid_market,723.23,True,False,False,CREATE_ESCALATION,0.0
txn_c4c2867d5d8e,cust_f6e5956a,2026-08-17 14:13:16.250632,1934.62,USD,netbanking,failed,insufficient_funds,Customer account has insufficient balance.,61,7,0,0,3602.21,False,3,18,mid_market,2026.04,True,True,False,CREATE_ESCALATION,0.0
txn_1eeb056132e6,cust_15c28868,2026-08-23 13:19:16.323954,295.75,INR,wallet,failed,insufficient_funds,Customer account has insufficient balance.,620,7,1,1,579.48,True,1,18,smb_saas,323.35,True,True,True,SEND_RECOVERY_MESSAGE,295.75
txn_4f198a0087a2,cust_5fad1655,2026-07-29 13:36:16.368097,28.4,USD,netbanking,failed,fraud_suspected,Transaction flagged by risk engine.,313,8,1,0,56.59,True,3,10,ecommerce,82.34,True,True,False,STOP_AUTOMATION,0.0
txn_b4237d114bb5,cust_8e6a4b0d,2026-07-25 22:41:16.365098,51.16,USD,card,failed,temporary_bank_failure,Bank is experiencing intermittent issues.,884,36,3,1,32.14,True,0,18,smb_saas,104.31,True,True,True,WAIT_AND_RETRY,51.16
txn_3f6b780fe482,cust_83d4d3a2,2026-08-01 21:01:16.233825,646.87,INR,netbanking,failed,authentication_failed,OTP or 3D secure authentication failed.,317,40,5,2,1199.77,False,1,27,smb_saas,691.11,True,True,False,CREATE_ESCALATION,0.0
txn_11e52e422c6f,cust_1a9cd516,2026-08-20 06:22:16.261223,986.84,INR,netbanking,failed,insufficient_funds,Customer account has insufficient balance.,672,31,5,2,1815.92,True,2,9,ecommerce,1035.5,True,True,False,CREATE_ESCALATION,0.0
txn_bd094732e9bb,cust_18bcb8bf,2026-08-25 00:01:16.287327,4396.33,INR,wallet,failed,bank_timeout,Issuing bank did not respond in time.,991,45,4,1,4805.5,False,1,15,mid_market,4417.42,True,True,True,WAIT_AND_RETRY,4396.33
txn_684a028bd280,cust_a00d81a4,2026-08-17 13:52:16.252632,16.35,INR,wallet,failed,insufficient_funds,Customer account has insufficient balance.,747,42,0,0,15.72,False,1,24,smb_saas,88.0,True,False,False,CREATE_ESCALATION,0.0
txn_241dbc7fa519,cust_f605e1ba,2026-07-31 04:22:16.325954,345.37,INR,upi,failed,insufficient_funds,Customer account has insufficient balance.,705,41,4,4,186.08,True,1,6,smb_saas,387.77,True,True,False,CREATE_ESCALATION,0.0
txn_0d6851dd0c43,cust_50a55c6e,2026-08-03 02:58:16.243446,2166.57,INR,wallet,failed,insufficient_funds,Customer account has insufficient balance.,111,37,5,0,2953.98,True,1,11,mid_market,2224.58,True,True,False,CREATE_ESCALATION,0.0
txn_06511431f826,cust_70bd3ec1,2026-07-31 09:03:16.358096,1267.56,INR,card,failed,authentication_failed,OTP or 3D secure authentication failed.,765,10,2,0,873.2,False,3,10,ecommerce,1269.07,True,True,False,CREATE_ESCALATION,0.0
txn_35e16306e90a,cust_f645de4b,2026-07-31 20:20:16.328954,2705.63,INR,card,failed,insufficient_funds,Customer account has insufficient balance.,33,28,5,2,2702.59,False,0,23,ecommerce,2740.43,True,True,False,CREATE_ESCALATION,0.0
txn_51999c3e2d4f,cust_33a5ff7a,2026-07-30 01:07:16.237825,18779.04,INR,wallet,failed,authentication_failed,OTP or 3D secure authentication failed.,182,35,4,1,24678.37,False,3,20,high_value,18807.36,True,True,False,CREATE_ESCALATION,0.0
txn_30ff6e675f0b,cust_9592c4df,2026-07-25 19:43:16.348954,434.2,INR,upi,failed,insufficient_funds,Customer account has insufficient balance.,623,11,5,3,810.27,False,2,22,smb_saas,525.76,True,True,False,CREATE_ESCALATION,0.0
txn_1fcb0827fb00,cust_e7c97ac5,2026-08-22 01:46:16.229825,244.72,INR,card,failed,insufficient_funds,Customer account has insufficient balance.,498,12,0,0,331.97,False,3,16,smb_saas,307.12,True,True,True,SEND_RECOVERY_MESSAGE,244.72
txn_969b7ce8ebab,cust_c4320e7b,2026-08-08 08:32:16.254632,663.02,INR,netbanking,failed,insufficient_funds,Customer account has insufficient balance.,880,20,0,0,446.53,False,3,11,ecommerce,724.51,True,True,True,SEND_RECOVERY_MESSAGE,663.02
txn_d8386955064f,cust_b71e9686,2026-08-11 13:36:16.300954,153.31,INR,upi,failed,insufficient_funds,Customer account has insufficient balance.,517,12,5,4,83.07,False,3,11,smb_saas,201.32,True,True,False,CREATE_ESCALATION,0.0
txn_0b277710d2e7,cust_8e9ccb10,2026-08-20 06:22:16.251632,3121.17,INR,card,failed,authentication_failed,OTP or 3D secure authentication failed.,699,42,5,3,5219.79,True,0,11,mid_market,3201.46,True,True,True,RETRY_PAYMENT,3121.17
txn_d3c5d2c947cd,cust_d203cc41,2026-08-21 08:29:16.268812,305.34,INR,netbanking,failed,insufficient_funds,Customer account has insufficient balance.,880,31,0,0,443.07,False,2,4,smb_saas,320.57,True,True,False,CREATE_ESCALATION,0.0
txn_b87084538130,cust_59954cc6,2026-07-26 10:17:16.306955,408.9,INR,card,failed,insufficient_funds,Customer account has insufficient balance.,776,40,0,0,370.73,False,2,8,mid_market,419.95,True,True,True,SEND_RECOVERY_MESSAGE,408.9
txn_2a8508caabd3,cust_9b380122,2026-08-07 23:55:16.311954,14.51,INR,wallet,failed,insufficient_funds,Customer account has insufficient balance.,370,35,1,0,19.99,False,1,22,smb_saas,52.25,True,True,True,SEND_RECOVERY_MESSAGE,14.51
txn_392a091001d7,cust_11ba505f,2026-08-13 16:54:16.281813,1253.71,INR,card,failed,limit_exceeded,Transaction exceeds customer limits.,634,25,3,3,1577.02,True,0,29,mid_market,1259.88,True,True,True,RETRY_PAYMENT,1253.71
txn_2bf80cc0f66f,cust_5a3bb736,2026-08-02 00:20:16.322954,280.28,INR,wallet,failed,limit_exceeded,Transaction exceeds customer limits.,817,2,3,3,334.8,False,0,11,ecommerce,374.09,True,True,False,CREATE_ESCALATION,0.0
txn_2bd70e803294,cust_65c5a66f,2026-08-15 03:06:16.363096,3673.14,INR,netbanking,failed,insufficient_funds,Customer account has insufficient balance.,908,38,4,3,3918.01,False,2,30,mid_market,3755.29,True,True,False,CREATE_ESCALATION,0.0
txn_a6fab60cca98,cust_1a0dd6c5,2026-08-03 13:19:16.348954,272.9,INR,card,failed,temporary_bank_failure,Bank is experiencing intermittent issues.,880,0,4,4,473.97,True,2,-1,ecommerce,324.97,True,True,True,WAIT_AND_RETRY,272.9
txn_2f1c04aaf7e2,cust_85e41069,2026-08-07 17:58:16.262223,109.55,INR,upi,failed,authentication_failed,OTP or 3D secure authentication failed.,499,5,4,0,55.11,False,1,22,smb_saas,167.73,True,True,True,RETRY_PAYMENT,109.55
txn_1865936cc098,cust_69865863,2026-08-25 02:21:16.312954,17648.75,INR,upi,failed,temporary_bank_failure,Bank is experiencing intermittent issues.,52,34,2,0,33869.77,True,1,4,high_value,17713.36,True,True,False,CREATE_ESCALATION,0.0
txn_a4a04ca1f919,cust_10569e2a,2026-08-13 07:06:16.261223,20.0,INR,card,failed,insufficient_funds,Customer account has insufficient balance.,880,41,2,0,35.16,True,3,16,ecommerce,84.83,True,False,False,CREATE_ESCALATION,0.0
txn_e3901e37e34e,cust_99b7d502,2026-08-09 23:26:16.361096,304.04,INR,card,failed,temporary_bank_failure,Bank is experiencing intermittent issues.,677,26,3,2,359.49,True,1,6,ecommerce,350.68,True,False,True,WAIT_AND_RETRY,304.04
txn_375837ff1512,cust_0951ba8f,2026-08-22 15:10:16.294364,15667.07,INR,wallet,failed,insufficient_funds,Customer account has insufficient balance.,8,16,0,0,30740.27,False,2,29,high_value,15765.8,True,True,False,CREATE_ESCALATION,0.0
txn_389ea258a209,cust_e515cd73,2026-08-18 09:28:16.273812,2212.24,INR,wallet,failed,insufficient_funds,Customer account has insufficient balance.,573,37,2,2,3149.03,False,0,7,ecommerce,2265.01,True,True,True,SEND_RECOVERY_MESSAGE,2212.24
txn_a0535fd0bc1c,cust_99bbfca4,2026-08-09 10:24:16.358096,1367.46,INR,wallet,failed,authentication_failed,OTP or 3D secure authentication failed.,77,1,4,0,2079.49,True,1,20,ecommerce,1442.23,True,True,False,CREATE_ESCALATION,0.0
txn_b21921ded891,cust_e67c6d57,2026-08-07 18:54:16.287327,1213.35,INR,netbanking,failed,authentication_failed,OTP or 3D secure authentication failed.,585,9,4,0,1572.45,False,1,12,mid_market,1253.17,True,True,False,CREATE_ESCALATION,0.0
txn_83b3b51cab31,cust_045cd098,2026-08-20 02:19:16.333954,642.75,INR,upi,failed,insufficient_funds,Customer account has insufficient balance.,691,5,0,0,453.39,False,0,20,smb_saas,682.68,True,False,False,CREATE_ESCALATION,0.0
txn_404a60582a27,cust_1cda1241,2026-08-01 03:11:16.269812,2093.7,INR,card,failed,bank_timeout,Issuing bank did not respond in time.,17,45,5,2,4044.6,False,3,5,enterprise,2105.32,True,True,False,CREATE_ESCALATION,0.0
txn_7c275c109779,cust_d09ac4cc,2026-07-31 11:54:16.268812,27.87,INR,netbanking,failed,authentication_failed,OTP or 3D secure authentication failed.,885,26,0,0,44.08,False,0,19,ecommerce,34.45,True,True,True,RETRY_PAYMENT,27.87
txn_9473191249d0,cust_7797acb1,2026-08-19 00:31:16.252632,138.23,INR,netbanking,failed,temporary_bank_failure,Bank is experiencing intermittent issues.,998,11,2,2,81.06,False,1,7,smb_saas,164.3,True,True,True,WAIT_AND_RETRY,138.23
txn_3a95e9f32de8,cust_80a00606,2026-08-06 14:40:16.290365,1595.61,INR,netbanking,failed,authentication_failed,OTP or 3D secure authentication failed.,524,29,4,1,898.43,False,2,5,ecommerce,1680.69,True,True,False,CREATE_ESCALATION,0.0
txn_909e2628db36,cust_203ccf30,2026-08-16 08:15:16.316954,6744.13,USD,card,failed,fraud_suspected,Transaction flagged by risk engine.,851,8,0,0,11105.89,False,2,21,enterprise,6843.32,True,True,False,STOP_AUTOMATION,0.0
txn_1043a423cce3,cust_abee821a,2026-08-09 10:54:16.337954,3787.37,INR,upi,failed,authentication_failed,OTP or 3D secure authentication failed.,162,25,3,0,6343.19,False,3,2,mid_market,3843.09,True,True,False,CREATE_ESCALATION,0.0
txn_07d2cadab36c,cust_30e87c4f,2026-08-06 17:18:16.222629,115.98,INR,upi,failed,authentication_failed,OTP or 3D secure authentication failed.,41,39,0,0,172.35,False,2,29,smb_saas,142.06,True,True,True,RETRY_PAYMENT,115.98
txn_e799e891b23e,cust_6ae0370c,2026-08-02 07:20:16.295908,1000.0,USD,card,failed,temporary_bank_failure,Bank is experiencing intermittent issues.,232,39,0,0,899.51,False,1,15,enterprise,1036.38,True,True,True,WAIT_AND_RETRY,1000.0
txn_8f342065e820,cust_e6b3cb7b,2026-08-09 22:26:16.285813,546.44,INR,netbanking,failed,insufficient_funds,Customer account has insufficient balance.,333,13,4,1,1044.66,True,2,4,ecommerce,582.45,True,True,False,CREATE_ESCALATION,0.0
txn_5d72db75bedb,cust_f1095c12,2026-08-02 12:45:16.293365,5000.0,INR,upi,failed,insufficient_funds,Customer account has insufficient balance.,920,41,4,1,4578.88,True,0,12,high_value,5028.62,True,True,False,CREATE_ESCALATION,0.0
txn_02c97a260a05,cust_613bdd75,2026-08-07 23:18:16.222629,3735.34,INR,wallet,failed,limit_exceeded,Transaction exceeds customer limits.,562,28,1,1,4389.42,False,2,24,mid_market,3813.11,True,True,False,CREATE_ESCALATION,0.0
txn_f51b659a15a7,cust_a001a289,2026-08-24 18:34:16.348954,128.7,INR,upi,failed,authentication_failed,OTP or 3D secure authentication failed.,616,11,2,1,69.12,True,3,21,smb_saas,178.33,True,True,True,RETRY_PAYMENT,128.7
txn_54950146a7be,cust_9409c046,2026-07-28 07:11:16.336954,316.2,INR,netbanking,failed,insufficient_funds,Customer account has insufficient balance.,956,47,3,3,570.82,True,2,15,smb_saas,351.58,True,True,True,SEND_RECOVERY_MESSAGE,316.2
txn_83795a5b8040,cust_9041482c,2026-07-30 01:47:16.226780,1372.85,INR,upi,failed,authentication_failed,OTP or 3D secure authentication failed.,81,25,5,0,1720.39,False,1,3,ecommerce,1467.78,True,True,False,CREATE_ESCALATION,0.0
txn_e711d5fa046f,cust_41348b22,2026-08-20 13:04:16.261223,290.95,INR,upi,failed,insufficient_funds,Customer account has insufficient balance.,147,35,1,0,221.84,True,0,17,smb_saas,318.72,True,True,True,SEND_RECOVERY_MESSAGE,290.95
txn_4fb80da27ee3,cust_94385a7b,2026-07-27 07:14:16.275813,1555.59,INR,netbanking,failed,insufficient_funds,Customer account has insufficient balance.,699,28,4,1,1144.03,False,3,0,ecommerce,1567.44,True,True,False,CREATE_ESCALATION,0.0
txn_c8e2f9827805,cust_7506184c,2026-07-31 16:23:16.361096,103.18,INR,upi,failed,bank_timeout,Issuing bank did not respond in time.,325,30,0,0,141.36,False,0,18,smb_saas,116.89,True,True,True,WAIT_AND_RETRY,103.18
txn_b6816df83957,cust_98632929,2026-07-31 23:46:16.273812,447.61,USD,card,failed,bank_timeout,Issuing bank did not respond in time.,745,1,1,1,231.65,False,3,20,ecommerce,514.72,True,True,True,WAIT_AND_RETRY,447.61
txn_a0460cbd5e5f,cust_03cdc24a,2026-08-09 11:02:16.233825,480.57,INR,netbanking,failed,insufficient_funds,Customer account has insufficient balance.,599,47,3,1,914.64,True,0,5,smb_saas,501.98,True,True,True,SEND_RECOVERY_MESSAGE,480.57
txn_04158e1d0542,cust_283d4720,2026-08-16 12:55:16.289365,617.71,INR,wallet,failed,limit_exceeded,Transaction exceeds customer limits.,443,22,1,1,768.18,False,2,4,smb_saas,645.53,True,True,False,CREATE_ESCALATION,0.0
txn_019b0df8b2aa,cust_6faffaba,2026-07-26 20:31:16.298954,110.54,INR,wallet,failed,temporary_bank_failure,Bank is experiencing intermittent issues.,578,19,4,0,207.3,False,0,0,smb_saas,118.24,True,True,True,WAIT_AND_RETRY,110.54
txn_de600c55aedd,cust_775e5838,2026-07-27 00:46:16.283812,197.82,INR,card,failed,limit_exceeded,Transaction exceeds customer limits.,185,32,5,4,120.34,False,1,1,smb_saas,248.72,True,True,False,CREATE_ESCALATION,0.0
txn_b48f24ea9b2c,cust_9e4e91e7,2026-08-03 20:39:16.349954,999.06,INR,upi,failed,temporary_bank_failure,Bank is experiencing intermittent issues.,652,16,4,2,998.79,False,2,11,ecommerce,1076.82,True,True,False,CREATE_ESCALATION,0.0
txn_022fb9a8283f,cust_04cee920,2026-07-30 03:27:16.234825,119.24,INR,wallet,failed,insufficient_funds,Customer account has insufficient balance.,681,15,1,1,200.42,True,3,13,ecommerce,211.04,True,True,False,CREATE_ESCALATION,0.0
txn_52ea7f03d897,cust_2c5e0f2f,2026-08-04 06:23:16.362097,4050.97,USD,card,failed,insufficient_funds,Customer account has insufficient balance.,518,22,4,1,6800.42,False,2,28,enterprise,4128.66,True,True,True,SEND_RECOVERY_MESSAGE,4050.97
txn_1b0456e67be1,cust_b738ebc4,2026-08-17 10:40:16.285813,2729.83,INR,wallet,failed,insufficient_funds,Customer account has insufficient balance.,579,20,1,1,3325.86,False,3,8,mid_market,2753.53,True,True,True,SEND_RECOVERY_MESSAGE,2729.83
txn_567418b4eab9,cust_1049c2a6,2026-08-01 03:11:16.258223,692.33,USD,netbanking,failed,limit_exceeded,Transaction exceeds customer limits.,865,42,5,2,939.15,True,0,22,smb_saas,737.87,True,True,False,CREATE_ESCALATION,0.0
txn_6018df9b4f2f,cust_16ee3bb6,2026-08-11 01:44:16.316954,2564.59,USD,card,failed,authentication_failed,OTP or 3D secure authentication failed.,545,5,0,0,3656.36,True,0,21,mid_market,2619.45,True,True,False,CREATE_ESCALATION,0.0
txn_ed5841ee2dd4,cust_fa934d9c,2026-07-28 00:05:16.257223,151.16,INR,wallet,failed,insufficient_funds,Customer account has insufficient balance.,851,27,5,3,178.19,False,1,14,ecommerce,237.46,True,True,True,SEND_RECOVERY_MESSAGE,151.16
txn_801379bd9b3a,cust_3f66cd85,2026-08-25 16:54:16.297955,41.86,INR,card,failed,limit_exceeded,Transaction exceeds customer limits.,62,3,5,4,30.67,False,1,28,smb_saas,126.76,True,True,False,CREATE_ESCALATION,0.0
txn_b7ba1857baaa,cust_e99b14fe,2026-07-31 19:44:16.307955,1599.09,USD,netbanking,failed,insufficient_funds,Customer account has insufficient balance.,309,18,5,4,1314.01,False,2,21,ecommerce,1676.64,True,True,False,CREATE_ESCALATION,0.0
txn_a5d1d3899afb,cust_55fc6cb8,2026-08-09 13:51:16.345955,119.38,INR,netbanking,failed,bank_timeout,Issuing bank did not respond in time.,842,13,4,3,111.71,True,3,15,smb_saas,178.73,True,True,True,WAIT_AND_RETRY,119.38
txn_118217ad637b,cust_74a79656,2026-08-19 07:55:16.336954,1185.13,INR,card,failed,insufficient_funds,Customer account has insufficient balance.,745,20,3,0,1497.07,False,2,2,mid_market,1245.24,True,True,False,CREATE_ESCALATION,0.0
txn_8d023b22d49a,cust_a5aaaba9,2026-07-29 12:19:16.240825,161.73,INR,upi,failed,insufficient_funds,Customer account has insufficient balance.,705,16,4,3,233.95,True,2,15,smb_saas,214.78,True,False,False,CREATE_ESCALATION,0.0
txn_64915805e5d3,cust_0608ff85,2026-08-12 10:49:16.232825,433.7,INR,card,failed,limit_exceeded,Transaction exceeds customer limits.,167,37,0,0,424.82,False,1,11,ecommerce,450.03,True,True,False,CREATE_ESCALATION,0.0
txn_f8f4e32fd97b,cust_ca4ddcb8,2026-07-30 19:12:16.291365,2173.73,INR,card,failed,temporary_bank_failure,Bank is experiencing intermittent issues.,727,33,0,0,1572.47,True,3,3,mid_market,2208.89,True,True,True,WAIT_AND_RETRY,2173.73
txn_c3d129a34240,cust_0f09773d,2026-07-30 20:45:16.250632,526.15,INR,card,failed,temporary_bank_failure,Bank is experiencing intermittent issues.,722,3,3,0,417.36,True,3,3,smb_saas,550.8,True,True,True,WAIT_AND_RETRY,526.15
txn_333fcf9a43d4,cust_3d1face0,2026-08-08 03:18:16.310954,628.32,INR,upi,failed,authentication_failed,OTP or 3D secure authentication failed.,675,46,0,0,496.31,False,3,27,ecommerce,705.93,True,False,False,CREATE_ESCALATION,0.0
txn_1bff77c8cfa3,cust_55da994c,2026-08-09 15:49:16.263223,475.6,USD,wallet,failed,insufficient_funds,Customer account has insufficient balance.,634,9,1,0,661.35,True,0,25,smb_saas,507.83,True,True,True,SEND_RECOVERY_MESSAGE,475.6
txn_220e89920d00,cust_90bdaf8e,2026-08-21 17:52:16.285813,103.36,INR,card,failed,authentication_failed,OTP or 3D secure authentication failed.,522,16,1,1,182.87,True,0,25,smb_saas,111.85,True,True,True,RETRY_PAYMENT,103.36
txn_8f8bfe526f4f,cust_dffd92e0,2026-08-13 23:45:16.229825,188.51,INR,upi,failed,bank_timeout,Issuing bank did not respond in time.,741,20,3,1,232.32,False,0,19,smb_saas,252.74,True,True,True,WAIT_AND_RETRY,188.51
txn_34f6a6d5d6b0,cust_4c4adb6f,2026-08-12 01:18:16.330954,567.28,INR,wallet,failed,insufficient_funds,Customer account has insufficient balance.,732,38,0,0,1046.5,False,0,1,smb_saas,600.94,True,True,True,SEND_RECOVERY_MESSAGE,567.28
txn_250dc79d7552,cust_50cf827f,2026-08-08 20:55:16.296954,527.28,USD,netbanking,failed,insufficient_funds,Customer account has insufficient balance.,425,10,5,4,810.61,True,3,8,ecommerce,538.57,True,False,False,CREATE_ESCALATION,0.0
txn_525b47f8ce6f,cust_b0e1f658,2026-08-08 23:18:16.295908,1530.73,INR,netbanking,failed,authentication_failed,OTP or 3D secure authentication failed.,407,37,3,1,1141.48,True,1,1,ecommerce,1555.94,True,True,True,RETRY_PAYMENT,1530.73
txn_9735f26cde86,cust_1bf8b8e9,2026-08-17 23:39:16.356096,265.39,INR,card,failed,insufficient_funds,Customer account has insufficient balance.,31,49,3,3,178.5,False,3,6,ecommerce,303.85,True,True,False,CREATE_ESCALATION,0.0
txn_c1a2afc3363d,cust_cdfc182b,2026-08-20 05:52:16.248632,4162.87,INR,wallet,failed,limit_exceeded,Transaction exceeds customer limits.,673,18,4,4,6823.95,False,3,2,mid_market,4251.79,True,True,False,CREATE_ESCALATION,0.0
txn_c058ac0a21b3,cust_3b8be181,2026-08-07 16:51:16.355058,4432.58,USD,upi,failed,insufficient_funds,Customer account has insufficient balance.,498,13,5,0,7468.91,False,3,16,enterprise,4518.15,True,True,False,CREATE_ESCALATION,0.0
txn_26927644e397,cust_23086040,2026-07-27 10:57:16.335955,1047.26,INR,upi,failed,temporary_bank_failure,Bank is experiencing intermittent issues.,441,0,2,2,694.02,False,3,-1,mid_market,1106.74,True,True,False,CREATE_ESCALATION,0.0
txn_cac86d2cd468,cust_5389c9ef,2026-08-15 19:19:16.284812,3025.59,INR,wallet,failed,insufficient_funds,Customer account has insufficient balance.,738,38,0,0,2468.85,False,0,15,mid_market,3116.43,True,True,True,SEND_RECOVERY_MESSAGE,3025.59
txn_e21ebcf12446,cust_5f3fb549,2026-08-01 19:51:16.273812,8340.24,INR,upi,failed,authentication_failed,OTP or 3D secure authentication failed.,173,32,0,0,5574.36,False,0,20,mid_market,8439.52,True,True,True,RETRY_PAYMENT,8340.24
txn_225ce6e135d5,cust_9399b0df,2026-08-03 04:04:16.336954,935.05,INR,card,failed,limit_exceeded,Transaction exceeds customer limits.,483,46,5,4,702.81,False,0,3,smb_saas,996.88,True,True,False,CREATE_ESCALATION,0.0
txn_0eae2828bb31,cust_fdd77426,2026-08-04 09:43:16.308955,171.54,INR,card,failed,bank_timeout,Issuing bank did not respond in time.,955,13,5,0,342.64,False,3,10,smb_saas,228.87,True,True,False,CREATE_ESCALATION,0.0
txn_123268d3ec53,cust_784f9227,2026-08-12 04:21:16.289365,544.3,INR,wallet,failed,bank_timeout,Issuing bank did not respond in time.,218,50,5,4,804.57,False,3,15,smb_saas,548.94,True,True,True,WAIT_AND_RETRY,544.3
txn_52b43208f11c,cust_175ab2c2,2026-08-04 06:52:16.343954,374.77,INR,wallet,failed,insufficient_funds,Customer account has insufficient balance.,845,13,1,1,716.8,True,1,17,ecommerce,443.89,True,True,False,CREATE_ESCALATION,0.0
txn_0b36d7ee330c,cust_39e8ab0f,2026-08-05 04:09:16.240825,966.45,INR,card,failed,insufficient_funds,Customer account has insufficient balance.,506,21,0,0,896.76,False,1,30,ecommerce,980.77,True,True,False,CREATE_ESCALATION,0.0
txn_fe77b6775669,cust_cbd3e627,2026-08-03 08:29:16.226780,23.71,INR,card,failed,insufficient_funds,Customer account has insufficient balance.,169,28,3,2,26.31,False,1,14,smb_saas,54.54,True,True,True,SEND_RECOVERY_MESSAGE,23.71
txn_3236d31948b8,cust_561cca1f,2026-08-12 00:47:16.312954,262.33,INR,upi,failed,limit_exceeded,Transaction exceeds customer limits.,86,44,2,1,323.72,False,0,28,ecommerce,275.71,True,True,False,CREATE_ESCALATION,0.0
txn_959cb601849b,cust_e91ac8b2,2026-08-01 02:13:16.334955,3584.03,INR,netbanking,failed,insufficient_funds,Customer account has insufficient balance.,586,1,5,4,3698.52,False,1,8,enterprise,3623.48,True,False,False,CREATE_ESCALATION,0.0
txn_a53fc6aa6cc7,cust_549d5a84,2026-08-23 16:53:16.362097,16817.45,INR,upi,failed,fraud_suspected,Transaction flagged by risk engine.,119,27,2,2,15383.09,True,1,14,high_value,16901.53,True,True,False,STOP_AUTOMATION,0.0
txn_8d52186d8a7f,cust_9ae49830,2026-08-19 23:15:16.289365,912.28,INR,netbanking,failed,insufficient_funds,Customer account has insufficient balance.,325,31,1,0,1367.13,True,0,9,ecommerce,914.3,True,True,False,CREATE_ESCALATION,0.0
txn_f40723cc2b12,cust_50acbe74,2026-08-19 12:44:16.269812,2249.57,USD,card,failed,authentication_failed,OTP or 3D secure authentication failed.,588,45,3,0,4474.51,True,0,5,enterprise,2341.76,True,True,True,RETRY_PAYMENT,2249.57
txn_b7f0d59660fc,cust_006aedc8,2026-08-01 16:46:16.305956,2513.25,INR,card,failed,temporary_bank_failure,Bank is experiencing intermittent issues.,412,36,4,1,2043.06,True,0,10,mid_market,2556.65,True,True,False,CREATE_ESCALATION,0.0
txn_7b80cf6e28ab,cust_e513efb0,2026-08-23 16:52:16.361096,1379.83,INR,upi,failed,insufficient_funds,Customer account has insufficient balance.,900,44,5,2,1032.05,False,1,7,mid_market,1408.75,True,True,True,SEND_RECOVERY_MESSAGE,1379.83
txn_8ac12cab4c56,cust_429cb953,2026-08-02 21:27:16.273812,325.24,INR,card,failed,fraud_suspected,Transaction flagged by risk engine.,469,23,2,0,519.47,False,3,6,smb_saas,421.2,True,True,False,STOP_AUTOMATION,0.0
txn_083319b621ba,cust_7af23416,2026-08-23 21:15:16.363096,1123.1,USD,card,failed,authentication_failed,OTP or 3D secure authentication failed.,629,0,1,0,1242.2,False,3,-1,mid_market,1203.29,True,True,False,CREATE_ESCALATION,0.0
txn_02068e5de42e,cust_fb19fa88,2026-08-25 03:21:16.367097,121.75,INR,netbanking,failed,bank_timeout,Issuing bank did not respond in time.,266,44,1,0,239.19,False,2,6,smb_saas,195.76,True,True,True,WAIT_AND_RETRY,121.75
txn_589c5d215a3b,cust_590c8ac8,2026-08-08 06:54:16.353498,581.73,INR,card,failed,insufficient_funds,Customer account has insufficient balance.,720,20,2,0,1014.5,False,0,9,ecommerce,641.28,True,True,True,SEND_RECOVERY_MESSAGE,581.73
txn_491ab3b1cd95,cust_5e97f6a0,2026-08-11 08:29:16.314954,319.71,INR,wallet,failed,limit_exceeded,Transaction exceeds customer limits.,19,48,3,0,589.49,False,1,7,smb_saas,388.06,True,True,False,CREATE_ESCALATION,0.0
txn_92fb76e61912,cust_db876461,2026-08-03 18:35:16.351955,13041.23,INR,netbanking,failed,bank_timeout,Issuing bank did not respond in time.,256,1,0,0,6717.21,False,0,26,enterprise,13095.62,True,True,False,CREATE_ESCALATION,0.0
txn_3f2d681f78d2,cust_6255d34a,2026-07-29 06:04:16.284812,2645.01,INR,wallet,failed,limit_exceeded,Transaction exceeds customer limits.,298,45,0,0,1656.12,False,3,26,mid_market,2716.99,True,True,False,CREATE_ESCALATION,0.0
txn_fac0689bebed,cust_63aa4c79,2026-07-30 17:54:16.291365,181.28,INR,wallet,failed,insufficient_funds,Customer account has insufficient balance.,591,3,2,0,123.17,False,3,14,smb_saas,242.16,True,True,True,SEND_RECOVERY_MESSAGE,181.28
txn_a396d6bfb97c,cust_63c183c8,2026-08-21 15:54:16.283812,282.58,INR,netbanking,failed,bank_timeout,Issuing bank did not respond in time.,727,11,2,2,170.01,True,0,6,smb_saas,358.15,True,True,True,WAIT_AND_RETRY,282.58
txn_68ed43fe132a,cust_470e1250,2026-08-21 11:57:16.306955,6202.98,INR,wallet,failed,temporary_bank_failure,Bank is experiencing intermittent issues.,599,41,2,1,8927.45,False,2,0,mid_market,6288.89,True,True,False,CREATE_ESCALATION,0.0
txn_6379a7af5613,cust_00247240,2026-08-09 12:11:16.297955,64.43,INR,netbanking,failed,temporary_bank_failure,Bank is experiencing intermittent issues.,170,41,3,2,47.4,True,3,23,smb_saas,159.48,True,True,True,WAIT_AND_RETRY,64.43
txn_8e9bf01aa47d,cust_12f23e10,2026-08-09 20:28:16.241825,289.02,INR,card,failed,authentication_failed,OTP or 3D secure authentication failed.,793,17,4,3,401.63,True,1,29,smb_saas,319.08,True,True,False,CREATE_ESCALATION,0.0
txn_08f3eca4f734,cust_27caead6,2026-07-26 05:37:16.253632,253.72,INR,wallet,failed,insufficient_funds,Customer account has insufficient balance.,251,29,5,5,436.03,False,1,26,smb_saas,315.96,True,True,False,CREATE_ESCALATION,0.0
txn_0c74bb682d4a,cust_981c825e,2026-08-10 17:41:16.319954,4043.35,INR,upi,failed,insufficient_funds,Customer account has insufficient balance.,400,29,4,1,2562.39,False,3,8,mid_market,4059.12,True,True,False,CREATE_ESCALATION,0.0
txn_dcafc97582ef,cust_80191ff1,2026-08-08 21:10:16.350954,1509.43,INR,netbanking,failed,temporary_bank_failure,Bank is experiencing intermittent issues.,920,44,0,0,1714.09,False,0,15,ecommerce,1539.21,True,True,True,WAIT_AND_RETRY,1509.43
txn_1a8babfb42a4,cust_07fe271a,2026-08-04 21:29:16.320954,1605.49,INR,card,failed,fraud_suspected,Transaction flagged by risk engine.,368,16,2,0,2418.91,True,2,1,ecommerce,1623.01,True,True,False,STOP_AUTOMATION,0.0
txn_50172925674b,cust_e5f9ccf1,2026-08-15 16:26:16.222629,2042.92,USD,upi,failed,insufficient_funds,Customer account has insufficient balance.,48,15,3,0,2417.03,False,1,22,mid_market,2112.56,True,True,True,SEND_RECOVERY_MESSAGE,2042.92
txn_fcb8eedb508b,cust_9b4efe24,2026-08-10 11:49:16.246043,1939.62,INR,upi,failed,insufficient_funds,Customer account has insufficient balance.,759,38,4,0,2244.42,False,3,0,mid_market,2010.46,True,True,False,CREATE_ESCALATION,0.0
txn_817584b8c2fa,cust_f57cfefa,2026-07-28 10:54:16.301954,316.02,INR,netbanking,failed,temporary_bank_failure,Bank is experiencing intermittent issues.,685,21,4,4,166.1,False,1,16,ecommerce,345.49,True,True,True,WAIT_AND_RETRY,316.02
txn_e73e57b3ecdf,cust_17560d2a,2026-08-24 00:54:16.337954,4366.77,INR,netbanking,failed,insufficient_funds,Customer account has insufficient balance.,208,16,4,3,5179.88,False,1,6,enterprise,4405.17,True,True,True,SEND_RECOVERY_MESSAGE,4366.77
txn_07b8911f4ce3,cust_a7f8f47d,2026-07-29 04:54:16.337954,6557.86,USD,card,failed,insufficient_funds,Customer account has insufficient balance.,702,47,4,4,10033.48,False,0,18,high_value,6583.72,True,True,False,CREATE_ESCALATION,0.0
txn_1aca13c0019a,cust_e6689ce8,2026-08-09 20:33:16.274812,7354.81,INR,netbanking,failed,insufficient_funds,Customer account has insufficient balance.,734,28,2,2,3753.58,False,0,22,enterprise,7446.62,True,False,True,SEND_RECOVERY_MESSAGE,7354.81
txn_9b86c8c5a641,cust_5edb94da,2026-08-22 08:09:16.307955,87.51,INR,wallet,failed,authentication_failed,OTP or 3D secure authentication failed.,452,31,4,4,150.05,False,0,21,smb_saas,99.98,True,True,False,CREATE_ESCALATION,0.0
txn_be315a4b45e1,cust_43cd5f99,2026-08-23 04:03:16.329954,1987.67,INR,card,failed,bank_timeout,Issuing bank did not respond in time.,528,48,0,0,1855.43,False,1,8,ecommerce,1998.61,True,True,True,WAIT_AND_RETRY,1987.67
txn_7da3b86d3e67,cust_75e9cc13,2026-08-04 17:26:16.270823,696.42,USD,card,failed,insufficient_funds,Customer account has insufficient balance.,861,17,4,2,1170.99,False,1,13,ecommerce,768.3,True,True,False,CREATE_ESCALATION,0.0
txn_334ca8e92405,cust_740c0117,2026-07-26 03:16:16.236825,5588.32,USD,wallet,failed,fraud_suspected,Transaction flagged by risk engine.,732,8,2,1,7000.98,False,3,4,high_value,5599.29,True,True,False,STOP_AUTOMATION,0.0
txn_8654ca48c843,cust_43d6b574,2026-08-12 15:33:16.238825,148.31,INR,card,failed,insufficient_funds,Customer account has insufficient balance.,660,50,4,0,276.96,True,3,1,smb_saas,237.89,True,False,True,SEND_RECOVERY_MESSAGE,148.31
txn_f3f9686b815e,cust_63c012b4,2026-08-01 01:16:16.262223,6411.17,INR,card,failed,insufficient_funds,Customer account has insufficient balance.,266,27,2,2,9540.2,False,3,12,mid_market,6472.43,True,True,False,CREATE_ESCALATION,0.0
txn_43e81ac6e0f8,cust_66a0d791,2026-07-27 08:00:16.277813,515.33,USD,card,failed,authentication_failed,OTP or 3D secure authentication failed.,816,50,1,0,297.45,False,2,3,smb_saas,554.45,True,True,True,RETRY_PAYMENT,515.33
txn_678cce0f48ba,cust_a108536f,2026-08-24 01:44:16.286812,58.21,INR,netbanking,failed,limit_exceeded,Transaction exceeds customer limits.,684,11,2,1,85.59,False,3,12,smb_saas,128.44,True,True,True,RETRY_PAYMENT,58.21
txn_f4890046d358,cust_9c7d6aae,2026-08-07 05:07:16.367097,9540.9,INR,upi,failed,bank_timeout,Issuing bank did not respond in time.,45,35,1,0,5749.14,False,1,22,enterprise,9619.3,True,False,True,WAIT_AND_RETRY,9540.9
txn_7d5960504660,cust_dc669109,2026-08-13 18:21:16.367097,1125.45,INR,wallet,failed,authentication_failed,OTP or 3D secure authentication failed.,725,27,0,0,1953.86,True,3,11,ecommerce,1209.18,True,True,False,CREATE_ESCALATION,0.0
txn_291976c00a66,cust_0dcad8ca,2026-07-31 04:09:16.252632,7170.74,INR,netbanking,failed,temporary_bank_failure,Bank is experiencing intermittent issues.,370,15,3,2,9655.23,False,2,12,mid_market,7209.41,True,True,False,CREATE_ESCALATION,0.0
txn_57ed578b657a,cust_efaccaf5,2026-07-31 12:40:16.253632,472.84,INR,netbanking,failed,bank_timeout,Issuing bank did not respond in time.,905,40,4,3,361.98,False,1,13,ecommerce,528.05,True,False,True,WAIT_AND_RETRY,472.84
txn_5a7b5cb832db,cust_9f0e714b,2026-08-14 10:56:16.233825,200.09,INR,wallet,failed,insufficient_funds,Customer account has insufficient balance.,187,25,0,0,224.98,False,2,18,mid_market,272.5,True,True,True,SEND_RECOVERY_MESSAGE,200.09
txn_d2d598b53d0d,cust_a98c21cf,2026-08-08 08:36:16.285813,7911.74,INR,upi,failed,insufficient_funds,Customer account has insufficient balance.,683,9,1,0,11175.56,True,1,11,mid_market,8006.79,True,True,True,SEND_RECOVERY_MESSAGE,7911.74
txn_498adb4e67c5,cust_2d5498b4,2026-07-29 18:01:16.311954,264.52,INR,card,failed,authentication_failed,OTP or 3D secure authentication failed.,527,11,1,0,362.5,True,1,20,smb_saas,276.02,True,True,False,CREATE_ESCALATION,0.0
txn_4f87cd9a2b77,cust_8ec470de,2026-07-29 11:31:16.293365,179.31,INR,wallet,failed,insufficient_funds,Customer account has insufficient balance.,47,4,1,0,231.0,True,2,2,smb_saas,198.15,True,True,False,CREATE_ESCALATION,0.0
txn_1b92821c7cbc,cust_cfd933bc,2026-08-07 20:02:16.261223,8393.53,INR,wallet,failed,bank_timeout,Issuing bank did not respond in time.,39,4,2,2,5344.26,False,2,18,mid_market,8458.98,True,True,True,WAIT_AND_RETRY,8393.53
txn_81b34ba790aa,cust_3bd45097,2026-07-30 02:36:16.348954,2068.1,INR,upi,failed,temporary_bank_failure,Bank is experiencing intermittent issues.,314,30,3,0,1403.25,True,0,15,mid_market,2097.78,True,True,True,WAIT_AND_RETRY,2068.1
txn_6c6742e15c4a,cust_6b8150c3,2026-08-07 03:27:16.277813,178.82,INR,card,failed,temporary_bank_failure,Bank is experiencing intermittent issues.,2,6,4,0,224.85,False,3,19,smb_saas,268.19,True,True,True,WAIT_AND_RETRY,178.82
txn_3eb42d51bba0,cust_1f4d1a60,2026-08-25 06:53:16.317954,1216.64,USD,netbanking,failed,bank_timeout,Issuing bank did not respond in time.,90,30,5,0,2277.0,True,0,24,ecommerce,1244.92,True,True,True,WAIT_AND_RETRY,1216.64
txn_19af50b31992,cust_567bcbbd,2026-07-31 08:48:16.322954,251.35,INR,card,failed,fraud_suspected,Transaction flagged by risk engine.,275,0,0,0,399.52,False,0,-1,smb_saas,317.82,True,True,False,STOP_AUTOMATION,0.0
txn_476454a4535a,cust_00a91083,2026-08-02 07:19:16.344954,47.4,INR,netbanking,failed,limit_exceeded,Transaction exceeds customer limits.,17,0,5,3,74.08,False,1,-1,ecommerce,47.62,True,True,False,CREATE_ESCALATION,0.0
txn_0c2dc2f995dc,cust_c360734c,2026-08-15 05:29:16.360096,100.0,INR,netbanking,failed,authentication_failed,OTP or 3D secure authentication failed.,243,26,2,2,185.6,False,2,28,mid_market,147.03,True,True,False,CREATE_ESCALATION,0.0
txn_9812ce03c71f,cust_34334be4,2026-07-29 17:50:16.238825,1140.02,INR,card,failed,insufficient_funds,Customer account has insufficient balance.,705,39,3,2,1764.75,False,3,3,mid_market,1152.65,True,True,False,CREATE_ESCALATION,0.0
txn_c1abd615b0ea,cust_d610a31f,2026-08-07 21:42:16.322954,334.41,INR,netbanking,failed,insufficient_funds,Customer account has insufficient balance.,885,50,4,1,630.93,False,3,16,smb_saas,371.29,True,True,False,CREATE_ESCALATION,0.0
txn_b5fe38cdc4d8,cust_2b021406,2026-08-07 09:29:16.310954,30.45,INR,wallet,failed,insufficient_funds,Customer account has insufficient balance.,738,21,4,4,57.34,False,3,5,smb_saas,129.05,True,True,False,CREATE_ESCALATION,0.0
txn_a769e590608b,cust_b9e50f46,2026-08-21 20:16:16.245005,1412.37,INR,card,failed,limit_exceeded,Transaction exceeds customer limits.,781,40,0,0,748.12,False,3,29,ecommerce,1469.52,True,True,False,CREATE_ESCALATION,0.0
txn_fdde8e382fa4,cust_9abdc821,2026-07-30 12:39:16.235826,276.77,INR,upi,failed,insufficient_funds,Customer account has insufficient balance.,181,38,1,1,256.85,False,1,8,smb_saas,363.01,True,True,False,CREATE_ESCALATION,0.0
txn_8423e872cf5d,cust_991ac422,2026-08-09 08:04:16.317954,3710.07,INR,netbanking,failed,insufficient_funds,Customer account has insufficient balance.,141,19,4,3,6119.12,False,1,1,mid_market,3732.77,True,True,True,SEND_RECOVERY_MESSAGE,3710.07
txn_72df2f146dc2,cust_c9880f29,2026-07-27 00:09:16.270823,395.43,USD,wallet,failed,authentication_failed,OTP or 3D secure authentication failed.,371,1,5,1,204.73,True,2,21,smb_saas,424.34,True,True,False,CREATE_ESCALATION,0.0
txn_b30d54e167fa,cust_b2f98dfe,2026-08-19 15:01:16.256176,559.56,INR,card,failed,insufficient_funds,Customer account has insufficient balance.,39,50,3,3,742.66,False,2,12,ecommerce,626.2,True,True,False,CREATE_ESCALATION,0.0
txn_50c82ab2461e,cust_4b3e40a3,2026-08-24 22:51:16.351955,456.07,INR,wallet,failed,fraud_suspected,Transaction flagged by risk engine.,898,10,4,3,487.1,False,1,28,ecommerce,507.27,True,True,False,STOP_AUTOMATION,0.0
txn_2d33c6ee54e8,cust_f77762df,2026-08-04 07:41:16.323954,403.66,INR,upi,failed,authentication_failed,OTP or 3D secure authentication failed.,572,47,3,0,287.14,False,2,24,ecommerce,455.78,True,True,False,CREATE_ESCALATION,0.0
txn_cf1700044bb5,cust_eea40ec6,2026-08-09 20:54:16.329954,2570.71,USD,wallet,failed,insufficient_funds,Customer account has insufficient balance.,76,25,0,0,4041.8,False,3,7,mid_market,2644.3,True,False,True,SEND_RECOVERY_MESSAGE,2570.71
txn_b6259a060c2e,cust_1d0e9a83,2026-07-27 18:29:16.234825,14189.88,INR,card,failed,temporary_bank_failure,Bank is experiencing intermittent issues.,453,3,2,2,20423.18,True,0,17,enterprise,14195.1,True,True,True,WAIT_AND_RETRY,14189.88
txn_7a8b0d8ee59f,cust_d0c96625,2026-08-06 11:04:16.260223,1133.83,INR,upi,failed,temporary_bank_failure,Bank is experiencing intermittent issues.,363,33,4,1,1131.77,True,0,14,mid_market,1152.95,True,True,True,WAIT_AND_RETRY,1133.83
txn_61f5b767ab20,cust_2b50db72,2026-07-27 00:58:16.273812,2583.62,USD,wallet,failed,temporary_bank_failure,Bank is experiencing intermittent issues.,686,30,2,2,3906.53,False,3,14,mid_market,2584.09,True,True,True,WAIT_AND_RETRY,2583.62
txn_6e05e60e9691,cust_ee0692fb,2026-07-31 18:47:16.362097,6804.96,INR,upi,failed,temporary_bank_failure,Bank is experiencing intermittent issues.,773,48,4,0,8993.51,True,3,18,enterprise,6812.59,True,True,True,WAIT_AND_RETRY,6804.96
txn_1cf49ceac7e8,cust_ddf12875,2026-08-13 15:36:16.308955,6360.0,INR,card,failed,insufficient_funds,Customer account has insufficient balance.,297,5,2,1,4258.77,False,2,16,high_value,6436.05,True,False,False,CREATE_ESCALATION,0.0
txn_8f9c2ab08e8a,cust_f6e5de8b,2026-08-14 09:32:16.350954,190.25,INR,card,failed,insufficient_funds,Customer account has insufficient balance.,473,6,1,0,120.34,False,2,20,smb_saas,203.62,True,False,False,CREATE_ESCALATION,0.0
txn_b5686f6115c1,cust_ed316583,2026-08-02 05:29:16.264223,543.16,INR,card,failed,insufficient_funds,Customer account has insufficient balance.,860,13,4,4,799.75,False,0,12,ecommerce,596.2,True,False,False,CREATE_ESCALATION,0.0
txn_a7b14792ab6b,cust_600ffd52,2026-08-22 06:16:16.345955,4507.11,USD,wallet,failed,authentication_failed,OTP or 3D secure authentication failed.,195,38,0,0,8724.84,True,2,21,mid_market,4510.83,True,True,False,CREATE_ESCALATION,0.0
txn_abab7ba15cc9,cust_5c35448a,2026-08-14 03:40:16.266812,1400.57,INR,netbanking,failed,temporary_bank_failure,Bank is experiencing intermittent issues.,358,35,0,0,1721.27,False,3,11,mid_market,1493.37,True,True,True,WAIT_AND_RETRY,1400.57
txn_a0c4f4f6c2ff,cust_069148d9,2026-07-29 02:19:16.268812,36.41,USD,card,failed,bank_timeout,Issuing bank did not respond in time.,821,7,1,0,49.83,False,2,24,smb_saas,63.95,True,True,True,WAIT_AND_RETRY,36.41
txn_d5fecf1d956a,cust_c3f57f2e,2026-08-20 04:20:16.293365,514.23,INR,upi,failed,authentication_failed,OTP or 3D secure authentication failed.,251,49,3,1,444.53,False,1,1,ecommerce,558.1,True,True,False,CREATE_ESCALATION,0.0
txn_8d75f36287e7,cust_9220f0eb,2026-08-23 11:49:16.347954,8693.02,INR,netbanking,failed,authentication_failed,OTP or 3D secure authentication failed.,93,26,0,0,9916.26,False,2,26,enterprise,8750.35,True,False,True,RETRY_PAYMENT,8693.02
txn_3c0c5cea5bc3,cust_4d124457,2026-08-07 02:48:16.239825,321.36,INR,wallet,failed,authentication_failed,OTP or 3D secure authentication failed.,436,9,0,0,381.01,False,0,18,smb_saas,351.64,True,True,False,CREATE_ESCALATION,0.0
txn_9f626c815d58,cust_e51cc3e8,2026-08-20 02:27:16.251632,747.31,INR,netbanking,failed,insufficient_funds,Customer account has insufficient balance.,92,31,4,4,578.53,False,3,7,ecommerce,756.32,True,False,True,SEND_RECOVERY_MESSAGE,747.31
txn_73bb67ba6cbc,cust_7131d5f4,2026-08-25 13:30:16.232825,2124.31,USD,wallet,failed,bank_timeout,Issuing bank did not respond in time.,212,9,5,2,2728.95,False,1,19,mid_market,2193.48,True,True,False,CREATE_ESCALATION,0.0
txn_29d04e888c8b,cust_8f8c6b0b,2026-07-28 18:43:16.311954,3866.15,INR,upi,failed,temporary_bank_failure,Bank is experiencing intermittent issues.,672,39,1,1,4044.31,False,0,15,enterprise,3911.16,True,True,True,WAIT_AND_RETRY,3866.15
txn_f2ccefe3bd83,cust_77b4445e,2026-08-08 12:14:16.365098,170.5,INR,wallet,failed,fraud_suspected,Transaction flagged by risk engine.,686,15,3,1,228.84,False,1,8,smb_saas,233.15,True,True,False,STOP_AUTOMATION,0.0
txn_51d8b581095d,cust_0642e194,2026-08-24 00:18:16.366097,18637.91,INR,upi,failed,bank_timeout,Issuing bank did not respond in time.,641,20,2,1,25426.73,False,0,14,high_value,18737.83,True,True,False,CREATE_ESCALATION,0.0
txn_ce6ce7299ae3,cust_eba6998c,2026-07-29 19:07:16.328954,660.36,INR,card,failed,bank_timeout,Issuing bank did not respond in time.,165,21,0,0,609.73,True,2,23,smb_saas,738.02,True,True,True,WAIT_AND_RETRY,660.36
txn_b92d46b66f2e,cust_6915ad28,2026-08-15 03:48:16.247585,3623.77,INR,card,failed,authentication_failed,OTP or 3D secure authentication failed.,485,31,4,4,5757.65,False,0,25,mid_market,3707.29,True,True,True,RETRY_PAYMENT,3623.77
txn_04f5c394e147,cust_db684847,2026-08-02 21:15:16.300954,6006.7,INR,netbanking,failed,insufficient_funds,Customer account has insufficient balance.,174,14,2,1,3927.29,False,2,3,mid_market,6077.91,True,True,True,SEND_RECOVERY_MESSAGE,6006.7
txn_de9da30ceae6,cust_4395f259,2026-08-11 23:40:16.320954,591.16,INR,card,failed,insufficient_funds,Customer account has insufficient balance.,634,34,1,1,903.66,True,3,8,smb_saas,629.82,True,True,True,SEND_RECOVERY_MESSAGE,591.16
txn_c797ca7aca60,cust_4241132c,2026-08-12 23:23:16.267812,708.95,USD,wallet,failed,bank_timeout,Issuing bank did not respond in time.,501,46,5,1,1390.46,True,2,22,ecommerce,740.88,True,True,True,WAIT_AND_RETRY,708.95
txn_81bb1bab4530,cust_a4b1bcdc,2026-08-21 11:22:16.246043,2031.24,USD,upi,failed,authentication_failed,OTP or 3D secure authentication failed.,728,7,5,1,1509.48,False,0,2,mid_market,2129.53,True,True,True,RETRY_PAYMENT,2031.24
txn_d7af6f99995f,cust_e1b2f0dd,2026-08-23 09:25:16.230826,16189.09,INR,card,failed,insufficient_funds,Customer account has insufficient balance.,138,7,5,2,16088.92,False,1,22,enterprise,16210.0,True,True,False,CREATE_ESCALATION,0.0
txn_9d97faff00a7,cust_a34e62fa,2026-08-24 23:28:16.321954,5474.79,INR,wallet,failed,insufficient_funds,Customer account has insufficient balance.,876,32,1,1,9645.15,False,2,23,enterprise,5490.38,True,True,False,CREATE_ESCALATION,0.0
txn_50a68849f474,cust_5f7c4d50,2026-07-26 05:28:16.258223,6565.02,INR,netbanking,failed,fraud_suspected,Transaction flagged by risk engine.,31,42,0,0,4733.1,False,2,30,mid_market,6621.51,True,True,False,STOP_AUTOMATION,0.0
txn_0ea5e394a8fb,cust_433d167b,2026-08-13 03:21:16.282812,19.93,INR,wallet,failed,insufficient_funds,Customer account has insufficient balance.,793,16,4,1,39.47,False,3,15,smb_saas,20.03,True,True,False,CREATE_ESCALATION,0.0
txn_f6174ff2436b,cust_9ea0d8eb,2026-08-19 02:46:16.327954,1504.6,INR,upi,failed,authentication_failed,OTP or 3D secure authentication failed.,228,31,3,1,1345.64,True,2,23,ecommerce,1596.23,True,True,False,CREATE_ESCALATION,0.0
txn_a1f394118888,cust_013bb381,2026-08-17 11:26:16.348954,423.39,INR,upi,failed,temporary_bank_failure,Bank is experiencing intermittent issues.,422,37,0,0,491.97,False,1,0,ecommerce,428.51,True,True,True,WAIT_AND_RETRY,423.39
txn_fad22022994a,cust_663d7197,2026-08-24 20:46:16.335955,1152.51,USD,card,failed,insufficient_funds,Customer account has insufficient balance.,580,1,4,0,1789.91,False,0,21,mid_market,1183.22,True,True,False,CREATE_ESCALATION,0.0
txn_6889948007c7,cust_d6fa83a0,2026-08-24 18:45:16.250632,252.23,INR,card,failed,limit_exceeded,Transaction exceeds customer limits.,185,12,3,0,239.45,False,0,29,smb_saas,268.01,True,True,False,CREATE_ESCALATION,0.0
txn_7d09c4d5bbc2,cust_a47d95ee,2026-08-12 13:37:16.300954,119.42,INR,netbanking,failed,insufficient_funds,Customer account has insufficient balance.,748,26,2,0,95.59,False,3,3,smb_saas,198.09,True,True,False,CREATE_ESCALATION,0.0
txn_f7d9a38b270d,cust_dc895bef,2026-08-22 05:10:16.326954,1605.54,USD,wallet,failed,authentication_failed,OTP or 3D secure authentication failed.,14,25,1,0,1724.77,False,3,3,ecommerce,1650.3,True,True,True,RETRY_PAYMENT,1605.54
txn_4af840449b3b,cust_ef6f7ef8,2026-08-10 17:30:16.367097,2284.99,INR,netbanking,failed,authentication_failed,OTP or 3D secure authentication failed.,6,18,3,2,3986.97,False,2,11,ecommerce,2316.78,True,True,False,CREATE_ESCALATION,0.0
txn_0be7194821d6,cust_4cfa5186,2026-08-23 20:11:16.298954,903.61,INR,netbanking,failed,authentication_failed,OTP or 3D secure authentication failed.,145,21,3,2,1389.56,True,2,4,ecommerce,963.38,True,True,False,CREATE_ESCALATION,0.0
txn_eaaa6215dc9e,cust_fc536878,2026-07-31 06:02:16.362097,3726.22,INR,card,failed,limit_exceeded,Transaction exceeds customer limits.,666,27,3,2,3446.08,False,3,18,mid_market,3737.77,True,True,False,CREATE_ESCALATION,0.0
txn_997a7acf02d7,cust_8e1f9514,2026-08-02 12:41:16.362097,434.32,USD,netbanking,failed,insufficient_funds,Customer account has insufficient balance.,767,2,3,0,333.42,False,3,15,smb_saas,533.03,True,True,True,SEND_RECOVERY_MESSAGE,434.32
txn_74ff1ed7903f,cust_0eff8013,2026-08-12 22:16:16.349954,1286.22,INR,netbanking,failed,bank_timeout,Issuing bank did not respond in time.,931,21,5,0,1062.42,False,2,12,ecommerce,1336.74,True,True,False,CREATE_ESCALATION,0.0
txn_048670745161,cust_620da702,2026-08-06 06:09:16.335955,5000.0,INR,wallet,failed,authentication_failed,OTP or 3D secure authentication failed.,500,38,4,2,4154.4,False,1,5,high_value,5048.53,True,False,True,RETRY_PAYMENT,5000.0
txn_1546e7417ef7,cust_6fd699d4,2026-08-13 04:08:16.223629,10384.42,INR,upi,failed,limit_exceeded,Transaction exceeds customer limits.,671,6,3,3,19819.49,True,2,6,enterprise,10428.76,True,False,False,CREATE_ESCALATION,0.0
txn_16cfc76b1046,cust_0e143c3d,2026-08-24 21:51:16.360096,176.69,INR,wallet,failed,limit_exceeded,Transaction exceeds customer limits.,692,38,0,0,284.05,False,3,2,ecommerce,201.33,True,False,True,RETRY_PAYMENT,176.69
txn_40d4a9c7f948,cust_b88fff83,2026-08-23 12:44:16.343954,118.28,INR,upi,failed,insufficient_funds,Customer account has insufficient balance.,1000,36,0,0,99.37,False,3,15,smb_saas,130.15,True,False,False,CREATE_ESCALATION,0.0
txn_ef0f4f90dce6,cust_900f7904,2026-07-27 23:23:16.340954,679.7,INR,card,failed,insufficient_funds,Customer account has insufficient balance.,300,47,1,0,470.14,False,1,24,ecommerce,683.43,True,True,True,SEND_RECOVERY_MESSAGE,679.7
txn_a9a9879eca20,cust_c6b3388b,2026-07-30 07:14:16.367097,4183.49,INR,upi,failed,authentication_failed,OTP or 3D secure authentication failed.,282,12,5,5,5730.34,False,1,30,enterprise,4194.13,True,True,False,CREATE_ESCALATION,0.0
txn_65502341039e,cust_40769d5f,2026-07-27 03:08:16.290365,94.57,INR,card,failed,bank_timeout,Issuing bank did not respond in time.,164,11,4,1,89.76,False,2,6,smb_saas,95.64,True,True,True,WAIT_AND_RETRY,94.57
txn_eb679709dccc,cust_e672a7b4,2026-08-17 18:35:16.278812,37.8,INR,wallet,failed,insufficient_funds,Customer account has insufficient balance.,376,6,0,0,50.22,True,0,30,smb_saas,50.08,True,True,True,SEND_RECOVERY_MESSAGE,37.8
txn_3afd6f42f584,cust_f5a14118,2026-08-15 15:14:16.241825,739.09,INR,wallet,failed,authentication_failed,OTP or 3D secure authentication failed.,56,19,3,2,1192.22,True,3,16,ecommerce,776.37,True,True,True,RETRY_PAYMENT,739.09
txn_0f4b7e3de213,cust_f2f12e99,2026-07-28 18:00:16.328954,851.37,INR,wallet,failed,bank_timeout,Issuing bank did not respond in time.,183,49,0,0,1459.96,True,0,6,mid_market,946.04,True,True,True,WAIT_AND_RETRY,851.37
txn_86b69f16b0d9,cust_be061743,2026-08-16 00:41:16.332954,816.25,INR,card,failed,limit_exceeded,Transaction exceeds customer limits.,785,12,3,2,764.23,False,0,22,ecommerce,910.39,True,True,True,RETRY_PAYMENT,816.25
txn_8976158f31ee,cust_0b9ae561,2026-07-27 22:45:16.333954,6914.99,INR,card,failed,authentication_failed,OTP or 3D secure authentication failed.,386,9,4,2,10469.27,False,2,2,enterprise,6942.11,True,True,False,CREATE_ESCALATION,0.0
txn_18ddae635b71,cust_2d404191,2026-08-09 21:30:16.344954,849.32,INR,upi,failed,insufficient_funds,Customer account has insufficient balance.,445,39,5,0,1134.13,False,1,4,mid_market,907.93,True,True,False,CREATE_ESCALATION,0.0
txn_7c5f0c3a9e68,cust_897b3a9f,2026-08-04 12:12:16.266812,8730.38,INR,netbanking,failed,authentication_failed,OTP or 3D secure authentication failed.,92,10,3,1,9823.23,True,2,12,enterprise,8778.15,True,True,True,RETRY_PAYMENT,8730.38
txn_bf129a450eba,cust_62e249fc,2026-08-08 21:10:16.275813,2144.76,INR,netbanking,failed,insufficient_funds,Customer account has insufficient balance.,30,24,5,1,2576.98,False,3,24,enterprise,2215.51,True,True,False,CREATE_ESCALATION,0.0
txn_28ccc5579c54,cust_0173962f,2026-08-17 03:58:16.320954,11216.29,INR,netbanking,failed,bank_timeout,Issuing bank did not respond in time.,203,16,5,3,19044.98,False,2,16,enterprise,11231.85,True,True,True,WAIT_AND_RETRY,11216.29
txn_0b23de5a7329,cust_fe5b4af0,2026-08-04 05:53:16.366097,22639.73,INR,upi,failed,authentication_failed,OTP or 3D secure authentication failed.,370,31,4,3,12604.29,True,0,8,enterprise,22664.16,True,True,False,CREATE_ESCALATION,0.0
txn_7525e5567002,cust_fb0b072c,2026-07-30 03:28:16.327954,864.49,USD,netbanking,failed,insufficient_funds,Customer account has insufficient balance.,820,12,0,0,1381.98,False,1,5,ecommerce,866.66,True,True,True,SEND_RECOVERY_MESSAGE,864.49
txn_d61fa17fc8d5,cust_6954a03b,2026-07-30 15:39:16.332954,1638.31,INR,wallet,failed,fraud_suspected,Transaction flagged by risk engine.,491,17,0,0,3047.79,False,3,13,mid_market,1686.88,True,True,False,STOP_AUTOMATION,0.0
txn_c9c53e0f575c,cust_467e103a,2026-08-15 10:46:16.365098,4541.82,INR,netbanking,failed,bank_timeout,Issuing bank did not respond in time.,80,27,4,3,9083.43,True,0,25,mid_market,4597.47,True,True,True,WAIT_AND_RETRY,4541.82
txn_c68316ca2f66,cust_46f1e7ee,2026-08-15 23:24:16.233825,1766.82,INR,upi,failed,insufficient_funds,Customer account has insufficient balance.,334,2,3,3,2388.87,False,2,0,mid_market,1836.42,True,True,False,CREATE_ESCALATION,0.0
txn_0bb774915bd4,cust_9996b15a,2026-08-01 04:14:16.328954,120.4,USD,card,failed,bank_timeout,Issuing bank did not respond in time.,6,26,1,1,64.89,False,2,13,smb_saas,190.88,True,True,True,WAIT_AND_RETRY,120.4
txn_e00e85d31623,cust_6486d089,2026-07-26 00:47:16.227825,1861.44,INR,wallet,failed,limit_exceeded,Transaction exceeds customer limits.,934,40,5,5,2739.01,False,1,24,mid_market,1933.93,True,True,False,CREATE_ESCALATION,0.0
txn_dc31462b72c7,cust_c569f8d5,2026-08-13 19:10:16.341954,653.44,INR,wallet,failed,insufficient_funds,Customer account has insufficient balance.,39,36,5,4,609.39,True,3,24,smb_saas,656.9,True,True,True,SEND_RECOVERY_MESSAGE,653.44
txn_4fe0f1d5de49,cust_ebf51ab6,2026-08-22 10:17:16.261223,871.59,INR,card,failed,authentication_failed,OTP or 3D secure authentication failed.,144,24,5,2,1186.03,True,0,9,ecommerce,911.41,True,True,False,CREATE_ESCALATION,0.0
txn_6b3ce996953e,cust_806cfd86,2026-08-05 05:39:16.360096,216.67,INR,upi,failed,insufficient_funds,Customer account has insufficient balance.,537,35,4,0,417.88,False,3,19,smb_saas,255.72,True,True,False,CREATE_ESCALATION,0.0
txn_1663203fe873,cust_cae01722,2026-08-18 12:43:16.282812,1055.2,USD,netbanking,failed,insufficient_funds,Customer account has insufficient balance.,89,33,5,2,922.99,False,3,1,mid_market,1121.7,True,True,False,CREATE_ESCALATION,0.0
txn_0a1fc80be383,cust_c8532560,2026-08-15 05:56:16.253632,23.14,INR,card,failed,insufficient_funds,Customer account has insufficient balance.,260,26,3,3,13.92,False,3,25,smb_saas,68.77,True,False,True,SEND_RECOVERY_MESSAGE,23.14
txn_6ea7f7a6d253,cust_71c9ba47,2026-07-29 20:25:16.317954,429.62,INR,upi,failed,authentication_failed,OTP or 3D secure authentication failed.,763,18,2,1,783.41,False,2,1,ecommerce,522.02,True,False,False,CREATE_ESCALATION,0.0
txn_f1d17410f4c7,cust_8f566cd2,2026-07-30 20:25:16.325954,17577.96,INR,wallet,failed,insufficient_funds,Customer account has insufficient balance.,259,20,3,1,27967.54,False,1,29,high_value,17642.4,True,True,True,SEND_RECOVERY_MESSAGE,17577.96
txn_63a5b185eb18,cust_87b779d4,2026-08-09 21:15:16.277813,23.06,INR,netbanking,failed,authentication_failed,OTP or 3D secure authentication failed.,675,36,4,4,38.94,False,2,14,ecommerce,60.85,True,True,False,CREATE_ESCALATION,0.0
txn_c4c26b040f3b,cust_fb231622,2026-08-15 11:07:16.335955,311.57,INR,card,failed,authentication_failed,OTP or 3D secure authentication failed.,564,1,5,5,576.9,False,2,5,ecommerce,398.79,True,True,False,CREATE_ESCALATION,0.0
txn_5df5c8cebe6e,cust_30342e07,2026-08-12 13:17:16.226172,2587.0,INR,upi,failed,authentication_failed,OTP or 3D secure authentication failed.,502,18,1,0,2514.23,False,0,27,ecommerce,2622.9,True,True,True,RETRY_PAYMENT,2587.0
txn_400c9fcc9a5e,cust_febb089f,2026-08-09 18:50:16.336954,307.96,USD,wallet,failed,authentication_failed,OTP or 3D secure authentication failed.,985,24,2,0,440.98,False,0,11,smb_saas,332.24,True,False,True,RETRY_PAYMENT,307.96
txn_a91bd4f1e8e6,cust_2bbe06c0,2026-07-31 21:42:16.301954,193.13,INR,netbanking,failed,insufficient_funds,Customer account has insufficient balance.,831,19,1,0,178.78,False,0,24,smb_saas,252.71,True,True,True,SEND_RECOVERY_MESSAGE,193.13
txn_0d1ef874534e,cust_09c0d594,2026-08-20 14:27:16.313954,360.86,INR,card,failed,limit_exceeded,Transaction exceeds customer limits.,437,26,4,3,205.13,False,3,27,smb_saas,413.91,True,True,False,CREATE_ESCALATION,0.0
txn_a3030f744a76,cust_9a165d91,2026-08-06 00:09:16.317954,237.23,INR,wallet,failed,temporary_bank_failure,Bank is experiencing intermittent issues.,648,23,5,3,431.39,False,2,4,smb_saas,323.97,True,True,True,WAIT_AND_RETRY,237.23
txn_12b9c557a903,cust_9dd9c10b,2026-08-13 23:38:16.320954,96.65,INR,wallet,failed,limit_exceeded,Transaction exceeds customer limits.,360,26,3,1,75.26,True,3,29,smb_saas,130.18,True,True,False,CREATE_ESCALATION,0.0
txn_dabf816e04f2,cust_d927c54f,2026-07-27 23:50:16.245325,19.62,INR,card,failed,bank_timeout,Issuing bank did not respond in time.,157,13,0,0,29.76,True,3,13,smb_saas,102.67,True,True,True,WAIT_AND_RETRY,19.62
txn_2a564e46441d,cust_0d7574ec,2026-08-02 00:30:16.269812,1516.47,USD,upi,failed,limit_exceeded,Transaction exceeds customer limits.,158,30,5,3,2017.08,False,2,22,mid_market,1524.29,True,False,False,CREATE_ESCALATION,0.0
txn_255ee9d57017,cust_15f4aa1c,2026-08-06 01:12:16.279813,264.18,USD,netbanking,failed,limit_exceeded,Transaction exceeds customer limits.,485,12,1,0,461.53,False,0,7,ecommerce,309.17,True,True,False,CREATE_ESCALATION,0.0
txn_49059ce307da,cust_30468ce5,2026-08-01 22:28:16.224629,784.94,INR,card,failed,insufficient_funds,Customer account has insufficient balance.,452,20,3,1,878.69,True,3,27,ecommerce,869.78,True,True,False,CREATE_ESCALATION,0.0
txn_f2e7442ef600,cust_81735726,2026-08-24 23:38:16.347954,337.14,INR,upi,failed,limit_exceeded,Transaction exceeds customer limits.,661,21,2,2,559.52,False,3,6,ecommerce,436.14,True,True,False,CREATE_ESCALATION,0.0
txn_ab658ff59584,cust_4f64ebea,2026-07-26 02:03:16.328954,2380.87,INR,upi,failed,limit_exceeded,Transaction exceeds customer limits.,675,13,0,0,1577.53,True,0,25,mid_market,2430.22,True,True,False,CREATE_ESCALATION,0.0
txn_1e340edffa6d,cust_4ab6c705,2026-08-13 04:45:16.285813,1116.55,INR,wallet,failed,limit_exceeded,Transaction exceeds customer limits.,519,47,4,2,2070.91,False,3,3,ecommerce,1141.02,True,True,False,CREATE_ESCALATION,0.0
txn_cc68cf54e162,cust_374fee34,2026-07-30 10:52:16.294364,191.64,USD,wallet,failed,insufficient_funds,Customer account has insufficient balance.,50,34,5,0,339.54,False,1,28,ecommerce,217.11,True,True,False,CREATE_ESCALATION,0.0
txn_da969313a590,cust_165689b7,2026-07-27 07:40:16.325954,10.81,INR,netbanking,failed,limit_exceeded,Transaction exceeds customer limits.,962,11,1,0,18.8,False,3,0,smb_saas,48.51,True,True,False,CREATE_ESCALATION,0.0
txn_82b6fed33dd0,cust_c48bb401,2026-07-29 05:30:16.309954,1503.97,INR,card,failed,temporary_bank_failure,Bank is experiencing intermittent issues.,535,31,1,1,2485.4,False,0,16,mid_market,1514.53,True,True,True,WAIT_AND_RETRY,1503.97
txn_3338faf52f16,cust_48e91dce,2026-08-10 02:18:16.240825,1159.47,INR,upi,failed,insufficient_funds,Customer account has insufficient balance.,57,1,1,1,1765.77,False,3,1,ecommerce,1198.18,True,True,True,SEND_RECOVERY_MESSAGE,1159.47
txn_e7bcff4d6e6f,cust_3fe1ea2a,2026-07-26 00:05:16.328954,13065.61,USD,wallet,failed,authentication_failed,OTP or 3D secure authentication failed.,488,10,3,3,7365.32,True,1,28,high_value,13119.96,True,True,True,RETRY_PAYMENT,13065.61
txn_56982b963bc1,cust_c7337733,2026-08-03 15:45:16.313954,983.21,INR,netbanking,failed,temporary_bank_failure,Bank is experiencing intermittent issues.,142,19,0,0,665.15,False,2,15,ecommerce,1037.97,True,True,True,WAIT_AND_RETRY,983.21
txn_db661a5af16e,cust_a7283324,2026-08-04 06:59:16.248632,870.19,INR,netbanking,failed,temporary_bank_failure,Bank is experiencing intermittent issues.,595,45,0,0,808.1,True,0,22,mid_market,969.73,True,False,True,WAIT_AND_RETRY,870.19
txn_4df368152f19,cust_f9b75261,2026-08-12 10:15:16.345955,160.39,INR,card,failed,insufficient_funds,Customer account has insufficient balance.,422,1,2,0,137.24,False,0,30,smb_saas,225.97,True,True,True,SEND_RECOVERY_MESSAGE,160.39
txn_f4e0d167595a,cust_00a01d41,2026-08-21 07:53:16.236825,1734.56,INR,netbanking,failed,authentication_failed,OTP or 3D secure authentication failed.,612,47,0,0,2116.67,True,0,24,mid_market,1777.46,True,True,False,CREATE_ESCALATION,0.0
txn_7d5ea328ed94,cust_f502cb54,2026-08-25 19:09:16.314954,51.47,INR,wallet,failed,bank_timeout,Issuing bank did not respond in time.,566,8,5,2,58.31,False,1,0,smb_saas,112.43,True,True,False,CREATE_ESCALATION,0.0
txn_2ac26450f752,cust_787c8051,2026-08-17 06:24:16.268812,1249.24,INR,wallet,failed,authentication_failed,OTP or 3D secure authentication failed.,71,35,2,1,2298.38,True,2,11,ecommerce,1292.35,True,True,False,CREATE_ESCALATION,0.0
txn_e1a8a90a611f,cust_6df71436,2026-08-14 17:34:16.245325,702.51,INR,wallet,failed,insufficient_funds,Customer account has insufficient balance.,763,43,0,0,971.01,False,2,22,mid_market,770.62,True,True,True,SEND_RECOVERY_MESSAGE,702.51
txn_107d7ae00d19,cust_8430415b,2026-08-22 02:31:16.246043,571.2,INR,upi,failed,bank_timeout,Issuing bank did not respond in time.,701,45,2,1,385.78,False,2,17,ecommerce,664.89,True,True,True,WAIT_AND_RETRY,571.2
txn_3eeb0a90f4f1,cust_d8c5d7f9,2026-07-28 09:53:16.311954,285.59,INR,upi,failed,insufficient_funds,Customer account has insufficient balance.,542,40,2,2,304.35,True,3,11,ecommerce,368.63,True,False,False,CREATE_ESCALATION,0.0
txn_a874a6fc0fd9,cust_cc728931,2026-08-08 07:10:16.241825,336.83,INR,card,failed,insufficient_funds,Customer account has insufficient balance.,346,45,4,2,268.26,False,3,13,smb_saas,341.68,True,True,True,SEND_RECOVERY_MESSAGE,336.83
txn_b9d668ca9997,cust_3402d0a3,2026-08-03 10:40:16.322954,646.49,USD,netbanking,failed,bank_timeout,Issuing bank did not respond in time.,76,26,3,2,648.85,False,0,25,ecommerce,690.35,True,True,True,WAIT_AND_RETRY,646.49
txn_4e2509474208,cust_9b08e83c,2026-07-26 17:40:16.224629,905.27,INR,upi,failed,temporary_bank_failure,Bank is experiencing intermittent issues.,147,38,5,3,499.89,True,2,11,ecommerce,943.56,True,True,True,WAIT_AND_RETRY,905.27
txn_a6500e984566,cust_326e2709,2026-08-06 11:40:16.303954,1382.22,INR,netbanking,failed,insufficient_funds,Customer account has insufficient balance.,98,2,5,5,1849.44,True,3,28,ecommerce,1394.42,True,True,True,SEND_RECOVERY_MESSAGE,1382.22
txn_401f8bce9928,cust_8ed11b54,2026-08-03 19:44:16.246043,126.94,INR,netbanking,failed,insufficient_funds,Customer account has insufficient balance.,597,5,0,0,219.88,True,1,28,ecommerce,166.03,True,False,True,SEND_RECOVERY_MESSAGE,126.94
txn_2f5e0ac3509b,cust_d36d3ddc,2026-07-31 08:23:16.320954,16.08,USD,upi,failed,insufficient_funds,Customer account has insufficient balance.,494,14,0,0,22.23,True,3,26,smb_saas,34.04,True,True,True,SEND_RECOVERY_MESSAGE,16.08
txn_aa872e7be8fe,cust_4239d609,2026-08-12 10:22:16.243446,2433.57,INR,wallet,failed,insufficient_funds,Customer account has insufficient balance.,971,24,0,0,4383.59,False,1,12,enterprise,2438.49,True,True,True,SEND_RECOVERY_MESSAGE,2433.57
txn_b781ff831340,cust_2232174d,2026-08-02 17:50:16.232825,422.61,USD,card,failed,insufficient_funds,Customer account has insufficient balance.,241,46,3,2,476.96,False,2,7,smb_saas,500.51,True,True,True,SEND_RECOVERY_MESSAGE,422.61
txn_8be8c162bdfd,cust_476d1406,2026-08-06 20:51:16.245005,28228.92,INR,wallet,failed,authentication_failed,OTP or 3D secure authentication failed.,821,12,1,1,27515.75,True,1,24,high_value,28322.05,True,True,False,CREATE_ESCALATION,0.0
txn_d2324720c93c,cust_bc0b416f,2026-08-14 19:01:16.284812,815.42,INR,wallet,failed,insufficient_funds,Customer account has insufficient balance.,374,42,1,1,524.5,False,2,22,ecommerce,840.09,True,True,False,CREATE_ESCALATION,0.0
txn_5222fd79b6ee,cust_29da0162,2026-08-03 01:20:16.268812,342.31,INR,wallet,failed,temporary_bank_failure,Bank is experiencing intermittent issues.,47,22,5,0,510.47,False,3,24,smb_saas,397.99,True,True,True,WAIT_AND_RETRY,342.31
txn_59d6d78bff5e,cust_56253afd,2026-08-09 06:56:16.324955,44.72,INR,netbanking,failed,bank_timeout,Issuing bank did not respond in time.,359,4,3,3,75.2,False,0,4,smb_saas,88.83,True,True,False,CREATE_ESCALATION,0.0
txn_ad18c9290fab,cust_0e6464cd,2026-08-07 06:20:16.304955,863.52,USD,netbanking,failed,insufficient_funds,Customer account has insufficient balance.,406,25,1,1,550.8,False,0,13,ecommerce,895.16,True,True,False,CREATE_ESCALATION,0.0
txn_fb41be4b352c,cust_ba68e7a2,2026-08-01 21:03:16.288365,643.77,INR,card,failed,bank_timeout,Issuing bank did not respond in time.,915,14,1,0,439.35,False,3,1,smb_saas,659.99,True,True,True,WAIT_AND_RETRY,643.77
txn_3673843fc71b,cust_6c709e61,2026-08-23 02:10:16.356096,2613.83,INR,netbanking,failed,limit_exceeded,Transaction exceeds customer limits.,720,30,2,2,2251.38,False,3,5,enterprise,2707.72,True,True,False,CREATE_ESCALATION,0.0
txn_0395b9842a7f,cust_203face1,2026-08-07 00:27:16.223629,3692.99,INR,wallet,failed,limit_exceeded,Transaction exceeds customer limits.,739,3,2,2,3577.3,True,1,4,mid_market,3758.66,True,True,True,RETRY_PAYMENT,3692.99
txn_21f5eda8148d,cust_35089017,2026-07-26 09:23:16.298954,1471.13,INR,netbanking,failed,authentication_failed,OTP or 3D secure authentication failed.,685,38,2,2,2419.19,False,3,1,ecommerce,1494.38,True,True,True,RETRY_PAYMENT,1471.13
txn_cad0906ad3dd,cust_c8599ff8,2026-08-03 04:13:16.237825,672.19,USD,card,failed,insufficient_funds,Customer account has insufficient balance.,924,27,2,1,501.99,False,3,15,ecommerce,719.74,True,True,True,SEND_RECOVERY_MESSAGE,672.19
txn_15a911adf82e,cust_6d09a8ea,2026-08-11 06:20:16.283812,539.85,USD,netbanking,failed,limit_exceeded,Transaction exceeds customer limits.,858,4,1,1,283.44,True,3,17,smb_saas,561.64,True,True,False,CREATE_ESCALATION,0.0
txn_62b41a9e2110,cust_1e80d84c,2026-08-18 10:00:16.237825,24.15,INR,netbanking,failed,insufficient_funds,Customer account has insufficient balance.,207,40,0,0,21.83,False,0,18,smb_saas,122.8,True,True,True,SEND_RECOVERY_MESSAGE,24.15
txn_8467ab186877,cust_9d4cdb7e,2026-07-27 08:03:16.357097,92.18,INR,card,failed,bank_timeout,Issuing bank did not respond in time.,535,38,4,1,76.48,False,1,4,smb_saas,117.78,True,True,True,WAIT_AND_RETRY,92.18
txn_f5d8ab3279c5,cust_77f1ab58,2026-07-30 05:28:16.237825,117.76,INR,card,failed,insufficient_funds,Customer account has insufficient balance.,384,33,5,4,114.96,True,3,7,smb_saas,173.33,True,True,False,CREATE_ESCALATION,0.0
txn_801560674a60,cust_ee29737b,2026-08-24 07:58:16.326954,950.3,INR,card,failed,limit_exceeded,Transaction exceeds customer limits.,150,37,0,0,1045.63,False,2,26,ecommerce,974.68,True,True,False,CREATE_ESCALATION,0.0
txn_942e0f672538,cust_5eb5408c,2026-07-31 18:15:16.281813,22.16,INR,netbanking,failed,temporary_bank_failure,Bank is experiencing intermittent issues.,313,28,4,1,25.72,False,2,27,smb_saas,41.12,True,True,True,WAIT_AND_RETRY,22.16
txn_0c801a929b0a,cust_8c454b25,2026-08-14 04:05:16.295908,155.55,USD,wallet,failed,bank_timeout,Issuing bank did not respond in time.,664,33,4,0,284.85,True,0,11,smb_saas,187.67,True,False,True,WAIT_AND_RETRY,155.55
txn_b28bf168706a,cust_7dd8b78c,2026-08-21 20:51:16.274812,14475.44,INR,upi,failed,insufficient_funds,Customer account has insufficient balance.,187,20,2,2,26232.75,False,3,18,enterprise,14547.5,True,True,False,CREATE_ESCALATION,0.0
txn_61e4585a6b03,cust_1d339bcd,2026-08-22 13:02:16.365098,2688.76,USD,card,failed,authentication_failed,OTP or 3D secure authentication failed.,397,28,3,2,3521.81,False,1,21,mid_market,2757.05,True,True,False,CREATE_ESCALATION,0.0
txn_f3a628a172eb,cust_44e14b2a,2026-08-05 12:11:16.351955,469.8,INR,card,failed,insufficient_funds,Customer account has insufficient balance.,29,11,4,0,448.89,False,2,30,smb_saas,569.31,True,True,False,CREATE_ESCALATION,0.0
txn_789a4df7231b,cust_e635659a,2026-08-09 02:56:16.268812,1107.09,INR,card,failed,bank_timeout,Issuing bank did not respond in time.,291,11,5,1,761.03,False,1,23,mid_market,1177.62,True,True,True,WAIT_AND_RETRY,1107.09
txn_58f9e75f2d78,cust_bf004ec7,2026-08-03 04:37:16.246043,352.85,INR,upi,failed,insufficient_funds,Customer account has insufficient balance.,394,17,3,1,198.6,False,1,6,ecommerce,394.69,True,True,False,CREATE_ESCALATION,0.0
txn_15965864950f,cust_41614690,2026-08-18 00:14:16.283812,126.37,INR,card,failed,insufficient_funds,Customer account has insufficient balance.,728,16,2,1,163.25,False,2,29,smb_saas,221.18,True,True,False,CREATE_ESCALATION,0.0
txn_1d11fe705b9c,cust_9c7c3a77,2026-07-30 11:37:16.281813,15716.02,USD,card,failed,limit_exceeded,Transaction exceeds customer limits.,421,27,1,0,14227.0,True,2,22,enterprise,15803.77,True,True,False,CREATE_ESCALATION,0.0
txn_24c76234927a,cust_fcbc9b51,2026-07-30 19:06:16.310954,227.6,USD,wallet,failed,limit_exceeded,Transaction exceeds customer limits.,919,36,4,0,376.33,False,1,18,smb_saas,232.0,True,True,False,CREATE_ESCALATION,0.0
txn_9e38806e806b,cust_c4ec4de6,2026-07-27 22:51:16.247585,6323.4,INR,netbanking,failed,insufficient_funds,Customer account has insufficient balance.,668,2,1,1,6906.54,True,1,1,enterprise,6345.58,True,True,True,SEND_RECOVERY_MESSAGE,6323.4
txn_8b9357ca06a6,cust_c27c4cf9,2026-08-03 23:06:16.311954,97.53,INR,card,failed,insufficient_funds,Customer account has insufficient balance.,289,14,2,1,140.15,False,3,9,smb_saas,186.82,True,True,False,CREATE_ESCALATION,0.0
txn_a87a7366ae52,cust_17eccb34,2026-08-20 11:16:16.242826,5000.0,INR,wallet,failed,limit_exceeded,Transaction exceeds customer limits.,482,24,0,0,9681.81,False,0,22,high_value,5077.66,True,True,False,CREATE_ESCALATION,0.0
txn_32dadc3668aa,cust_b3eec21c,2026-08-19 20:07:16.259223,11722.44,INR,netbanking,failed,insufficient_funds,Customer account has insufficient balance.,115,36,5,1,22902.88,True,3,1,enterprise,11735.74,True,False,False,CREATE_ESCALATION,0.0
txn_3470409badf9,cust_cb97d475,2026-07-27 05:08:16.337954,23051.93,USD,card,failed,temporary_bank_failure,Bank is experiencing intermittent issues.,325,21,4,3,24106.35,True,1,17,high_value,23101.17,True,True,True,WAIT_AND_RETRY,23051.93
txn_03084102814d,cust_77a674c5,2026-08-08 19:45:16.296954,196.75,USD,upi,failed,bank_timeout,Issuing bank did not respond in time.,698,12,0,0,240.64,False,0,17,smb_saas,240.32,True,True,True,WAIT_AND_RETRY,196.75
txn_dd2549ed7b9e,cust_eac5ab18,2026-08-06 00:56:16.326954,396.32,USD,card,failed,limit_exceeded,Transaction exceeds customer limits.,14,34,4,3,718.15,False,1,17,ecommerce,465.59,True,True,False,CREATE_ESCALATION,0.0
txn_fc7248068d93,cust_6e0ce4ce,2026-08-09 09:29:16.292365,310.83,INR,wallet,failed,insufficient_funds,Customer account has insufficient balance.,790,24,4,2,237.74,False,0,2,smb_saas,391.9,True,True,False,CREATE_ESCALATION,0.0
txn_bdf5cb714f2f,cust_b82dcd8f,2026-08-25 05:57:16.270823,317.46,INR,wallet,failed,insufficient_funds,Customer account has insufficient balance.,739,4,2,2,210.07,True,1,18,mid_market,402.29,True,True,False,CREATE_ESCALATION,0.0
txn_08a69fa764d3,cust_53237198,2026-08-25 04:49:16.246043,282.04,INR,wallet,failed,insufficient_funds,Customer account has insufficient balance.,606,19,2,0,489.65,False,1,28,smb_saas,377.66,True,True,True,SEND_RECOVERY_MESSAGE,282.04
txn_453469a28e73,cust_d61f4d5e,2026-08-21 03:26:16.310954,933.89,INR,netbanking,failed,temporary_bank_failure,Bank is experiencing intermittent issues.,402,39,4,2,954.0,False,0,19,ecommerce,940.02,True,True,False,CREATE_ESCALATION,0.0
txn_c41b43ecdaa4,cust_40e2b794,2026-08-07 18:10:16.276813,210.19,INR,wallet,failed,authentication_failed,OTP or 3D secure authentication failed.,967,41,0,0,271.63,True,3,16,smb_saas,220.12,True,True,False,CREATE_ESCALATION,0.0
txn_7580bde58b94,cust_5b1a0220,2026-08-20 22:00:16.226172,78.18,INR,wallet,failed,insufficient_funds,Customer account has insufficient balance.,613,30,4,3,101.76,False,3,17,smb_saas,81.86,True,False,False,CREATE_ESCALATION,0.0
txn_ffaf2e3a6d94,cust_8056469e,2026-08-07 04:09:16.282812,142.53,INR,netbanking,failed,limit_exceeded,Transaction exceeds customer limits.,941,10,2,0,213.8,True,2,16,smb_saas,204.53,True,True,False,CREATE_ESCALATION,0.0
txn_8845c2e5f6e3,cust_dc7287d1,2026-08-20 11:29:16.284812,455.54,INR,wallet,failed,temporary_bank_failure,Bank is experiencing intermittent issues.,878,36,5,0,834.85,False,3,30,smb_saas,530.01,True,True,True,WAIT_AND_RETRY,455.54
txn_3083676ee831,cust_2eb71a56,2026-07-28 12:21:16.227825,287.19,INR,wallet,failed,temporary_bank_failure,Bank is experiencing intermittent issues.,844,48,5,0,193.02,False,1,28,smb_saas,351.42,True,False,True,WAIT_AND_RETRY,287.19
txn_b08fdef96c1e,cust_895765e5,2026-08-21 12:20:16.312954,939.56,INR,card,failed,insufficient_funds,Customer account has insufficient balance.,333,43,1,0,857.93,False,3,15,mid_market,1012.98,True,True,False,CREATE_ESCALATION,0.0
txn_d80f5b53a7e0,cust_99c2fbe2,2026-08-09 11:06:16.324955,1283.82,INR,card,failed,fraud_suspected,Transaction flagged by risk engine.,917,34,5,4,1681.19,False,1,15,mid_market,1336.62,True,True,False,STOP_AUTOMATION,0.0
txn_ab9a58bfcc8b,cust_009b9bfa,2026-07-26 19:20:16.229825,6140.98,INR,netbanking,failed,limit_exceeded,Transaction exceeds customer limits.,20,18,5,3,5199.89,False,0,28,mid_market,6172.53,True,True,False,CREATE_ESCALATION,0.0
txn_493506914884,cust_b5690df2,2026-08-16 11:14:16.358096,410.09,INR,upi,failed,insufficient_funds,Customer account has insufficient balance.,209,12,1,1,238.74,False,1,1,ecommerce,474.86,True,True,True,SEND_RECOVERY_MESSAGE,410.09
txn_47c1c6714370,cust_8e4ef2ea,2026-08-11 19:15:16.321954,569.16,INR,netbanking,failed,temporary_bank_failure,Bank is experiencing intermittent issues.,843,12,0,0,558.16,False,1,7,ecommerce,659.04,True,True,True,WAIT_AND_RETRY,569.16
txn_ffcdf5afda6a,cust_40cb5c82,2026-07-26 03:22:16.327954,403.94,INR,netbanking,failed,temporary_bank_failure,Bank is experiencing intermittent issues.,298,41,5,1,454.23,True,0,1,smb_saas,461.92,True,True,False,CREATE_ESCALATION,0.0
txn_826c9bbb4abd,cust_bd60d994,2026-08-24 01:06:16.326954,59.58,INR,upi,failed,bank_timeout,Issuing bank did not respond in time.,279,8,0,0,42.82,False,2,23,ecommerce,112.31,True,True,True,WAIT_AND_RETRY,59.58
txn_9be95cb0f825,cust_e8a40114,2026-07-26 14:20:16.276813,306.21,INR,upi,failed,fraud_suspected,Transaction flagged by risk engine.,184,26,3,3,314.5,False,1,7,smb_saas,326.33,True,True,False,STOP_AUTOMATION,0.0
txn_8d549f419564,cust_c8ef40a4,2026-08-05 21:37:16.252632,6907.82,INR,netbanking,failed,insufficient_funds,Customer account has insufficient balance.,383,39,2,2,10529.79,False,1,5,mid_market,6922.9,True,True,False,CREATE_ESCALATION,0.0
txn_244dd0541360,cust_6070ddd4,2026-08-09 09:34:16.321954,3938.1,INR,card,failed,bank_timeout,Issuing bank did not respond in time.,394,15,5,4,6032.3,True,2,2,mid_market,3968.75,True,True,True,WAIT_AND_RETRY,3938.1
txn_e139758c088f,cust_ad8e446b,2026-08-19 15:09:16.333954,4979.05,INR,upi,failed,fraud_suspected,Transaction flagged by risk engine.,758,7,5,3,5730.12,True,2,22,enterprise,4980.25,True,True,False,STOP_AUTOMATION,0.0
txn_db3c4eb57987,cust_a5588a37,2026-07-25 20:12:16.274812,606.1,INR,card,failed,fraud_suspected,Transaction flagged by risk engine.,397,8,5,4,665.82,True,1,9,ecommerce,665.78,True,True,False,STOP_AUTOMATION,0.0
txn_1e2142877044,cust_09d42d13,2026-08-17 14:35:16.334955,139.92,INR,netbanking,failed,bank_timeout,Issuing bank did not respond in time.,501,39,4,0,247.22,True,1,25,smb_saas,222.54,True,True,True,WAIT_AND_RETRY,139.92
txn_bfc37e4cea94,cust_60dec3b3,2026-08-15 12:59:16.291365,2486.36,INR,upi,failed,authentication_failed,OTP or 3D secure authentication failed.,138,42,0,0,2455.92,False,0,9,mid_market,2572.47,True,True,False,CREATE_ESCALATION,0.0
txn_a7a34bc7f6b3,cust_a580429d,2026-08-05 08:32:16.339954,529.75,USD,upi,failed,insufficient_funds,Customer account has insufficient balance.,680,16,1,0,469.63,True,1,5,ecommerce,594.25,True,True,True,SEND_RECOVERY_MESSAGE,529.75
txn_076bc27039ad,cust_713e0af6,2026-08-10 03:07:16.263223,455.83,INR,card,failed,temporary_bank_failure,Bank is experiencing intermittent issues.,959,29,4,1,494.46,False,2,25,ecommerce,462.25,True,True,False,CREATE_ESCALATION,0.0
txn_b0acc518983c,cust_715081c8,2026-07-27 05:04:16.297955,630.77,USD,wallet,failed,authentication_failed,OTP or 3D secure authentication failed.,392,21,2,0,442.23,True,3,24,ecommerce,642.91,True,True,False,CREATE_ESCALATION,0.0
txn_f8d7785a4356,cust_a7be258b,2026-08-17 15:12:16.239825,1095.93,INR,wallet,failed,insufficient_funds,Customer account has insufficient balance.,31,46,1,0,706.67,True,3,10,ecommerce,1171.92,True,False,False,CREATE_ESCALATION,0.0
txn_b0ddca0a97a4,cust_541da590,2026-07-27 09:37:16.299954,229.25,INR,wallet,failed,temporary_bank_failure,Bank is experiencing intermittent issues.,708,41,3,3,443.17,False,0,3,mid_market,239.63,True,True,True,WAIT_AND_RETRY,229.25
txn_2c4f11da7d99,cust_2aa13c9f,2026-07-26 14:54:16.365098,1385.82,USD,upi,failed,bank_timeout,Issuing bank did not respond in time.,565,47,0,0,1609.28,False,0,4,mid_market,1415.16,True,True,True,WAIT_AND_RETRY,1385.82
txn_2dd3864dd35c,cust_7314c355,2026-08-19 04:24:16.246043,891.06,INR,upi,failed,authentication_failed,OTP or 3D secure authentication failed.,119,35,0,0,716.12,False,3,0,ecommerce,928.25,True,True,True,RETRY_PAYMENT,891.06
txn_792fd4600b22,cust_3cd44a81,2026-08-09 22:08:16.308955,280.46,USD,upi,failed,insufficient_funds,Customer account has insufficient balance.,807,5,5,1,226.94,True,1,25,smb_saas,289.92,True,True,True,SEND_RECOVERY_MESSAGE,280.46
txn_7f6adb5f0649,cust_13a7a9d6,2026-08-17 15:42:16.291365,762.69,INR,wallet,failed,insufficient_funds,Customer account has insufficient balance.,270,42,1,1,388.6,False,1,24,ecommerce,812.01,True,False,True,SEND_RECOVERY_MESSAGE,762.69
txn_acf1fbb34a66,cust_38415893,2026-08-20 00:00:16.272812,161.84,INR,netbanking,failed,insufficient_funds,Customer account has insufficient balance.,106,7,5,2,142.35,True,3,5,ecommerce,216.25,True,True,False,CREATE_ESCALATION,0.0
txn_e33e7767c3c5,cust_23e7e461,2026-08-07 16:44:16.350954,24257.27,INR,netbanking,failed,authentication_failed,OTP or 3D secure authentication failed.,156,37,2,1,21819.96,False,0,10,high_value,24330.11,True,True,False,CREATE_ESCALATION,0.0
txn_affa38e3cd25,cust_c9234448,2026-08-14 04:23:16.310954,203.44,INR,upi,failed,insufficient_funds,Customer account has insufficient balance.,621,4,1,0,405.13,False,0,17,smb_saas,282.64,True,True,True,SEND_RECOVERY_MESSAGE,203.44
txn_f02a905fd10c,cust_f0f689d5,2026-08-18 14:22:16.263223,1996.97,INR,wallet,failed,insufficient_funds,Customer account has insufficient balance.,521,38,2,0,1474.97,False,3,24,mid_market,2077.39,True,True,False,CREATE_ESCALATION,0.0
txn_0a509a2ba035,cust_fa60e7b8,2026-08-12 14:10:16.245325,703.16,INR,netbanking,failed,bank_timeout,Issuing bank did not respond in time.,623,18,1,0,898.74,False,1,13,mid_market,752.21,True,False,True,WAIT_AND_RETRY,703.16
txn_6394e7941926,cust_122469ad,2026-08-06 14:59:16.226172,1111.06,INR,upi,failed,temporary_bank_failure,Bank is experiencing intermittent issues.,992,20,2,2,1713.74,False,1,10,ecommerce,1148.67,True,True,True,WAIT_AND_RETRY,1111.06
txn_fdab2bfd2644,cust_791c497f,2026-08-16 18:17:16.236825,1684.06,INR,card,failed,bank_timeout,Issuing bank did not respond in time.,255,13,4,0,845.57,False,2,10,enterprise,1692.38,True,True,True,WAIT_AND_RETRY,1684.06
txn_c7ec05d8ae56,cust_45d8fe1a,2026-08-02 00:53:16.252632,5553.09,INR,upi,failed,insufficient_funds,Customer account has insufficient balance.,993,42,2,2,10242.07,False,3,8,enterprise,5579.8,True,True,False,CREATE_ESCALATION,0.0
txn_0af7f93fd6e4,cust_626cf208,2026-08-04 00:31:16.278812,4329.31,INR,netbanking,failed,authentication_failed,OTP or 3D secure authentication failed.,458,17,4,0,8384.16,True,3,20,mid_market,4410.41,True,True,False,CREATE_ESCALATION,0.0
txn_e778eecf10b4,cust_67606591,2026-08-09 16:48:16.360096,474.28,INR,card,failed,limit_exceeded,Transaction exceeds customer limits.,719,20,4,4,555.01,False,1,9,ecommerce,497.77,True,False,False,CREATE_ESCALATION,0.0
txn_62c093fa0521,cust_0c47904e,2026-07-31 05:20:16.240825,9209.0,INR,upi,failed,fraud_suspected,Transaction flagged by risk engine.,418,43,4,1,12969.21,False,2,10,mid_market,9220.8,True,True,False,STOP_AUTOMATION,0.0
txn_3bf8ed8a6272,cust_c77df4ae,2026-08-14 11:27:16.329954,12024.78,INR,upi,failed,limit_exceeded,Transaction exceeds customer limits.,173,38,0,0,20866.99,False,0,23,enterprise,12114.88,True,True,False,CREATE_ESCALATION,0.0
txn_b88c7d9c58da,cust_5d3f027f,2026-08-19 09:31:16.253632,140.1,INR,upi,failed,insufficient_funds,Customer account has insufficient balance.,198,11,0,0,215.09,True,1,19,smb_saas,165.39,True,True,False,CREATE_ESCALATION,0.0
txn_074102cce0d5,cust_478c3edb,2026-08-04 09:39:16.321954,599.56,INR,upi,failed,authentication_failed,OTP or 3D secure authentication failed.,506,2,5,2,989.74,True,3,6,ecommerce,676.11,True,True,False,CREATE_ESCALATION,0.0
txn_f35d8bc5b963,cust_2e789731,2026-08-03 12:50:16.253632,168.57,INR,wallet,failed,authentication_failed,OTP or 3D secure authentication failed.,756,44,5,1,262.86,True,2,29,ecommerce,188.24,True,True,True,RETRY_PAYMENT,168.57
txn_f8751d7c81bb,cust_9f5c601b,2026-08-23 01:10:16.232825,2405.05,INR,card,failed,insufficient_funds,Customer account has insufficient balance.,58,21,5,0,2665.43,True,3,30,ecommerce,2472.86,True,True,True,SEND_RECOVERY_MESSAGE,2405.05
txn_103a0a470911,cust_15cad93d,2026-08-03 02:43:16.284812,277.26,INR,card,failed,authentication_failed,OTP or 3D secure authentication failed.,951,14,5,0,245.59,False,1,11,ecommerce,314.96,True,True,True,RETRY_PAYMENT,277.26
txn_09e544ee183c,cust_57aef4f4,2026-08-04 10:43:16.302954,1491.29,INR,wallet,failed,limit_exceeded,Transaction exceeds customer limits.,28,33,4,1,1502.63,False,2,28,ecommerce,1526.52,True,True,False,CREATE_ESCALATION,0.0
txn_5bcf083d580f,cust_9e6d030d,2026-08-18 15:38:16.287327,867.17,INR,upi,failed,insufficient_funds,Customer account has insufficient balance.,66,30,0,0,591.08,False,2,10,smb_saas,913.68,True,True,True,SEND_RECOVERY_MESSAGE,867.17
txn_06ddf9179196,cust_d991a7e5,2026-08-22 11:37:16.247585,566.43,USD,upi,failed,insufficient_funds,Customer account has insufficient balance.,440,5,2,2,491.88,False,0,4,ecommerce,659.54,True,True,True,SEND_RECOVERY_MESSAGE,566.43
txn_471651c85d6f,cust_818e97a2,2026-08-01 15:38:16.300954,119.17,INR,card,failed,authentication_failed,OTP or 3D secure authentication failed.,343,20,0,0,129.49,True,0,9,smb_saas,189.77,True,True,True,RETRY_PAYMENT,119.17
txn_f44de385ec29,cust_53715457,2026-08-23 04:38:16.355058,19.61,INR,netbanking,failed,limit_exceeded,Transaction exceeds customer limits.,600,16,4,2,11.4,True,3,4,smb_saas,111.96,True,True,True,RETRY_PAYMENT,19.61
txn_f0a368d41a5b,cust_4ed33761,2026-08-19 20:12:16.226780,1782.45,INR,netbanking,failed,insufficient_funds,Customer account has insufficient balance.,729,15,2,1,2264.05,False,2,26,mid_market,1881.52,True,True,False,CREATE_ESCALATION,0.0
txn_ceb79ab8fd7b,cust_ae57a3de,2026-08-12 22:56:16.335955,592.58,INR,upi,failed,authentication_failed,OTP or 3D secure authentication failed.,757,8,0,0,683.56,False,1,20,mid_market,628.47,True,True,False,CREATE_ESCALATION,0.0
txn_a1bf5056c320,cust_c5654b67,2026-08-20 16:35:16.362097,2630.83,INR,wallet,failed,authentication_failed,OTP or 3D secure authentication failed.,871,36,1,0,1738.24,True,3,2,mid_market,2682.88,True,True,False,CREATE_ESCALATION,0.0
txn_d8f4aa090d18,cust_9ac9f0c0,2026-08-11 16:51:16.241825,5978.11,USD,upi,failed,bank_timeout,Issuing bank did not respond in time.,756,8,2,0,6390.39,True,2,4,enterprise,6034.61,True,True,True,WAIT_AND_RETRY,5978.11
txn_8072b4859fb1,cust_6d170749,2026-08-19 10:07:16.226172,137.82,INR,upi,failed,insufficient_funds,Customer account has insufficient balance.,202,29,0,0,207.56,False,2,19,mid_market,176.68,True,True,True,SEND_RECOVERY_MESSAGE,137.82
txn_2b8a1889e303,cust_9c9bde31,2026-07-29 01:24:16.284812,3067.87,INR,card,failed,bank_timeout,Issuing bank did not respond in time.,415,1,5,4,2878.6,False,2,21,enterprise,3167.81,True,True,False,CREATE_ESCALATION,0.0
txn_6c8b2c5a6e83,cust_e48be662,2026-07-26 01:33:16.300954,276.85,INR,card,failed,bank_timeout,Issuing bank did not respond in time.,109,46,0,0,404.16,True,0,1,smb_saas,375.58,True,False,True,WAIT_AND_RETRY,276.85
txn_5f8018d50c8f,cust_b15257c1,2026-08-10 23:51:16.335955,265.62,USD,card,failed,bank_timeout,Issuing bank did not respond in time.,500,47,0,0,511.83,True,1,29,mid_market,297.38,True,True,True,WAIT_AND_RETRY,265.62
txn_5e8ac3b5f6f0,cust_8f670189,2026-08-10 19:27:16.262223,32509.25,INR,upi,failed,insufficient_funds,Customer account has insufficient balance.,237,37,1,0,30984.75,False,2,0,high_value,32527.74,True,True,True,SEND_RECOVERY_MESSAGE,32509.25
txn_f1732f9d96a6,cust_24aae2c2,2026-08-08 17:45:16.345955,1687.06,INR,wallet,failed,temporary_bank_failure,Bank is experiencing intermittent issues.,110,11,5,3,888.61,False,3,20,ecommerce,1774.43,True,True,True,WAIT_AND_RETRY,1687.06
txn_03a2632a4d73,cust_693762f0,2026-07-30 07:06:16.248632,1869.03,INR,wallet,failed,authentication_failed,OTP or 3D secure authentication failed.,990,50,5,0,2390.51,True,1,13,mid_market,1947.06,True,True,True,RETRY_PAYMENT,1869.03
txn_0713af65eb16,cust_8713e0da,2026-08-09 13:18:16.331954,312.75,INR,netbanking,failed,temporary_bank_failure,Bank is experiencing intermittent issues.,855,22,2,1,320.82,True,0,28,smb_saas,317.14,True,True,True,WAIT_AND_RETRY,312.75
txn_f61dff8b8d58,cust_f75582b9,2026-08-04 04:26:16.326954,229.62,INR,wallet,failed,authentication_failed,OTP or 3D secure authentication failed.,445,13,0,0,152.87,False,0,13,smb_saas,249.16,True,True,True,RETRY_PAYMENT,229.62
txn_769ae7429b68,cust_5fe134db,2026-08-09 15:18:16.329954,2881.81,INR,netbanking,failed,authentication_failed,OTP or 3D secure authentication failed.,140,13,2,0,4279.08,True,2,29,mid_market,2957.96,True,True,True,RETRY_PAYMENT,2881.81
txn_bb5ab3f30dca,cust_84149253,2026-08-18 10:10:16.355058,156.69,INR,wallet,failed,temporary_bank_failure,Bank is experiencing intermittent issues.,506,44,4,3,129.7,False,3,1,smb_saas,217.74,True,True,False,CREATE_ESCALATION,0.0
txn_4d33e26cfc55,cust_c2b3462b,2026-08-16 01:42:16.348954,179.16,INR,card,failed,limit_exceeded,Transaction exceeds customer limits.,725,31,3,1,161.62,False,1,17,smb_saas,200.66,True,True,False,CREATE_ESCALATION,0.0
txn_5990bc288cc4,cust_904ab043,2026-08-04 07:47:16.307955,431.82,USD,wallet,failed,limit_exceeded,Transaction exceeds customer limits.,733,1,4,4,618.9,False,3,8,ecommerce,520.07,True,True,False,CREATE_ESCALATION,0.0
txn_0fa24a81434e,cust_3cd8beb3,2026-08-24 11:13:16.325954,313.45,USD,netbanking,failed,insufficient_funds,Customer account has insufficient balance.,432,29,4,1,463.24,True,3,6,ecommerce,335.23,True,True,False,CREATE_ESCALATION,0.0
txn_78a9bc9d4a77,cust_2c08ead1,2026-07-27 06:05:16.237825,129.33,INR,wallet,failed,insufficient_funds,Customer account has insufficient balance.,760,30,0,0,152.85,False,3,4,smb_saas,193.35,True,True,True,SEND_RECOVERY_MESSAGE,129.33
txn_e5157a577ca0,cust_dade2fb6,2026-08-19 06:28:16.252632,984.44,USD,netbanking,failed,insufficient_funds,Customer account has insufficient balance.,417,15,2,1,1524.45,False,0,18,ecommerce,1058.35,True,False,False,CREATE_ESCALATION,0.0
txn_cc6d5940549c,cust_5601db76,2026-08-21 05:42:16.316954,249.94,USD,upi,failed,insufficient_funds,Customer account has insufficient balance.,395,3,4,2,190.46,False,0,8,smb_saas,310.85,True,True,False,CREATE_ESCALATION,0.0
txn_d07227948622,cust_990b0a05,2026-08-02 05:16:16.299954,1765.26,INR,card,failed,temporary_bank_failure,Bank is experiencing intermittent issues.,612,24,3,3,1957.6,False,1,6,ecommerce,1803.08,True,False,True,WAIT_AND_RETRY,1765.26
txn_fda8978b92aa,cust_744d1348,2026-08-04 12:54:16.245005,681.35,USD,card,failed,insufficient_funds,Customer account has insufficient balance.,819,31,0,0,1354.22,False,2,6,smb_saas,732.69,True,False,False,CREATE_ESCALATION,0.0
txn_eb53dfc6f875,cust_a9ce4301,2026-08-04 15:48:16.357097,10704.67,INR,card,failed,insufficient_funds,Customer account has insufficient balance.,570,43,3,1,9270.89,True,2,11,enterprise,10735.08,True,True,False,CREATE_ESCALATION,0.0
txn_e07498e2d6e0,cust_c64b4526,2026-08-04 20:28:16.353498,36.21,INR,card,failed,insufficient_funds,Customer account has insufficient balance.,820,48,5,3,23.17,False,1,10,smb_saas,112.97,True,True,True,SEND_RECOVERY_MESSAGE,36.21
txn_6d4e8c80a836,cust_f9f335fb,2026-08-23 13:19:16.241825,31.79,INR,netbanking,failed,insufficient_funds,Customer account has insufficient balance.,164,22,0,0,42.11,False,1,29,smb_saas,79.02,True,True,True,SEND_RECOVERY_MESSAGE,31.79
txn_7787c6b1f9dc,cust_6e2bd6fd,2026-08-15 02:38:16.359096,584.35,INR,upi,failed,authentication_failed,OTP or 3D secure authentication failed.,175,16,4,1,1090.88,False,2,22,smb_saas,679.4,True,True,True,RETRY_PAYMENT,584.35
txn_c04b2e651852,cust_e0b59f13,2026-08-12 13:14:16.276813,1637.9,USD,upi,failed,insufficient_funds,Customer account has insufficient balance.,814,42,3,3,1837.96,True,2,24,ecommerce,1638.68,True,False,False,CREATE_ESCALATION,0.0
txn_c23b8c6fc077,cust_2b8570b9,2026-07-26 22:17:16.227825,3050.25,INR,netbanking,failed,insufficient_funds,Customer account has insufficient balance.,725,20,4,1,5903.7,False,1,13,mid_market,3104.56,True,True,False,CREATE_ESCALATION,0.0
txn_c867497ce056,cust_5662aaee,2026-07-31 03:00:16.272812,266.89,USD,card,failed,insufficient_funds,Customer account has insufficient balance.,186,38,2,1,247.57,False,3,18,smb_saas,299.82,True,True,True,SEND_RECOVERY_MESSAGE,266.89
txn_0eb3befc02a4,cust_a468d192,2026-07-26 23:55:16.321954,15700.35,INR,wallet,failed,insufficient_funds,Customer account has insufficient balance.,232,23,4,0,16535.43,True,2,19,enterprise,15782.85,True,True,True,SEND_RECOVERY_MESSAGE,15700.35
txn_de2b7ae0e421,cust_45559e18,2026-08-06 04:22:16.348954,12267.78,USD,wallet,failed,authentication_failed,OTP or 3D secure authentication failed.,737,41,5,2,10618.85,False,0,17,high_value,12350.98,True,True,False,CREATE_ESCALATION,0.0
txn_9a418891cc30,cust_eb0278cb,2026-07-31 02:18:16.244491,280.37,INR,upi,failed,bank_timeout,Issuing bank did not respond in time.,735,44,5,4,485.49,True,2,18,ecommerce,364.03,True,True,True,WAIT_AND_RETRY,280.37
txn_085726feb714,cust_a101843c,2026-07-28 21:26:16.287327,1730.47,USD,wallet,failed,bank_timeout,Issuing bank did not respond in time.,727,28,4,1,3076.26,True,3,27,enterprise,1758.49,True,True,True,WAIT_AND_RETRY,1730.47
txn_1a98483f42f3,cust_cbbcce0a,2026-08-21 06:07:16.276813,867.38,INR,netbanking,failed,insufficient_funds,Customer account has insufficient balance.,425,14,1,1,481.08,False,2,30,ecommerce,910.82,True,True,True,SEND_RECOVERY_MESSAGE,867.38
txn_60949227a2b0,cust_1a94b11a,2026-08-20 17:19:16.363096,4848.53,USD,netbanking,failed,limit_exceeded,Transaction exceeds customer limits.,348,18,2,2,5580.66,True,3,2,mid_market,4899.79,True,True,False,CREATE_ESCALATION,0.0
txn_0c8ae97c59ed,cust_479c6dd7,2026-08-17 14:50:16.243446,705.08,USD,upi,failed,insufficient_funds,Customer account has insufficient balance.,146,43,2,1,363.93,True,2,16,smb_saas,715.34,True,True,False,CREATE_ESCALATION,0.0
txn_36ecc2d8d233,cust_7c18d9a6,2026-08-22 18:19:16.294364,359.69,INR,upi,failed,authentication_failed,OTP or 3D secure authentication failed.,465,33,4,4,268.61,True,0,1,mid_market,365.69,True,True,True,RETRY_PAYMENT,359.69
txn_cc22f5ac00cf,cust_a69fdb6e,2026-08-20 22:46:16.253632,33.68,INR,netbanking,failed,insufficient_funds,Customer account has insufficient balance.,798,7,1,1,33.68,False,2,16,smb_saas,104.38,True,True,True,SEND_RECOVERY_MESSAGE,33.68
txn_6f0e5fe7d02a,cust_c8de20b0,2026-07-27 17:06:16.317954,180.45,INR,upi,failed,limit_exceeded,Transaction exceeds customer limits.,326,34,1,0,179.72,False,0,13,ecommerce,197.84,True,True,True,RETRY_PAYMENT,180.45
txn_8c8343ab2972,cust_a8be3d22,2026-08-09 04:28:16.355058,242.1,INR,card,failed,insufficient_funds,Customer account has insufficient balance.,561,40,4,0,157.87,False,1,28,ecommerce,245.24,True,True,False,CREATE_ESCALATION,0.0
txn_862c55ea9722,cust_78531465,2026-08-24 10:37:16.269812,1342.45,INR,wallet,failed,temporary_bank_failure,Bank is experiencing intermittent issues.,251,40,3,2,2623.34,False,0,19,ecommerce,1356.3,True,False,False,CREATE_ESCALATION,0.0
txn_c20076e8f5fa,cust_bbf30353,2026-08-02 06:54:16.293365,883.62,INR,upi,failed,authentication_failed,OTP or 3D secure authentication failed.,185,47,3,1,659.27,False,1,30,ecommerce,910.07,True,True,False,CREATE_ESCALATION,0.0
txn_86a9811db5ff,cust_a1065baa,2026-08-05 19:26:16.275813,476.55,INR,wallet,failed,insufficient_funds,Customer account has insufficient balance.,233,41,4,2,476.14,True,3,25,smb_saas,558.02,True,True,False,CREATE_ESCALATION,0.0
txn_d040014113d2,cust_289fac61,2026-08-09 07:11:16.271813,5000.0,USD,upi,failed,bank_timeout,Issuing bank did not respond in time.,965,10,5,2,3482.36,False,2,4,high_value,5080.9,True,True,True,WAIT_AND_RETRY,5000.0
txn_47b49e035981,cust_a29f9a03,2026-08-17 09:41:16.349954,18823.38,INR,upi,failed,insufficient_funds,Customer account has insufficient balance.,76,14,4,1,11428.2,True,1,4,enterprise,18915.29,True,True,False,CREATE_ESCALATION,0.0
txn_08b24a11e3e1,cust_2fca296b,2026-08-16 23:13:16.246043,6947.2,INR,upi,failed,limit_exceeded,Transaction exceeds customer limits.,705,18,1,1,10899.68,False,1,25,mid_market,6993.47,True,True,True,RETRY_PAYMENT,6947.2
txn_46b9918584bc,cust_685552a1,2026-08-03 11:43:16.359096,6727.58,INR,card,failed,bank_timeout,Issuing bank did not respond in time.,975,39,3,0,13025.06,False,1,3,mid_market,6729.02,True,True,True,WAIT_AND_RETRY,6727.58
txn_bb948006bc01,cust_b0d60a59,2026-07-31 06:37:16.228825,7756.18,INR,card,failed,authentication_failed,OTP or 3D secure authentication failed.,261,30,1,0,7173.69,False,3,8,mid_market,7775.08,True,True,False,CREATE_ESCALATION,0.0
txn_8fc5557a9b98,cust_43bbb680,2026-08-21 22:02:16.273812,63.19,INR,card,failed,fraud_suspected,Transaction flagged by risk engine.,745,49,4,0,83.78,True,1,12,smb_saas,111.5,True,False,True,RETRY_PAYMENT,63.19
txn_68081e41a7d1,cust_f3303bec,2026-08-17 13:51:16.290365,120.6,INR,netbanking,failed,bank_timeout,Issuing bank did not respond in time.,709,32,3,0,201.47,False,2,27,ecommerce,146.39,True,True,True,WAIT_AND_RETRY,120.6
txn_6a5ebed83861,cust_929abd56,2026-08-13 00:55:16.222629,176.03,USD,netbanking,failed,authentication_failed,OTP or 3D secure authentication failed.,453,43,1,1,297.6,False,1,21,smb_saas,184.51,True,True,True,RETRY_PAYMENT,176.03
txn_6cd83bd7728d,cust_5f4a871f,2026-07-27 18:15:16.353498,6196.7,INR,card,failed,insufficient_funds,Customer account has insufficient balance.,473,19,2,2,4234.23,False,1,4,enterprise,6212.39,True,True,True,SEND_RECOVERY_MESSAGE,6196.7
txn_1d7151c903ce,cust_46d0a22b,2026-08-20 02:12:16.290365,10.0,INR,netbanking,failed,insufficient_funds,Customer account has insufficient balance.,14,23,5,1,19.43,False,2,26,smb_saas,46.98,True,True,True,SEND_RECOVERY_MESSAGE,10.0
txn_b4fba922df20,cust_0b895fcf,2026-08-21 06:50:16.319954,56.29,USD,wallet,failed,authentication_failed,OTP or 3D secure authentication failed.,681,2,1,0,72.44,False,2,19,smb_saas,106.88,True,True,True,RETRY_PAYMENT,56.29
txn_9b04604cc39b,cust_a87a27e9,2026-08-01 08:04:16.316954,3500.34,INR,upi,failed,insufficient_funds,Customer account has insufficient balance.,752,5,5,3,5364.63,False,3,22,mid_market,3526.73,True,True,False,CREATE_ESCALATION,0.0
txn_b26643fa155d,cust_eb3faa76,2026-08-02 02:55:16.284812,6093.46,INR,netbanking,failed,fraud_suspected,Transaction flagged by risk engine.,976,39,0,0,7240.44,True,2,11,enterprise,6175.75,True,True,False,STOP_AUTOMATION,0.0
txn_4c5dd6baf99e,cust_eef16751,2026-08-15 04:09:16.228825,84.19,INR,card,failed,insufficient_funds,Customer account has insufficient balance.,881,32,5,3,146.47,False,1,15,smb_saas,174.35,True,True,False,CREATE_ESCALATION,0.0
txn_08acd1111d0f,cust_47f112bb,2026-08-13 12:37:16.234825,100.0,INR,netbanking,failed,insufficient_funds,Customer account has insufficient balance.,118,9,2,1,79.16,False,2,1,mid_market,197.53,True,True,True,SEND_RECOVERY_MESSAGE,100.0
txn_6df172facb7d,cust_78bd5ee8,2026-08-25 13:02:16.283812,360.84,INR,upi,failed,fraud_suspected,Transaction flagged by risk engine.,695,37,5,2,182.99,True,1,24,ecommerce,397.34,True,True,True,RETRY_PAYMENT,360.84
txn_dfd5765117bb,cust_b2c06cd3,2026-08-11 03:54:16.268812,498.45,USD,wallet,failed,insufficient_funds,Customer account has insufficient balance.,956,32,0,0,330.95,True,2,24,smb_saas,573.88,True,True,False,CREATE_ESCALATION,0.0
txn_ac835c201c17,cust_b7517d7f,2026-08-01 13:26:16.285813,182.91,INR,upi,failed,temporary_bank_failure,Bank is experiencing intermittent issues.,675,33,4,2,142.68,True,2,16,smb_saas,213.81,True,False,True,WAIT_AND_RETRY,182.91
txn_3b81ae40dba2,cust_1d797c9f,2026-07-28 21:17:16.289365,2269.35,INR,wallet,failed,insufficient_funds,Customer account has insufficient balance.,978,35,5,3,3729.55,False,1,23,mid_market,2320.37,True,True,False,CREATE_ESCALATION,0.0
txn_0b4d202821ed,cust_0fea3d70,2026-08-22 08:50:16.332954,3472.47,INR,card,failed,temporary_bank_failure,Bank is experiencing intermittent issues.,602,46,0,0,4483.61,True,3,10,enterprise,3510.23,True,False,True,WAIT_AND_RETRY,3472.47
txn_a2342a84e019,cust_af61762e,2026-08-04 17:48:16.222629,1677.65,INR,upi,failed,insufficient_funds,Customer account has insufficient balance.,783,26,4,4,2828.7,True,3,14,mid_market,1768.5,True,True,False,CREATE_ESCALATION,0.0
txn_e83f52928653,cust_a6997560,2026-08-06 20:59:16.233825,1671.76,INR,upi,failed,authentication_failed,OTP or 3D secure authentication failed.,79,15,3,0,3061.08,True,0,12,ecommerce,1709.12,True,False,True,RETRY_PAYMENT,1671.76
txn_b922e4cac1b0,cust_694ccba6,2026-08-17 10:32:16.330954,204.31,INR,card,failed,limit_exceeded,Transaction exceeds customer limits.,764,40,5,1,387.91,False,1,19,smb_saas,213.67,True,True,True,RETRY_PAYMENT,204.31
txn_e24f3b0f49be,cust_499dd98c,2026-08-23 14:39:16.233825,9818.68,USD,upi,failed,limit_exceeded,Transaction exceeds customer limits.,800,46,4,1,12345.65,True,0,16,enterprise,9840.38,True,True,False,CREATE_ESCALATION,0.0
txn_b2ba7f1a9640,cust_2a65913d,2026-08-18 03:47:16.324955,654.12,INR,netbanking,failed,insufficient_funds,Customer account has insufficient balance.,171,48,5,5,1138.63,False,0,30,mid_market,748.43,True,True,False,CREATE_ESCALATION,0.0
txn_6ed51fe208a3,cust_da0cce15,2026-08-08 11:24:16.235826,689.6,INR,card,failed,authentication_failed,OTP or 3D secure authentication failed.,733,1,1,1,1278.5,False,1,23,smb_saas,715.36,True,True,False,CREATE_ESCALATION,0.0
txn_0dde9251f1f9,cust_53acc101,2026-07-31 12:25:16.254632,243.46,USD,wallet,failed,authentication_failed,OTP or 3D secure authentication failed.,712,48,5,4,350.59,False,0,18,ecommerce,260.83,True,True,False,CREATE_ESCALATION,0.0
txn_a589c8326dc0,cust_5dcfec29,2026-07-29 16:33:16.354544,12588.69,INR,wallet,failed,insufficient_funds,Customer account has insufficient balance.,279,11,4,1,10647.02,True,2,13,enterprise,12670.15,True,True,False,CREATE_ESCALATION,0.0
txn_e2f01079bc14,cust_90815ca4,2026-08-08 22:23:16.277813,670.36,INR,netbanking,failed,bank_timeout,Issuing bank did not respond in time.,760,43,5,2,1217.37,False,0,2,ecommerce,760.68,True,True,True,WAIT_AND_RETRY,670.36
txn_a375f8c7003a,cust_2fa23e02,2026-07-26 04:50:16.258223,4980.79,INR,netbanking,failed,bank_timeout,Issuing bank did not respond in time.,544,12,5,4,3773.92,False,3,22,enterprise,5060.16,True,True,False,CREATE_ESCALATION,0.0
txn_6dd0eb1afd90,cust_6be9ade2,2026-08-15 18:42:16.290365,185.58,INR,card,failed,insufficient_funds,Customer account has insufficient balance.,318,15,4,3,351.36,False,2,14,mid_market,189.59,True,True,True,SEND_RECOVERY_MESSAGE,185.58
txn_94e4c8659867,cust_167344cd,2026-07-26 17:20:16.278812,726.73,INR,card,failed,temporary_bank_failure,Bank is experiencing intermittent issues.,956,1,0,0,922.84,False,3,20,smb_saas,761.68,True,True,True,WAIT_AND_RETRY,726.73
txn_d13ae71b4529,cust_350aef03,2026-07-31 09:26:16.341954,514.18,INR,card,failed,insufficient_funds,Customer account has insufficient balance.,210,4,2,0,265.11,False,1,11,smb_saas,581.21,True,True,False,CREATE_ESCALATION,0.0
txn_58a927034cad,cust_e4fc1722,2026-08-05 07:11:16.282812,3379.75,USD,card,failed,temporary_bank_failure,Bank is experiencing intermittent issues.,594,49,2,0,2471.78,False,3,12,mid_market,3390.36,True,True,True,WAIT_AND_RETRY,3379.75
txn_6ec12f7bd503,cust_4f9a9001,2026-07-29 02:54:16.295908,518.07,INR,netbanking,failed,temporary_bank_failure,Bank is experiencing intermittent issues.,637,23,4,3,588.11,False,0,20,smb_saas,535.13,True,True,True,WAIT_AND_RETRY,518.07
txn_d6191cb3e724,cust_925d76e5,2026-08-12 19:21:16.311954,235.5,INR,upi,failed,insufficient_funds,Customer account has insufficient balance.,969,45,2,2,161.15,False,2,6,mid_market,243.73,True,True,True,SEND_RECOVERY_MESSAGE,235.5
txn_903c16b06d0c,cust_97e88b0a,2026-08-05 16:16:16.290365,354.17,INR,upi,failed,temporary_bank_failure,Bank is experiencing intermittent issues.,123,30,5,2,383.05,True,3,19,mid_market,414.4,True,False,True,WAIT_AND_RETRY,354.17
txn_b201ec1788ed,cust_018dda37,2026-08-02 18:05:16.248632,47.6,INR,wallet,failed,insufficient_funds,Customer account has insufficient balance.,461,14,4,1,26.05,False,1,11,smb_saas,110.31,True,True,True,SEND_RECOVERY_MESSAGE,47.6
txn_703b8e690d8a,cust_4e854814,2026-08-08 20:15:16.333954,165.34,INR,card,failed,temporary_bank_failure,Bank is experiencing intermittent issues.,450,46,2,0,190.15,False,2,22,ecommerce,262.36,True,False,True,WAIT_AND_RETRY,165.34
txn_ae2e5e7a0a07,cust_38197d74,2026-08-03 11:15:16.312954,125.29,INR,netbanking,failed,insufficient_funds,Customer account has insufficient balance.,50,21,1,0,121.16,False,3,28,smb_saas,167.05,True,True,False,CREATE_ESCALATION,0.0
txn_ea620021ef48,cust_2609b140,2026-08-06 17:25:16.235826,2056.16,INR,netbanking,failed,authentication_failed,OTP or 3D secure authentication failed.,476,11,2,2,2181.21,False,3,15,ecommerce,2082.99,True,True,False,CREATE_ESCALATION,0.0
txn_f6fb6431cfdd,cust_a7f566b6,2026-08-12 13:28:16.357097,725.09,USD,wallet,failed,authentication_failed,OTP or 3D secure authentication failed.,202,10,0,0,855.06,True,3,4,ecommerce,763.07,True,True,False,CREATE_ESCALATION,0.0
txn_101d513b914a,cust_fcdc1309,2026-08-08 00:18:16.318954,735.09,INR,netbanking,failed,authentication_failed,OTP or 3D secure authentication failed.,507,6,5,0,614.06,False,3,17,mid_market,830.72,True,True,False,CREATE_ESCALATION,0.0
txn_c2cbec6cd649,cust_59038117,2026-07-26 19:00:16.267812,180.41,INR,card,failed,bank_timeout,Issuing bank did not respond in time.,222,28,5,3,229.03,False,2,27,smb_saas,230.08,True,True,True,WAIT_AND_RETRY,180.41
txn_a6f6b3b3839a,cust_77e9dad8,2026-08-20 14:55:16.332954,8932.3,INR,wallet,failed,authentication_failed,OTP or 3D secure authentication failed.,611,39,1,1,9496.36,False,2,28,mid_market,9004.05,True,True,False,CREATE_ESCALATION,0.0
txn_3f063cb923e7,cust_804b416e,2026-08-10 17:52:16.260223,7116.7,INR,netbanking,failed,limit_exceeded,Transaction exceeds customer limits.,204,25,4,3,4773.5,False,3,26,mid_market,7210.14,True,True,False,CREATE_ESCALATION,0.0
txn_2277576ec261,cust_56509df0,2026-08-11 10:14:16.353498,13194.21,INR,upi,failed,bank_timeout,Issuing bank did not respond in time.,239,8,0,0,13212.2,False,2,28,enterprise,13230.82,True,True,False,CREATE_ESCALATION,0.0
txn_ee85a6d81248,cust_37e2e52d,2026-08-20 23:58:16.240825,1507.24,INR,wallet,failed,insufficient_funds,Customer account has insufficient balance.,124,26,2,2,2361.95,False,0,4,enterprise,1594.19,True,True,True,SEND_RECOVERY_MESSAGE,1507.24
txn_73fad5842cd2,cust_161d43f5,2026-07-30 01:27:16.271813,30.38,USD,upi,failed,insufficient_funds,Customer account has insufficient balance.,226,43,1,1,19.34,False,1,6,ecommerce,104.96,True,False,True,SEND_RECOVERY_MESSAGE,30.38
txn_773384abfbcf,cust_75469eb8,2026-08-14 07:55:16.315955,317.64,INR,upi,failed,insufficient_funds,Customer account has insufficient balance.,839,25,1,0,319.53,False,1,9,smb_saas,370.59,True,True,False,CREATE_ESCALATION,0.0
txn_048bc92d06a4,cust_714b9354,2026-08-19 04:42:16.351955,1914.57,USD,wallet,failed,insufficient_funds,Customer account has insufficient balance.,804,49,1,0,1751.15,False,1,14,mid_market,1924.49,True,True,False,CREATE_ESCALATION,0.0
txn_a08790682658,cust_dd905928,2026-08-12 22:56:16.262223,1132.71,INR,card,failed,authentication_failed,OTP or 3D secure authentication failed.,110,23,4,3,1287.26,False,3,3,ecommerce,1141.23,True,True,False,CREATE_ESCALATION,0.0
txn_9b804edd45f2,cust_1a9207e0,2026-08-07 19:14:16.254632,550.73,USD,upi,failed,limit_exceeded,Transaction exceeds customer limits.,456,29,4,0,581.36,True,3,29,smb_saas,593.03,True,True,False,CREATE_ESCALATION,0.0
txn_38d5424efa7f,cust_d0d674d3,2026-08-20 00:32:16.264223,20159.85,INR,netbanking,failed,limit_exceeded,Transaction exceeds customer limits.,944,30,5,0,17601.73,False,3,9,enterprise,20192.53,True,True,False,CREATE_ESCALATION,0.0
txn_f924a09d78d6,cust_5d820a54,2026-08-23 18:26:16.307955,7125.99,USD,upi,failed,insufficient_funds,Customer account has insufficient balance.,721,35,0,0,6697.89,False,3,30,enterprise,7224.79,True,True,False,CREATE_ESCALATION,0.0
txn_293f3357d723,cust_d526e3b9,2026-08-22 15:20:16.229825,382.78,INR,netbanking,failed,limit_exceeded,Transaction exceeds customer limits.,450,46,1,0,587.14,False,1,8,smb_saas,472.65,True,True,False,CREATE_ESCALATION,0.0
txn_1334fe5e9355,cust_6fb92921,2026-08-12 02:18:16.304955,2704.67,INR,netbanking,failed,bank_timeout,Issuing bank did not respond in time.,460,29,0,0,1851.26,True,1,27,mid_market,2774.08,True,True,True,WAIT_AND_RETRY,2704.67
txn_30c0cc31b76b,cust_955cf979,2026-08-12 02:07:16.368097,721.77,INR,card,failed,temporary_bank_failure,Bank is experiencing intermittent issues.,706,8,4,2,617.52,True,2,7,smb_saas,787.02,True,True,True,WAIT_AND_RETRY,721.77
txn_807766f55b61,cust_64afaf77,2026-07-29 14:17:16.278812,457.46,USD,netbanking,failed,insufficient_funds,Customer account has insufficient balance.,252,38,5,5,450.61,False,0,4,smb_saas,480.92,True,True,True,SEND_RECOVERY_MESSAGE,457.46
txn_b5a741089eed,cust_9cda9855,2026-08-10 07:52:16.317954,800.05,INR,card,failed,limit_exceeded,Transaction exceeds customer limits.,929,13,2,2,766.84,False,2,7,ecommerce,893.96,True,True,False,CREATE_ESCALATION,0.0
txn_8102de292665,cust_add9623a,2026-08-11 17:30:16.297955,498.05,INR,upi,failed,limit_exceeded,Transaction exceeds customer limits.,532,28,0,0,823.76,False,2,20,smb_saas,595.29,True,True,True,RETRY_PAYMENT,498.05
txn_a3e618658faa,cust_61aed673,2026-08-25 15:08:16.223629,961.08,INR,upi,failed,insufficient_funds,Customer account has insufficient balance.,130,47,3,0,1555.51,False,2,16,mid_market,1020.45,True,True,False,CREATE_ESCALATION,0.0
txn_9354b62cc377,cust_15192b51,2026-08-22 07:36:16.324955,667.08,USD,netbanking,failed,insufficient_funds,Customer account has insufficient balance.,789,3,4,4,756.43,False,3,25,smb_saas,674.58,True,True,False,CREATE_ESCALATION,0.0
txn_4ab6e2ad0d75,cust_d71f8cdf,2026-08-24 11:15:16.246043,8468.54,USD,card,failed,insufficient_funds,Customer account has insufficient balance.,932,24,5,3,5226.66,True,3,1,enterprise,8561.94,True,True,False,CREATE_ESCALATION,0.0
txn_2e25dc48bf9b,cust_4d3e1469,2026-08-25 00:16:16.239825,130.47,INR,upi,failed,fraud_suspected,Transaction flagged by risk engine.,103,19,5,2,153.81,False,2,21,smb_saas,179.12,True,True,False,STOP_AUTOMATION,0.0
txn_5556686cf836,cust_9216f0f0,2026-08-04 15:20:16.329954,16005.19,INR,card,failed,limit_exceeded,Transaction exceeds customer limits.,857,20,1,0,12123.92,False,3,29,enterprise,16088.98,True,True,False,CREATE_ESCALATION,0.0
txn_8e387dea083b,cust_de1e7d60,2026-08-16 22:41:16.254632,6796.08,INR,netbanking,failed,insufficient_funds,Customer account has insufficient balance.,724,15,2,2,11029.53,False,3,3,mid_market,6841.43,True,True,True,SEND_RECOVERY_MESSAGE,6796.08
txn_7a47bca12722,cust_0be3b43c,2026-08-03 15:06:16.226172,6519.75,INR,wallet,failed,authentication_failed,OTP or 3D secure authentication failed.,592,40,2,2,7310.84,False,0,12,mid_market,6571.31,True,True,False,CREATE_ESCALATION,0.0
txn_73c873970dce,cust_10d4ff65,2026-08-01 10:27:16.362097,100.9,INR,netbanking,failed,authentication_failed,OTP or 3D secure authentication failed.,287,5,0,0,125.36,False,3,22,smb_saas,131.54,True,True,True,RETRY_PAYMENT,100.9
txn_049f0ca7474e,cust_65a0f8c9,2026-08-01 12:42:16.339954,3729.18,INR,upi,failed,bank_timeout,Issuing bank did not respond in time.,92,18,4,1,7435.81,False,1,30,mid_market,3777.5,True,False,True,WAIT_AND_RETRY,3729.18
txn_06dc64ece103,cust_9561455c,2026-07-26 13:01:16.330954,4216.54,USD,upi,failed,insufficient_funds,Customer account has insufficient balance.,506,26,0,0,6143.22,True,3,1,mid_market,4261.11,True,True,False,CREATE_ESCALATION,0.0
txn_7ddd51712c69,cust_ddd7b18d,2026-07-25 22:42:16.318954,2365.28,INR,upi,failed,insufficient_funds,Customer account has insufficient balance.,636,45,2,1,1763.88,True,2,9,mid_market,2380.24,True,True,True,SEND_RECOVERY_MESSAGE,2365.28
txn_a86564ccae6f,cust_b2a76d6c,2026-08-21 07:53:16.330954,29.31,INR,upi,failed,temporary_bank_failure,Bank is experiencing intermittent issues.,272,35,4,3,17.6,False,3,15,smb_saas,64.25,True,True,True,WAIT_AND_RETRY,29.31
txn_fd0003ed5248,cust_c03cc5a5,2026-08-16 01:49:16.316954,1486.73,INR,upi,failed,insufficient_funds,Customer account has insufficient balance.,920,21,1,1,801.94,False,1,14,ecommerce,1580.14,True,True,True,SEND_RECOVERY_MESSAGE,1486.73
txn_68cda49d39a8,cust_33629962,2026-08-13 16:58:16.332954,210.13,INR,upi,failed,bank_timeout,Issuing bank did not respond in time.,36,45,2,1,106.27,False,2,12,ecommerce,278.42,True,True,False,CREATE_ESCALATION,0.0
txn_bc661eae47c1,cust_c1585f4a,2026-07-29 00:13:16.284812,4227.9,INR,netbanking,failed,authentication_failed,OTP or 3D secure authentication failed.,122,32,5,0,6476.06,False,1,18,mid_market,4252.44,True,True,True,RETRY_PAYMENT,4227.9
txn_d4190d1131c3,cust_37d3bd6e,2026-08-03 03:07:16.333954,3847.2,INR,upi,failed,insufficient_funds,Customer account has insufficient balance.,712,50,4,1,6651.57,False,1,13,enterprise,3847.91,True,True,True,SEND_RECOVERY_MESSAGE,3847.2
txn_34bf8976354f,cust_ec4a149d,2026-08-18 01:51:16.287327,775.17,INR,card,failed,insufficient_funds,Customer account has insufficient balance.,153,5,1,1,508.13,False,0,7,smb_saas,840.73,True,True,True,SEND_RECOVERY_MESSAGE,775.17
txn_68f17e193f44,cust_40d081bd,2026-08-12 14:29:16.241825,324.08,INR,wallet,failed,insufficient_funds,Customer account has insufficient balance.,408,43,4,0,388.05,True,0,20,ecommerce,410.33,True,True,True,SEND_RECOVERY_MESSAGE,324.08
txn_5e479b8f199a,cust_21503dc5,2026-08-19 10:26:16.356096,1346.88,INR,card,failed,authentication_failed,OTP or 3D secure authentication failed.,129,10,2,1,2687.02,False,0,16,ecommerce,1382.37,True,True,True,RETRY_PAYMENT,1346.88
txn_860d93d200ef,cust_299746c1,2026-08-21 00:47:16.350954,783.9,INR,card,failed,authentication_failed,OTP or 3D secure authentication failed.,742,35,1,1,527.29,False,3,4,ecommerce,809.94,True,True,False,CREATE_ESCALATION,0.0
txn_3a1863f8cccf,cust_fbf058a5,2026-08-15 07:28:16.260223,136.82,INR,wallet,failed,limit_exceeded,Transaction exceeds customer limits.,270,5,2,2,77.64,True,2,0,smb_saas,234.1,True,True,False,CREATE_ESCALATION,0.0
txn_7dcd176ae2f5,cust_8b43ce7e,2026-07-26 19:48:16.315955,10.0,INR,card,failed,insufficient_funds,Customer account has insufficient balance.,21,13,1,1,10.99,False,3,17,smb_saas,11.31,True,True,False,CREATE_ESCALATION,0.0
txn_0c851bca188b,cust_069c346f,2026-08-02 17:05:16.240825,562.62,INR,card,failed,bank_timeout,Issuing bank did not respond in time.,323,2,3,0,1068.16,False,2,6,ecommerce,646.76,True,True,False,CREATE_ESCALATION,0.0
txn_9a5331b01d60,cust_381805c5,2026-08-06 00:22:16.353498,663.07,INR,card,failed,insufficient_funds,Customer account has insufficient balance.,748,32,5,3,1263.81,False,0,16,ecommerce,729.45,True,True,True,SEND_RECOVERY_MESSAGE,663.07
txn_e11ccb79fb19,cust_89faa668,2026-08-05 14:55:16.262223,30218.16,INR,wallet,failed,insufficient_funds,Customer account has insufficient balance.,547,21,0,0,52205.96,True,3,24,high_value,30230.8,True,True,False,CREATE_ESCALATION,0.0
txn_234de8c634c4,cust_dce883a5,2026-07-29 00:56:16.256176,5000.0,INR,card,failed,temporary_bank_failure,Bank is experiencing intermittent issues.,836,37,4,2,7632.23,True,0,28,high_value,5009.68,True,True,False,CREATE_ESCALATION,0.0
txn_56d3b489dbc9,cust_ffd460a4,2026-08-16 10:56:16.316954,2087.84,USD,card,failed,authentication_failed,OTP or 3D secure authentication failed.,501,19,5,1,1248.55,False,1,0,ecommerce,2129.43,True,True,True,RETRY_PAYMENT,2087.84
txn_3e0300506c4d,cust_82fbb310,2026-08-05 08:48:16.341954,505.79,INR,wallet,failed,insufficient_funds,Customer account has insufficient balance.,420,39,3,2,909.52,False,3,15,smb_saas,546.41,True,False,False,CREATE_ESCALATION,0.0
txn_03f8c46bc3b2,cust_0dba6895,2026-08-20 06:43:16.313954,187.34,INR,card,failed,authentication_failed,OTP or 3D secure authentication failed.,680,30,3,1,185.77,False,3,5,ecommerce,223.87,True,True,True,RETRY_PAYMENT,187.34
txn_005f4fa1c862,cust_6ec44c59,2026-08-15 21:39:16.345955,51.98,INR,upi,failed,insufficient_funds,Customer account has insufficient balance.,93,13,5,0,31.33,False,3,28,smb_saas,149.31,True,True,True,SEND_RECOVERY_MESSAGE,51.98
txn_804736187dcc,cust_5746772b,2026-08-03 22:05:16.241825,257.1,INR,wallet,failed,bank_timeout,Issuing bank did not respond in time.,923,2,2,2,168.89,False,0,5,smb_saas,299.24,True,True,True,WAIT_AND_RETRY,257.1
txn_b87961ee418b,cust_ce704e49,2026-08-20 14:28:16.245325,46.98,INR,upi,failed,insufficient_funds,Customer account has insufficient balance.,203,1,3,3,34.65,False,2,7,smb_saas,65.97,True,True,False,CREATE_ESCALATION,0.0
txn_5048b5c1c2e9,cust_42c87470,2026-08-15 13:27:16.318954,320.04,INR,netbanking,failed,bank_timeout,Issuing bank did not respond in time.,412,11,5,5,212.16,False,0,5,ecommerce,356.14,True,False,True,WAIT_AND_RETRY,320.04
txn_fe29028d78ea,cust_2d204bbe,2026-08-01 17:18:16.279813,259.0,USD,wallet,failed,insufficient_funds,Customer account has insufficient balance.,691,24,2,2,446.91,False,3,10,ecommerce,337.91,True,True,False,CREATE_ESCALATION,0.0
txn_17ceb655d545,cust_7fce3d62,2026-08-04 04:02:16.249632,46.97,INR,upi,failed,fraud_suspected,Transaction flagged by risk engine.,351,23,2,1,36.35,False,3,18,smb_saas,86.38,True,True,False,STOP_AUTOMATION,0.0
txn_27440947c4a1,cust_153a56a4,2026-08-18 10:09:16.311954,410.98,INR,card,failed,fraud_suspected,Transaction flagged by risk engine.,668,44,4,3,503.14,False,2,15,smb_saas,424.61,True,True,False,STOP_AUTOMATION,0.0
txn_92892a7e2062,cust_20f3705c,2026-08-02 02:30:16.332954,3284.51,USD,card,failed,limit_exceeded,Transaction exceeds customer limits.,498,9,4,0,2162.0,True,0,9,mid_market,3310.72,True,True,False,CREATE_ESCALATION,0.0
txn_5da646f13218,cust_d6640db1,2026-08-04 23:57:16.229825,1791.25,INR,upi,failed,fraud_suspected,Transaction flagged by risk engine.,564,25,4,2,2662.33,False,3,29,ecommerce,1826.48,True,True,False,STOP_AUTOMATION,0.0
txn_49f02b5e90df,cust_19268a27,2026-07-31 23:06:16.284812,611.75,INR,card,failed,insufficient_funds,Customer account has insufficient balance.,671,32,0,0,551.59,True,2,22,mid_market,695.69,True,True,True,SEND_RECOVERY_MESSAGE,611.75
txn_8fa2b177b679,cust_27f0c2dc,2026-08-14 09:05:16.283812,111.14,INR,card,failed,insufficient_funds,Customer account has insufficient balance.,482,32,3,0,112.44,False,3,26,ecommerce,156.37,True,True,True,SEND_RECOVERY_MESSAGE,111.14
txn_9cb19f5ce04e,cust_4189f9f9,2026-08-03 20:52:16.263223,586.57,INR,upi,failed,authentication_failed,OTP or 3D secure authentication failed.,412,11,4,1,455.24,False,3,16,smb_saas,669.65,True,True,False,CREATE_ESCALATION,0.0
txn_f60753611e8c,cust_0ecf1e13,2026-08-04 07:11:16.269812,270.87,INR,wallet,failed,authentication_failed,OTP or 3D secure authentication failed.,456,31,4,4,534.65,True,1,25,smb_saas,315.79,True,True,True,RETRY_PAYMENT,270.87
txn_216f44b04ee5,cust_b23568f9,2026-08-24 12:02:16.314954,13729.39,INR,netbanking,failed,authentication_failed,OTP or 3D secure authentication failed.,492,2,3,3,21250.04,False,3,27,enterprise,13816.72,True,True,False,CREATE_ESCALATION,0.0
txn_fdccdc1e22a6,cust_0392f6ac,2026-08-15 18:01:16.252632,28.2,INR,card,failed,insufficient_funds,Customer account has insufficient balance.,813,38,1,1,33.43,False,0,19,ecommerce,81.93,True,True,True,SEND_RECOVERY_MESSAGE,28.2
txn_02524e49c3f4,cust_256b3488,2026-08-12 03:04:16.266812,985.7,USD,wallet,failed,insufficient_funds,Customer account has insufficient balance.,821,35,1,1,1932.32,False,2,26,ecommerce,1043.18,True,True,True,SEND_RECOVERY_MESSAGE,985.7
txn_563c1ff44bfe,cust_bb907cbc,2026-07-27 09:18:16.353498,143.06,INR,wallet,failed,bank_timeout,Issuing bank did not respond in time.,79,47,1,1,91.08,False,2,28,smb_saas,146.84,True,True,True,WAIT_AND_RETRY,143.06
txn_3620cecddf84,cust_d9db40eb,2026-08-02 21:37:16.315955,117.07,INR,wallet,failed,insufficient_funds,Customer account has insufficient balance.,529,41,3,1,184.08,False,1,30,ecommerce,173.22,True,False,False,CREATE_ESCALATION,0.0
txn_62e69a73ceef,cust_e40bfe85,2026-08-17 22:50:16.267812,2234.64,INR,card,failed,temporary_bank_failure,Bank is experiencing intermittent issues.,737,45,3,0,1886.49,True,0,22,ecommerce,2330.77,True,True,True,WAIT_AND_RETRY,2234.64
txn_58718edb9955,cust_01121133,2026-08-21 07:40:16.239825,4880.49,USD,upi,failed,temporary_bank_failure,Bank is experiencing intermittent issues.,731,17,1,0,5603.17,False,2,7,mid_market,4883.7,True,False,True,WAIT_AND_RETRY,4880.49
txn_551771206c1b,cust_93befc3a,2026-08-22 00:31:16.277813,1000.0,INR,netbanking,failed,limit_exceeded,Transaction exceeds customer limits.,223,6,2,1,1743.23,False,1,28,enterprise,1096.46,True,True,False,CREATE_ESCALATION,0.0
txn_535aaa6eda60,cust_6373aff1,2026-08-09 21:37:16.249632,1222.54,INR,wallet,failed,insufficient_funds,Customer account has insufficient balance.,965,1,4,2,1089.96,True,3,19,mid_market,1294.09,True,True,False,CREATE_ESCALATION,0.0
txn_f053e73e5468,cust_cdeb9aad,2026-07-28 12:20:16.312954,753.08,INR,upi,failed,insufficient_funds,Customer account has insufficient balance.,291,39,2,0,969.04,False,0,1,ecommerce,848.68,True,True,True,SEND_RECOVERY_MESSAGE,753.08
txn_7c25d212229a,cust_51e489cc,2026-08-03 13:14:16.292365,29.55,INR,netbanking,failed,insufficient_funds,Customer account has insufficient balance.,123,31,1,0,53.71,False,0,25,smb_saas,102.47,True,True,True,SEND_RECOVERY_MESSAGE,29.55
txn_ccfa25849f60,cust_63d967b7,2026-08-17 02:26:16.232825,29.87,INR,wallet,failed,authentication_failed,OTP or 3D secure authentication failed.,850,7,3,2,35.19,False,0,6,smb_saas,119.06,True,True,True,RETRY_PAYMENT,29.87
txn_b6b8fa777409,cust_54fc2c25,2026-08-13 08:54:16.298954,846.22,INR,card,failed,insufficient_funds,Customer account has insufficient balance.,344,31,4,0,1676.62,True,2,11,mid_market,942.1,True,True,True,SEND_RECOVERY_MESSAGE,846.22
txn_232e3dd07fed,cust_0740392d,2026-08-21 15:19:16.320954,5000.0,USD,netbanking,failed,bank_timeout,Issuing bank did not respond in time.,639,30,5,3,4793.43,True,2,4,high_value,5063.85,True,True,True,WAIT_AND_RETRY,5000.0
txn_2c54a528fd00,cust_82e9fc56,2026-08-13 21:31:16.263223,2210.64,INR,wallet,failed,bank_timeout,Issuing bank did not respond in time.,101,32,3,3,2425.5,False,1,13,mid_market,2303.32,True,True,True,WAIT_AND_RETRY,2210.64
txn_e699f07c78e7,cust_39838afc,2026-07-28 10:17:16.286812,59.58,INR,upi,failed,authentication_failed,OTP or 3D secure authentication failed.,155,25,1,0,57.21,False,1,21,ecommerce,121.41,True,True,False,CREATE_ESCALATION,0.0
txn_34d433eed31f,cust_5fe17a59,2026-07-31 11:40:16.236825,17.45,INR,upi,failed,bank_timeout,Issuing bank did not respond in time.,119,36,2,0,31.06,False,0,9,smb_saas,23.64,True,True,True,WAIT_AND_RETRY,17.45
txn_912ce2d920fd,cust_797f4b13,2026-08-09 20:54:16.273812,3291.18,INR,wallet,failed,insufficient_funds,Customer account has insufficient balance.,331,13,5,1,4752.0,False,3,16,mid_market,3344.11,True,True,False,CREATE_ESCALATION,0.0
txn_fc7958941bc5,cust_7caa60f0,2026-07-30 01:38:16.309954,84.21,USD,netbanking,failed,fraud_suspected,Transaction flagged by risk engine.,590,13,2,2,160.92,False,0,25,smb_saas,164.63,True,True,False,STOP_AUTOMATION,0.0
txn_5e351779bb04,cust_cf42e065,2026-08-03 22:48:16.311954,236.23,INR,wallet,failed,authentication_failed,OTP or 3D secure authentication failed.,833,6,3,1,251.13,False,0,6,smb_saas,288.55,True,True,True,RETRY_PAYMENT,236.23
txn_2e627448ba56,cust_cf635c2d,2026-07-30 18:45:16.312954,262.02,INR,netbanking,failed,insufficient_funds,Customer account has insufficient balance.,366,45,4,1,364.45,True,2,27,smb_saas,346.24,True,True,False,CREATE_ESCALATION,0.0
txn_8a84b117a488,cust_efa3982a,2026-07-27 21:14:16.290365,298.64,USD,upi,failed,authentication_failed,OTP or 3D secure authentication failed.,666,4,3,3,154.37,False,3,27,ecommerce,377.91,True,True,False,CREATE_ESCALATION,0.0
txn_76edd552a6d9,cust_577ee38a,2026-08-10 05:15:16.265766,249.73,INR,netbanking,failed,insufficient_funds,Customer account has insufficient balance.,325,48,3,1,369.0,True,0,25,smb_saas,252.96,True,True,False,CREATE_ESCALATION,0.0
txn_7f857fcc04a5,cust_753660dd,2026-08-23 12:17:16.238825,492.19,INR,netbanking,failed,bank_timeout,Issuing bank did not respond in time.,735,21,1,1,665.05,False,1,17,ecommerce,498.81,True,True,True,WAIT_AND_RETRY,492.19
txn_73b64c41075a,cust_fb931389,2026-08-15 14:52:16.271813,489.22,INR,wallet,failed,authentication_failed,OTP or 3D secure authentication failed.,43,20,4,2,530.89,False,2,5,smb_saas,542.91,True,True,False,CREATE_ESCALATION,0.0
txn_ec8c253240c5,cust_f5d94138,2026-08-15 03:08:16.249632,10045.95,INR,upi,failed,authentication_failed,OTP or 3D secure authentication failed.,604,14,5,1,10196.51,False,2,3,enterprise,10068.31,True,False,False,CREATE_ESCALATION,0.0
txn_7b61d76677e0,cust_0ae39a96,2026-07-27 12:12:16.259223,3081.93,USD,netbanking,failed,limit_exceeded,Transaction exceeds customer limits.,613,50,0,0,4308.89,False,3,1,mid_market,3140.86,True,True,False,CREATE_ESCALATION,0.0
txn_11b1c57c6a6c,cust_05131055,2026-08-25 18:26:16.228825,4653.7,INR,netbanking,failed,authentication_failed,OTP or 3D secure authentication failed.,139,44,4,1,6451.17,False,3,16,enterprise,4717.68,True,True,False,CREATE_ESCALATION,0.0
txn_8ff180e4f1d6,cust_9275dfb4,2026-08-03 20:46:16.241825,177.76,INR,netbanking,failed,insufficient_funds,Customer account has insufficient balance.,455,2,2,2,141.86,False,1,20,smb_saas,252.44,True,True,True,SEND_RECOVERY_MESSAGE,177.76
txn_89e1d870ef37,cust_36a3d320,2026-08-18 22:34:16.314954,470.21,INR,card,failed,insufficient_funds,Customer account has insufficient balance.,379,17,1,0,818.32,True,1,3,smb_saas,485.31,True,True,True,SEND_RECOVERY_MESSAGE,470.21
txn_e84105e07164,cust_13fa0802,2026-08-23 18:06:16.350954,570.21,INR,card,failed,authentication_failed,OTP or 3D secure authentication failed.,156,35,5,5,689.03,False,0,24,ecommerce,605.34,True,True,False,CREATE_ESCALATION,0.0
txn_7e039d1badc7,cust_3cd21c74,2026-07-29 19:40:16.343954,14408.94,USD,card,failed,temporary_bank_failure,Bank is experiencing intermittent issues.,901,4,3,2,25339.8,False,0,7,high_value,14507.47,True,True,False,CREATE_ESCALATION,0.0
txn_c78850f185ff,cust_a12a577e,2026-08-22 07:42:16.367097,2276.31,INR,card,failed,insufficient_funds,Customer account has insufficient balance.,939,27,1,1,2753.29,True,2,21,mid_market,2287.72,True,True,True,SEND_RECOVERY_MESSAGE,2276.31
txn_7c401e4593da,cust_3d9e6ce3,2026-08-01 23:13:16.261223,1482.4,INR,upi,failed,insufficient_funds,Customer account has insufficient balance.,191,32,3,2,2458.96,True,3,13,mid_market,1561.71,True,True,False,CREATE_ESCALATION,0.0
txn_d78f41c89714,cust_e3b9a3fc,2026-08-13 05:27:16.294364,10.0,INR,upi,failed,insufficient_funds,Customer account has insufficient balance.,454,21,3,2,7.03,False,0,17,smb_saas,34.8,True,False,False,CREATE_ESCALATION,0.0
txn_2e70601a5cba,cust_a8e8278c,2026-08-07 21:28:16.270823,161.8,INR,netbanking,failed,authentication_failed,OTP or 3D secure authentication failed.,712,22,1,0,308.26,False,2,25,mid_market,255.76,True,True,True,RETRY_PAYMENT,161.8
txn_f50f7867dd42,cust_f132d531,2026-08-02 20:19:16.356096,92.75,INR,netbanking,failed,insufficient_funds,Customer account has insufficient balance.,305,28,1,1,126.98,False,1,29,smb_saas,103.12,True,True,False,CREATE_ESCALATION,0.0
txn_30f76f950a50,cust_2a0f0338,2026-08-13 19:58:16.295908,5428.26,INR,wallet,failed,insufficient_funds,Customer account has insufficient balance.,105,49,3,1,9317.29,False,1,10,high_value,5438.53,True,True,False,CREATE_ESCALATION,0.0
txn_aa588c280f79,cust_9013df68,2026-07-29 17:59:16.344954,304.13,INR,card,failed,bank_timeout,Issuing bank did not respond in time.,214,19,0,0,342.63,False,3,3,smb_saas,324.18,True,True,True,WAIT_AND_RETRY,304.13
txn_7fa0ff5c3f36,cust_788feb98,2026-07-31 20:10:16.273812,883.03,INR,card,failed,limit_exceeded,Transaction exceeds customer limits.,669,40,3,2,930.97,False,2,9,ecommerce,955.82,True,True,False,CREATE_ESCALATION,0.0
txn_0e5b90a14782,cust_6a235b6c,2026-08-06 02:54:16.329954,60.2,USD,upi,failed,bank_timeout,Issuing bank did not respond in time.,596,28,5,3,105.36,False,3,21,smb_saas,142.6,True,True,True,WAIT_AND_RETRY,60.2
txn_0cfe3f9b454b,cust_488963ad,2026-08-17 01:53:16.226780,13133.91,INR,wallet,failed,insufficient_funds,Customer account has insufficient balance.,154,9,4,4,18046.2,False,0,29,enterprise,13144.47,True,True,False,CREATE_ESCALATION,0.0
txn_95f5490a0c41,cust_f560fb8c,2026-08-25 06:06:16.345955,423.23,INR,upi,failed,limit_exceeded,Transaction exceeds customer limits.,948,37,4,1,450.92,True,1,24,smb_saas,517.27,True,True,False,CREATE_ESCALATION,0.0
txn_a74b29be692c,cust_e8c6fafd,2026-08-18 11:31:16.312954,82.3,INR,wallet,failed,insufficient_funds,Customer account has insufficient balance.,975,33,3,0,87.84,True,1,22,ecommerce,87.01,True,False,True,SEND_RECOVERY_MESSAGE,82.3
txn_28e2770b8694,cust_847f8369,2026-08-16 01:27:16.265766,1230.64,INR,card,failed,bank_timeout,Issuing bank did not respond in time.,201,34,0,0,2214.2,True,1,22,ecommerce,1291.31,True,True,True,WAIT_AND_RETRY,1230.64
txn_c193f18c54fe,cust_c111fc90,2026-07-26 05:35:16.230826,5543.37,INR,netbanking,failed,insufficient_funds,Customer account has insufficient balance.,193,6,1,0,2989.52,False,2,19,mid_market,5600.07,True,True,True,SEND_RECOVERY_MESSAGE,5543.37
txn_fba543182a95,cust_4726941d,2026-08-12 21:52:16.302954,244.19,INR,upi,failed,insufficient_funds,Customer account has insufficient balance.,43,25,5,5,362.5,True,1,24,smb_saas,341.88,True,True,True,SEND_RECOVERY_MESSAGE,244.19
txn_05b4f5a31048,cust_9d5ce21e,2026-08-17 19:45:16.252632,3976.78,INR,netbanking,failed,insufficient_funds,Customer account has insufficient balance.,486,44,5,1,6652.31,True,1,13,enterprise,4019.46,True,True,False,CREATE_ESCALATION,0.0
txn_e849eec7f045,cust_4b4f0924,2026-08-18 08:29:16.334955,496.02,INR,netbanking,failed,authentication_failed,OTP or 3D secure authentication failed.,516,4,2,2,647.0,False,2,2,smb_saas,531.02,True,True,True,RETRY_PAYMENT,496.02
txn_3f32b5fa252a,cust_7fcabf81,2026-08-23 11:00:16.279813,7226.23,INR,card,failed,authentication_failed,OTP or 3D secure authentication failed.,154,10,3,3,11393.63,True,1,14,mid_market,7277.09,True,True,False,CREATE_ESCALATION,0.0
txn_a34b1881bfe3,cust_d9296e23,2026-08-23 06:11:16.354544,300.1,INR,wallet,failed,fraud_suspected,Transaction flagged by risk engine.,304,44,4,2,298.63,True,2,8,smb_saas,378.64,True,True,False,STOP_AUTOMATION,0.0
txn_a4849462911b,cust_11f70e61,2026-08-12 03:13:16.349954,9141.53,INR,netbanking,failed,insufficient_funds,Customer account has insufficient balance.,382,10,1,1,12641.65,False,1,20,high_value,9238.54,True,True,True,SEND_RECOVERY_MESSAGE,9141.53
txn_e5b86e61e59d,cust_7f21f7f5,2026-07-30 17:36:16.359096,8216.55,INR,netbanking,failed,insufficient_funds,Customer account has insufficient balance.,84,35,2,0,12647.07,False,1,6,mid_market,8283.9,True,False,False,CREATE_ESCALATION,0.0
txn_a8ce5e4a9ff3,cust_1217bb4c,2026-08-24 23:45:16.330954,3786.19,INR,wallet,failed,authentication_failed,OTP or 3D secure authentication failed.,127,15,1,0,4038.12,True,1,17,mid_market,3789.3,True,True,True,RETRY_PAYMENT,3786.19
txn_d4bea05a93b5,cust_91338fad,2026-08-16 09:26:16.223629,1745.71,USD,wallet,failed,authentication_failed,OTP or 3D secure authentication failed.,354,21,4,4,1860.6,False,1,22,ecommerce,1769.59,True,True,False,CREATE_ESCALATION,0.0
txn_7f1521e482e4,cust_fb83628a,2026-07-26 18:06:16.316954,205.37,INR,netbanking,failed,insufficient_funds,Customer account has insufficient balance.,625,17,4,1,405.8,False,2,12,smb_saas,277.62,True,True,False,CREATE_ESCALATION,0.0
txn_1fb53987de81,cust_a8072f0b,2026-08-06 13:16:16.252632,233.36,USD,netbanking,failed,insufficient_funds,Customer account has insufficient balance.,713,24,1,1,188.75,False,3,23,ecommerce,234.16,True,True,True,SEND_RECOVERY_MESSAGE,233.36
txn_1d6b9c0e6fdd,cust_2625cc92,2026-08-06 14:58:16.270823,32475.87,INR,card,failed,bank_timeout,Issuing bank did not respond in time.,775,24,2,0,37552.51,True,1,27,high_value,32525.14,True,True,False,CREATE_ESCALATION,0.0
txn_af7c3ed165d1,cust_c6a0d113,2026-07-29 09:03:16.306955,121.87,INR,wallet,failed,limit_exceeded,Transaction exceeds customer limits.,562,33,1,1,100.77,False,0,21,smb_saas,159.27,True,True,True,RETRY_PAYMENT,121.87
txn_cb2f23596327,cust_80fee91a,2026-07-30 09:20:16.257223,122.13,INR,card,failed,insufficient_funds,Customer account has insufficient balance.,177,21,2,1,186.6,False,1,28,smb_saas,167.22,True,True,False,CREATE_ESCALATION,0.0
txn_13ae7805d29a,cust_9ddf4033,2026-08-07 04:21:16.267812,53.11,INR,wallet,failed,insufficient_funds,Customer account has insufficient balance.,548,49,2,1,85.1,False,1,6,smb_saas,54.45,True,False,True,SEND_RECOVERY_MESSAGE,53.11
txn_16135052ad7e,cust_b1747645,2026-08-09 15:23:16.275813,238.01,INR,netbanking,failed,insufficient_funds,Customer account has insufficient balance.,295,45,3,1,445.75,False,3,19,smb_saas,282.72,True,True,False,CREATE_ESCALATION,0.0
txn_023760cda5c8,cust_593d8c0a,2026-08-09 05:40:16.344954,690.71,INR,upi,failed,temporary_bank_failure,Bank is experiencing intermittent issues.,693,11,2,1,1079.68,False,2,19,ecommerce,776.95,True,False,False,CREATE_ESCALATION,0.0
txn_9f28bae96d1c,cust_066b28fb,2026-08-04 04:06:16.281813,760.14,INR,netbanking,failed,insufficient_funds,Customer account has insufficient balance.,246,38,0,0,1134.33,False,1,15,ecommerce,785.03,True,False,False,CREATE_ESCALATION,0.0
txn_a81dd517efa1,cust_0b384d92,2026-08-10 14:47:16.267812,1302.41,USD,card,failed,authentication_failed,OTP or 3D secure authentication failed.,815,5,2,1,1521.41,False,1,4,mid_market,1342.54,True,True,False,CREATE_ESCALATION,0.0
txn_031146376c1e,cust_8b8f5433,2026-08-08 13:39:16.349954,7359.13,INR,upi,failed,insufficient_funds,Customer account has insufficient balance.,608,8,2,2,11105.52,False,2,30,enterprise,7410.13,True,True,False,CREATE_ESCALATION,0.0
txn_ddc44e515c93,cust_5f0387e7,2026-07-30 01:45:16.342954,241.93,INR,upi,failed,insufficient_funds,Customer account has insufficient balance.,60,17,5,4,391.93,False,2,27,smb_saas,277.33,True,True,False,CREATE_ESCALATION,0.0
txn_edd53bb54aac,cust_b07ab79c,2026-08-16 08:04:16.336954,984.79,INR,wallet,failed,insufficient_funds,Customer account has insufficient balance.,526,1,3,2,970.57,True,3,9,mid_market,1032.42,True,True,True,SEND_RECOVERY_MESSAGE,984.79
txn_6d38ed59cfe0,cust_39050d0e,2026-08-09 06:32:16.315955,594.73,USD,netbanking,failed,limit_exceeded,Transaction exceeds customer limits.,291,6,3,0,313.14,False,3,15,smb_saas,616.21,True,True,False,CREATE_ESCALATION,0.0
txn_cf27e968a73a,cust_e39c1389,2026-08-08 13:21:16.347954,502.75,USD,wallet,failed,limit_exceeded,Transaction exceeds customer limits.,754,10,3,0,314.33,False,1,16,smb_saas,558.51,True,True,False,CREATE_ESCALATION,0.0
txn_ceec5ee71b58,cust_1247b270,2026-08-10 02:16:16.346954,463.17,USD,card,failed,bank_timeout,Issuing bank did not respond in time.,449,9,3,1,351.06,False,2,26,smb_saas,540.64,True,True,True,WAIT_AND_RETRY,463.17
txn_fd88d5f5204e,cust_46661ab2,2026-08-01 06:38:16.243446,539.1,INR,card,failed,insufficient_funds,Customer account has insufficient balance.,215,7,3,2,875.78,False,1,6,smb_saas,637.62,True,True,False,CREATE_ESCALATION,0.0
txn_86051c893266,cust_c2c14e88,2026-08-01 00:10:16.245325,202.94,INR,netbanking,failed,insufficient_funds,Customer account has insufficient balance.,56,41,5,1,274.02,False,2,6,smb_saas,254.05,True,True,True,SEND_RECOVERY_MESSAGE,202.94
txn_8ee9a76d22ec,cust_29f02311,2026-08-20 01:53:16.273812,685.64,INR,upi,failed,authentication_failed,OTP or 3D secure authentication failed.,181,11,2,2,556.63,True,1,22,smb_saas,732.79,True,True,True,RETRY_PAYMENT,685.64
txn_736b39f87565,cust_39b3f01b,2026-08-23 23:40:16.257223,2558.08,INR,upi,failed,insufficient_funds,Customer account has insufficient balance.,981,10,1,1,1537.03,True,2,28,enterprise,2623.28,True,True,False,CREATE_ESCALATION,0.0
txn_e99467001ea8,cust_ba3feb82,2026-08-02 03:20:16.293365,3423.78,INR,upi,failed,limit_exceeded,Transaction exceeds customer limits.,949,46,3,1,6272.63,True,3,25,mid_market,3493.34,True,True,False,CREATE_ESCALATION,0.0
txn_c73d0630845d,cust_a5dd9446,2026-08-12 20:45:16.285813,149.22,USD,wallet,failed,insufficient_funds,Customer account has insufficient balance.,715,19,2,0,204.45,False,2,2,smb_saas,212.17,True,True,True,SEND_RECOVERY_MESSAGE,149.22
txn_d3705ad6974e,cust_c196688a,2026-08-19 12:00:16.337954,1904.47,INR,card,failed,authentication_failed,OTP or 3D secure authentication failed.,115,25,4,2,2047.03,False,2,13,mid_market,1960.66,True,True,False,CREATE_ESCALATION,0.0
txn_5827e03bdbf7,cust_81da2c46,2026-07-27 07:50:16.344954,25.0,INR,upi,failed,limit_exceeded,Transaction exceeds customer limits.,307,26,5,1,36.75,False,0,12,smb_saas,82.34,True,True,True,RETRY_PAYMENT,25.0
txn_d382c6fa8368,cust_c88eb6d2,2026-08-19 06:15:16.313954,544.56,INR,upi,failed,temporary_bank_failure,Bank is experiencing intermittent issues.,594,9,5,4,790.37,False,3,28,smb_saas,583.37,True,True,True,WAIT_AND_RETRY,544.56
txn_2d2ea9422f2d,cust_6a5b4af5,2026-08-15 15:24:16.233825,636.64,INR,netbanking,failed,authentication_failed,OTP or 3D secure authentication failed.,42,5,2,1,428.83,True,2,21,ecommerce,734.26,True,True,False,CREATE_ESCALATION,0.0
txn_9e8ad06de867,cust_ff4de337,2026-08-24 21:09:16.223629,693.55,INR,card,failed,temporary_bank_failure,Bank is experiencing intermittent issues.,764,31,2,0,978.32,False,1,19,smb_saas,718.61,True,True,True,WAIT_AND_RETRY,693.55
txn_2413c8c9aaa5,cust_f8347631,2026-08-18 08:33:16.354544,2813.32,INR,card,failed,insufficient_funds,Customer account has insufficient balance.,739,45,0,0,4885.49,False,3,4,mid_market,2816.55,True,True,True,SEND_RECOVERY_MESSAGE,2813.32
txn_8a69e090fd73,cust_5f9a3906,2026-08-01 13:17:16.242826,5591.43,INR,netbanking,failed,insufficient_funds,Customer account has insufficient balance.,417,13,0,0,8307.85,True,3,19,mid_market,5670.46,True,True,True,SEND_RECOVERY_MESSAGE,5591.43
txn_b2bfcdd5c088,cust_483be857,2026-08-09 20:52:16.233825,513.83,INR,wallet,failed,insufficient_funds,Customer account has insufficient balance.,257,31,3,1,741.23,True,0,23,ecommerce,519.12,True,True,False,CREATE_ESCALATION,0.0
txn_440611ee131f,cust_b0786047,2026-08-08 04:26:16.318954,8591.38,INR,wallet,failed,insufficient_funds,Customer account has insufficient balance.,826,27,5,5,10609.43,False,1,19,enterprise,8628.9,True,True,False,CREATE_ESCALATION,0.0
txn_6ef9b9161ecf,cust_05452129,2026-08-14 20:14:16.253632,1682.62,USD,upi,failed,temporary_bank_failure,Bank is experiencing intermittent issues.,758,47,0,0,1352.04,True,2,14,ecommerce,1770.34,True,True,True,WAIT_AND_RETRY,1682.62
txn_0fa0a395951e,cust_6d95ac20,2026-08-17 20:13:16.350954,146.07,INR,wallet,failed,fraud_suspected,Transaction flagged by risk engine.,1000,47,1,1,194.35,False,0,17,ecommerce,238.91,True,True,False,STOP_AUTOMATION,0.0
txn_c976e5c463b1,cust_8e8adfa0,2026-08-04 22:19:16.336954,109.22,INR,upi,failed,limit_exceeded,Transaction exceeds customer limits.,658,30,0,0,58.11,False,1,2,smb_saas,137.8,True,True,True,RETRY_PAYMENT,109.22
txn_5b2378f4dda3,cust_f37479d5,2026-07-31 09:03:16.263223,88.21,USD,upi,failed,insufficient_funds,Customer account has insufficient balance.,975,17,0,0,116.05,False,1,19,ecommerce,156.5,True,True,True,SEND_RECOVERY_MESSAGE,88.21
txn_71200dac0e33,cust_12babf5a,2026-08-23 19:41:16.237825,914.33,INR,upi,failed,insufficient_funds,Customer account has insufficient balance.,375,9,0,0,562.86,False,3,4,ecommerce,990.87,True,True,True,SEND_RECOVERY_MESSAGE,914.33
txn_ac3ee1e23ca6,cust_968293db,2026-08-17 02:50:16.288365,38006.36,INR,wallet,failed,bank_timeout,Issuing bank did not respond in time.,225,29,0,0,43298.86,True,2,28,high_value,38091.34,True,False,True,WAIT_AND_RETRY,38006.36
txn_20f9e8cb0bc5,cust_450a08bd,2026-08-16 14:52:16.353498,10334.1,USD,wallet,failed,bank_timeout,Issuing bank did not respond in time.,188,36,4,2,11219.92,False,2,16,enterprise,10414.88,True,True,True,WAIT_AND_RETRY,10334.1
txn_6fcef95a035c,cust_e1fdd323,2026-08-12 00:41:16.234825,397.83,INR,netbanking,failed,bank_timeout,Issuing bank did not respond in time.,172,0,0,0,362.01,True,3,-1,smb_saas,497.75,True,True,True,WAIT_AND_RETRY,397.83
txn_1e84924627e6,cust_62731d82,2026-07-28 06:35:16.259223,1592.33,INR,upi,failed,insufficient_funds,Customer account has insufficient balance.,428,8,1,0,3023.53,False,3,9,ecommerce,1618.69,True,True,False,CREATE_ESCALATION,0.0
txn_e2322c5e8b56,cust_ffcd5534,2026-08-21 19:51:16.299954,171.67,USD,upi,failed,limit_exceeded,Transaction exceeds customer limits.,418,1,2,2,196.67,True,2,21,ecommerce,251.33,True,True,True,RETRY_PAYMENT,171.67
txn_b86db43c8552,cust_08720465,2026-08-05 09:41:16.266812,2492.89,USD,wallet,failed,authentication_failed,OTP or 3D secure authentication failed.,779,7,5,5,1687.0,False,3,13,ecommerce,2518.61,True,True,False,CREATE_ESCALATION,0.0
txn_6d0ca6272108,cust_58cc0a87,2026-08-06 20:00:16.347954,6666.06,INR,wallet,failed,authentication_failed,OTP or 3D secure authentication failed.,175,43,5,3,8680.89,False,2,21,high_value,6677.77,True,True,False,CREATE_ESCALATION,0.0
txn_cbd52b617f92,cust_a2138914,2026-07-27 22:00:16.367097,6945.66,USD,netbanking,failed,insufficient_funds,Customer account has insufficient balance.,435,49,0,0,7448.18,False,2,10,mid_market,7002.51,True,True,False,CREATE_ESCALATION,0.0
txn_3ad82ae529ab,cust_8d943b7d,2026-08-09 06:25:16.258223,6556.79,INR,wallet,failed,authentication_failed,OTP or 3D secure authentication failed.,75,29,4,4,7292.93,True,2,12,high_value,6617.82,True,True,False,CREATE_ESCALATION,0.0
txn_62ac11fbe812,cust_795027d9,2026-07-31 12:19:16.268812,1174.55,INR,card,failed,bank_timeout,Issuing bank did not respond in time.,102,24,3,3,778.02,False,3,3,ecommerce,1211.67,True,True,True,WAIT_AND_RETRY,1174.55
txn_80b91c33e8a7,cust_bd86e0d6,2026-08-09 13:38:16.319954,4209.52,INR,wallet,failed,limit_exceeded,Transaction exceeds customer limits.,740,19,5,5,4932.31,False,1,30,mid_market,4224.37,True,True,False,CREATE_ESCALATION,0.0
txn_df5b4716214a,cust_7d9586ce,2026-08-20 09:14:16.232825,2004.78,INR,upi,failed,bank_timeout,Issuing bank did not respond in time.,315,8,1,0,3952.75,False,0,2,mid_market,2006.66,True,True,True,WAIT_AND_RETRY,2004.78
txn_612db6e25709,cust_3fd549e9,2026-08-17 08:18:16.248632,446.66,INR,netbanking,failed,insufficient_funds,Customer account has insufficient balance.,704,40,0,0,383.34,False,1,24,smb_saas,529.05,True,True,True,SEND_RECOVERY_MESSAGE,446.66
txn_ffd090ccc77c,cust_dfba0d5e,2026-08-18 01:08:16.294364,6525.52,INR,netbanking,failed,insufficient_funds,Customer account has insufficient balance.,54,4,4,4,9308.51,False,0,28,high_value,6555.53,True,True,False,CREATE_ESCALATION,0.0
txn_920dcfa8cbcf,cust_3964f2dd,2026-08-16 04:06:16.294364,1989.61,INR,card,failed,authentication_failed,OTP or 3D secure authentication failed.,280,39,0,0,1049.89,False,1,21,mid_market,2015.65,True,True,False,CREATE_ESCALATION,0.0
txn_2e61530c48e0,cust_d3eae1ff,2026-08-05 16:43:16.277813,64.7,INR,card,failed,authentication_failed,OTP or 3D secure authentication failed.,409,4,3,0,120.22,False,2,21,smb_saas,147.7,True,True,False,CREATE_ESCALATION,0.0
txn_e61bece719b6,cust_d332c4d1,2026-08-24 19:30:16.324955,1601.28,INR,netbanking,failed,temporary_bank_failure,Bank is experiencing intermittent issues.,365,30,3,1,1119.06,False,0,12,ecommerce,1686.65,True,True,False,CREATE_ESCALATION,0.0
txn_2f967e06f1b6,cust_943c3d07,2026-07-31 05:55:16.293365,5438.73,INR,card,failed,bank_timeout,Issuing bank did not respond in time.,337,0,3,0,7439.96,True,2,-1,mid_market,5536.56,True,True,False,CREATE_ESCALATION,0.0
txn_f84d5894660b,cust_1bc8af17,2026-08-22 12:33:16.264223,85.4,INR,netbanking,failed,insufficient_funds,Customer account has insufficient balance.,700,44,1,0,92.53,False,1,13,smb_saas,177.49,True,True,True,SEND_RECOVERY_MESSAGE,85.4
txn_079cc3a64547,cust_c7022baf,2026-08-21 09:47:16.355058,282.89,INR,netbanking,failed,authentication_failed,OTP or 3D secure authentication failed.,220,38,4,4,389.81,False,1,0,smb_saas,356.4,True,False,False,CREATE_ESCALATION,0.0
txn_05f382fa108c,cust_d27cf011,2026-07-26 04:52:16.268812,88.14,INR,wallet,failed,temporary_bank_failure,Bank is experiencing intermittent issues.,321,2,2,0,51.31,False,3,16,smb_saas,169.01,True,True,True,WAIT_AND_RETRY,88.14
txn_21bda17e45f5,cust_e5dffacf,2026-08-17 03:14:16.277813,260.59,INR,upi,failed,insufficient_funds,Customer account has insufficient balance.,378,7,3,1,353.33,True,1,4,smb_saas,318.49,True,True,False,CREATE_ESCALATION,0.0
txn_1db92e7078b7,cust_25a6fed2,2026-07-26 12:42:16.333954,7465.07,INR,card,failed,bank_timeout,Issuing bank did not respond in time.,55,14,5,5,14378.44,False,0,10,high_value,7553.32,True,True,True,WAIT_AND_RETRY,7465.07
txn_8c80765818dc,cust_fd55c09d,2026-08-25 15:22:16.234825,3493.59,INR,card,failed,fraud_suspected,Transaction flagged by risk engine.,697,45,2,0,2218.25,False,2,25,enterprise,3565.37,True,True,False,STOP_AUTOMATION,0.0
txn_a2c2581a51cc,cust_5dbc875e,2026-07-26 20:22:16.260223,757.68,INR,card,failed,authentication_failed,OTP or 3D secure authentication failed.,513,9,2,0,1386.2,False,2,18,smb_saas,788.92,True,True,False,CREATE_ESCALATION,0.0
txn_1dec3f0e4e8d,cust_59e8152c,2026-07-28 01:58:16.343954,1582.94,INR,wallet,failed,insufficient_funds,Customer account has insufficient balance.,913,45,3,1,2626.03,False,2,26,mid_market,1627.41,True,True,False,CREATE_ESCALATION,0.0
txn_0875d06b331a,cust_0c5bd816,2026-08-19 03:10:16.362097,4541.0,INR,netbanking,failed,limit_exceeded,Transaction exceeds customer limits.,983,41,1,1,8495.3,True,3,29,mid_market,4565.55,True,True,False,CREATE_ESCALATION,0.0
txn_978035a67792,cust_2aa436b6,2026-08-17 02:30:16.342954,81.96,INR,netbanking,failed,authentication_failed,OTP or 3D secure authentication failed.,822,10,0,0,156.42,False,3,20,smb_saas,101.12,True,False,True,RETRY_PAYMENT,81.96
txn_3155b6d320d4,cust_15a4c109,2026-08-14 18:22:16.234825,5177.76,INR,upi,failed,temporary_bank_failure,Bank is experiencing intermittent issues.,654,25,0,0,7008.89,False,1,21,enterprise,5251.64,True,True,True,WAIT_AND_RETRY,5177.76
txn_3de3dfb78a8a,cust_f92431ff,2026-08-16 13:43:16.307955,105.62,INR,upi,failed,insufficient_funds,Customer account has insufficient balance.,534,16,1,1,187.62,False,1,17,smb_saas,170.25,True,True,False,CREATE_ESCALATION,0.0
txn_adcd132d8883,cust_3fdbaaed,2026-08-24 02:35:16.356096,446.16,INR,upi,failed,bank_timeout,Issuing bank did not respond in time.,951,11,1,0,303.96,False,0,4,ecommerce,457.91,True,False,True,WAIT_AND_RETRY,446.16
txn_f3db18fd944d,cust_6bf3e496,2026-08-21 10:25:16.322954,58.78,INR,card,failed,insufficient_funds,Customer account has insufficient balance.,653,17,5,0,102.91,True,3,1,smb_saas,104.41,True,True,True,SEND_RECOVERY_MESSAGE,58.78
txn_41625e110114,cust_8be73733,2026-07-27 05:26:16.235826,11780.41,USD,card,failed,authentication_failed,OTP or 3D secure authentication failed.,40,7,3,1,9322.34,False,2,24,high_value,11871.72,True,True,False,CREATE_ESCALATION,0.0
txn_5b78c5041b04,cust_b49f5398,2026-08-13 18:44:16.321954,194.77,INR,card,failed,bank_timeout,Issuing bank did not respond in time.,421,27,1,1,273.68,False,0,11,smb_saas,269.01,True,True,True,WAIT_AND_RETRY,194.77
txn_fd7252425a95,cust_2252a6ce,2026-08-11 19:07:16.340954,99.28,INR,netbanking,failed,insufficient_funds,Customer account has insufficient balance.,238,42,2,2,89.11,True,0,13,ecommerce,156.81,True,True,False,CREATE_ESCALATION,0.0
txn_9f8a706b0000,cust_101cc301,2026-07-29 09:37:16.320954,129.25,INR,wallet,failed,insufficient_funds,Customer account has insufficient balance.,224,3,3,2,224.58,False,1,22,smb_saas,187.25,True,True,False,CREATE_ESCALATION,0.0
txn_756ffb7595a5,cust_6633e39c,2026-08-05 16:20:16.284812,237.85,INR,card,failed,insufficient_funds,Customer account has insufficient balance.,950,32,4,3,222.64,True,2,11,smb_saas,241.8,True,True,False,CREATE_ESCALATION,0.0
txn_409ec5a0d269,cust_e4a4b227,2026-08-04 10:42:16.270823,20.67,INR,wallet,failed,insufficient_funds,Customer account has insufficient balance.,527,49,5,5,22.75,False,0,11,ecommerce,37.73,True,True,False,CREATE_ESCALATION,0.0
txn_9644ad3a0803,cust_49833604,2026-08-18 03:41:16.360096,3869.41,INR,wallet,failed,insufficient_funds,Customer account has insufficient balance.,843,21,5,3,7447.62,False,0,17,mid_market,3902.8,True,True,True,SEND_RECOVERY_MESSAGE,3869.41
txn_6fb512bbce98,cust_ea366666,2026-07-30 00:34:16.339954,1818.63,INR,upi,failed,temporary_bank_failure,Bank is experiencing intermittent issues.,203,18,5,5,1430.86,True,3,16,mid_market,1848.35,True,True,False,CREATE_ESCALATION,0.0
txn_37297994453c,cust_e33176e1,2026-07-27 09:40:16.223629,821.51,INR,upi,failed,authentication_failed,OTP or 3D secure authentication failed.,149,24,1,0,1475.47,True,3,10,smb_saas,914.93,True,True,False,CREATE_ESCALATION,0.0
txn_00e19b460847,cust_d8896e23,2026-08-19 16:34:16.294364,91.41,INR,netbanking,failed,limit_exceeded,Transaction exceeds customer limits.,126,20,5,3,90.55,False,1,14,smb_saas,133.73,True,True,False,CREATE_ESCALATION,0.0
txn_07fe85f0edb6,cust_51d08470,2026-07-30 14:42:16.340954,736.82,INR,upi,failed,insufficient_funds,Customer account has insufficient balance.,915,42,4,3,902.24,False,3,13,ecommerce,807.63,True,True,False,CREATE_ESCALATION,0.0
txn_d50e6befb64e,cust_d3137195,2026-08-15 21:58:16.333954,5979.24,INR,upi,failed,authentication_failed,OTP or 3D secure authentication failed.,920,13,2,1,6796.13,True,2,5,mid_market,6050.25,True,True,False,CREATE_ESCALATION,0.0
txn_c62118a01aab,cust_e7681c32,2026-07-27 11:21:16.310954,5616.83,INR,card,failed,authentication_failed,OTP or 3D secure authentication failed.,177,29,2,2,4878.22,False,0,18,mid_market,5668.4,True,True,True,RETRY_PAYMENT,5616.83
txn_67dd570e7ff2,cust_25c2af3b,2026-08-06 11:08:16.250632,1245.98,INR,netbanking,failed,temporary_bank_failure,Bank is experiencing intermittent issues.,391,36,2,2,2291.09,True,2,18,ecommerce,1272.1,True,True,True,WAIT_AND_RETRY,1245.98
txn_b955d02101f2,cust_532017af,2026-08-12 09:47:16.308955,561.66,INR,card,failed,insufficient_funds,Customer account has insufficient balance.,42,9,2,1,1106.44,False,0,28,smb_saas,656.31,True,True,True,SEND_RECOVERY_MESSAGE,561.66
txn_821a2b0d0948,cust_c0d4da12,2026-08-19 12:46:16.226780,427.81,USD,upi,failed,insufficient_funds,Customer account has insufficient balance.,844,29,4,3,621.66,True,0,7,smb_saas,465.06,True,True,True,SEND_RECOVERY_MESSAGE,427.81
txn_71d75a8a18a7,cust_458c5349,2026-08-14 03:23:16.279813,295.99,USD,netbanking,failed,authentication_failed,OTP or 3D secure authentication failed.,100,11,3,3,338.02,False,1,18,smb_saas,317.71,True,True,False,CREATE_ESCALATION,0.0
txn_038903857819,cust_2ba38b39,2026-08-04 19:07:16.251632,2303.81,INR,card,failed,limit_exceeded,Transaction exceeds customer limits.,588,50,2,2,3610.22,False,1,25,ecommerce,2368.4,True,True,False,CREATE_ESCALATION,0.0
txn_733ebb5ac64c,cust_b34b8588,2026-07-29 10:23:16.264223,5000.0,INR,upi,failed,limit_exceeded,Transaction exceeds customer limits.,773,23,0,0,5794.14,False,0,3,high_value,5066.83,True,True,False,CREATE_ESCALATION,0.0
txn_207bd074854d,cust_6e9ae231,2026-07-25 23:50:16.273812,654.09,INR,card,failed,authentication_failed,OTP or 3D secure authentication failed.,911,32,1,1,822.13,False,3,15,smb_saas,726.34,True,True,False,CREATE_ESCALATION,0.0
txn_4141a409ba76,cust_d50fb79a,2026-08-05 06:00:16.347954,1914.23,INR,netbanking,failed,temporary_bank_failure,Bank is experiencing intermittent issues.,1,22,0,0,2487.75,False,0,2,mid_market,1967.07,True,True,False,CREATE_ESCALATION,0.0
txn_afd8b14d508f,cust_8fc83836,2026-08-17 18:29:16.265766,602.32,INR,upi,failed,bank_timeout,Issuing bank did not respond in time.,740,16,2,0,775.79,False,2,20,ecommerce,668.04,True,True,True,WAIT_AND_RETRY,602.32
txn_c72eb984410b,cust_8f4fd6b6,2026-07-26 15:03:16.224629,119.74,USD,upi,failed,bank_timeout,Issuing bank did not respond in time.,664,16,5,1,62.4,False,2,18,ecommerce,187.18,True,True,True,WAIT_AND_RETRY,119.74
txn_ff378d3c4e53,cust_f2bd3c76,2026-07-26 15:17:16.326954,673.09,USD,netbanking,failed,bank_timeout,Issuing bank did not respond in time.,179,17,5,2,936.93,True,3,8,smb_saas,726.89,True,False,True,WAIT_AND_RETRY,673.09
txn_8856aed245b7,cust_5c4b9a88,2026-08-13 02:08:16.311954,94.29,INR,upi,failed,temporary_bank_failure,Bank is experiencing intermittent issues.,797,31,4,2,114.58,False,2,8,smb_saas,140.85,True,True,True,WAIT_AND_RETRY,94.29
txn_b6628e9e2f3e,cust_4dc8aad7,2026-08-12 03:12:16.336954,1624.85,INR,netbanking,failed,fraud_suspected,Transaction flagged by risk engine.,56,9,5,3,2178.27,False,1,21,ecommerce,1715.45,True,True,False,STOP_AUTOMATION,0.0
txn_5a2f3571a42f,cust_23244ff7,2026-08-14 06:18:16.254632,1574.97,INR,netbanking,failed,bank_timeout,Issuing bank did not respond in time.,18,22,3,2,1016.86,True,1,26,ecommerce,1618.8,True,True,True,WAIT_AND_RETRY,1574.97
txn_50b8a969db3d,cust_0d133557,2026-07-31 12:31:16.263223,279.27,INR,netbanking,failed,bank_timeout,Issuing bank did not respond in time.,288,24,5,3,515.11,False,3,11,smb_saas,372.02,True,True,True,WAIT_AND_RETRY,279.27
txn_84a13606214e,cust_11036ad7,2026-08-13 16:30:16.324955,114.09,INR,wallet,failed,insufficient_funds,Customer account has insufficient balance.,439,24,0,0,118.08,False,0,17,smb_saas,162.05,True,True,True,SEND_RECOVERY_MESSAGE,114.09
txn_847d6172aa4c,cust_b6ca5f1b,2026-08-05 10:48:16.248632,869.14,USD,upi,failed,authentication_failed,OTP or 3D secure authentication failed.,388,45,1,0,955.67,True,0,4,ecommerce,938.8,True,True,True,RETRY_PAYMENT,869.14
txn_12148f7c60fe,cust_41ca6d64,2026-08-20 01:49:16.248632,3423.36,INR,upi,failed,insufficient_funds,Customer account has insufficient balance.,901,26,5,1,3602.69,False,3,6,mid_market,3433.77,True,False,False,CREATE_ESCALATION,0.0
txn_6269e8dbf39c,cust_e8825901,2026-08-07 19:23:16.351955,1979.65,USD,wallet,failed,bank_timeout,Issuing bank did not respond in time.,863,15,5,4,2544.59,False,0,27,ecommerce,2005.17,True,True,True,WAIT_AND_RETRY,1979.65
txn_d185b08329b7,cust_7f7f3f5b,2026-08-13 04:39:16.262223,3670.07,INR,upi,failed,authentication_failed,OTP or 3D secure authentication failed.,488,2,5,2,6596.06,False,1,11,mid_market,3689.03,True,True,False,CREATE_ESCALATION,0.0
txn_7d6db3d35af2,cust_778c9b70,2026-08-10 11:57:16.277813,684.93,INR,wallet,failed,temporary_bank_failure,Bank is experiencing intermittent issues.,828,5,5,5,1154.48,False,1,8,ecommerce,696.28,True,True,False,CREATE_ESCALATION,0.0
txn_7d944cdbc0fb,cust_6918ddea,2026-08-23 23:29:16.336954,4604.34,USD,upi,failed,authentication_failed,OTP or 3D secure authentication failed.,898,19,2,1,6176.76,True,0,29,enterprise,4606.16,True,True,True,RETRY_PAYMENT,4604.34
txn_1f9238596492,cust_4dc1de70,2026-08-08 13:38:16.235826,600.32,INR,wallet,failed,insufficient_funds,Customer account has insufficient balance.,140,45,3,1,439.49,True,0,27,ecommerce,650.39,True,True,False,CREATE_ESCALATION,0.0
txn_e43e4b5e7b82,cust_53b11639,2026-08-03 06:22:16.235826,14445.03,INR,netbanking,failed,temporary_bank_failure,Bank is experiencing intermittent issues.,683,30,0,0,7604.92,False,3,12,high_value,14496.13,True,True,True,WAIT_AND_RETRY,14445.03
txn_ef4c380ca074,cust_d174fbf5,2026-08-01 20:51:16.259223,360.67,USD,upi,failed,insufficient_funds,Customer account has insufficient balance.,188,14,2,0,197.1,False,3,13,smb_saas,421.53,True,True,False,CREATE_ESCALATION,0.0
txn_a437fd38c6ea,cust_0a4af877,2026-08-16 18:15:16.234825,136.29,INR,netbanking,failed,authentication_failed,OTP or 3D secure authentication failed.,811,9,1,1,78.09,False,2,6,smb_saas,154.6,True,True,True,RETRY_PAYMENT,136.29
txn_1306f82e6b90,cust_8a239534,2026-07-31 00:48:16.367097,98.23,USD,upi,failed,insufficient_funds,Customer account has insufficient balance.,370,17,1,0,135.08,True,1,10,smb_saas,119.6,True,True,True,SEND_RECOVERY_MESSAGE,98.23
txn_584c2ba40b3e,cust_0e139c9e,2026-08-14 07:50:16.293365,1392.66,USD,upi,failed,insufficient_funds,Customer account has insufficient balance.,180,5,1,1,1713.0,False,1,7,mid_market,1443.03,True,True,False,CREATE_ESCALATION,0.0
txn_2740d8b97831,cust_da09f815,2026-08-23 20:20:16.227825,483.41,USD,netbanking,failed,authentication_failed,OTP or 3D secure authentication failed.,290,1,4,2,614.64,False,3,1,ecommerce,513.05,True,True,True,RETRY_PAYMENT,483.41
txn_5e65d0a99a86,cust_adf90316,2026-08-12 09:04:16.273812,4669.3,INR,upi,failed,bank_timeout,Issuing bank did not respond in time.,527,22,4,2,6747.85,True,3,13,mid_market,4748.8,True,True,True,WAIT_AND_RETRY,4669.3
txn_0a42a7f345fc,cust_97909abf,2026-08-20 10:37:16.349954,109.75,INR,wallet,failed,limit_exceeded,Transaction exceeds customer limits.,947,48,4,2,84.23,False,3,29,ecommerce,176.74,True,True,False,CREATE_ESCALATION,0.0
txn_921b0a304e95,cust_ba2d57ef,2026-08-12 13:49:16.346954,2080.02,INR,upi,failed,insufficient_funds,Customer account has insufficient balance.,439,50,2,1,3706.22,False,2,13,ecommerce,2171.24,True,True,False,CREATE_ESCALATION,0.0
txn_7c02957e6611,cust_b27f7575,2026-08-20 17:08:16.240825,21061.1,INR,netbanking,failed,insufficient_funds,Customer account has insufficient balance.,714,35,1,1,14290.89,False,2,18,enterprise,21121.98,True,True,False,CREATE_ESCALATION,0.0
txn_c3b6c5587af6,cust_3b266c8e,2026-07-26 14:36:16.355058,141.65,INR,netbanking,failed,insufficient_funds,Customer account has insufficient balance.,357,11,1,0,262.73,False,1,30,ecommerce,152.21,True,True,False,CREATE_ESCALATION,0.0
txn_24b6d4f9fe08,cust_38e49097,2026-08-24 00:20:16.301954,104.15,INR,upi,failed,limit_exceeded,Transaction exceeds customer limits.,995,49,0,0,147.83,True,3,7,smb_saas,115.31,True,True,True,RETRY_PAYMENT,104.15
txn_a797582fc6e8,cust_b8541c1e,2026-08-10 13:30:16.299954,800.05,INR,upi,failed,insufficient_funds,Customer account has insufficient balance.,52,49,0,0,1142.27,False,1,18,smb_saas,893.28,True,True,True,SEND_RECOVERY_MESSAGE,800.05
txn_df645004cf0a,cust_34aa2b50,2026-08-01 17:22:16.325954,759.96,INR,wallet,failed,authentication_failed,OTP or 3D secure authentication failed.,976,8,3,1,1287.25,False,0,20,ecommerce,763.59,True,True,False,CREATE_ESCALATION,0.0
txn_d0f3c9af9c97,cust_64bf4e72,2026-08-10 04:11:16.246043,657.97,INR,wallet,failed,authentication_failed,OTP or 3D secure authentication failed.,953,15,2,2,651.33,True,1,22,ecommerce,673.49,True,True,True,RETRY_PAYMENT,657.97
txn_3c61415bc507,cust_5535aeae,2026-08-15 03:37:16.306955,1000.0,USD,netbanking,failed,insufficient_funds,Customer account has insufficient balance.,702,34,5,5,1707.13,False,0,17,enterprise,1063.57,True,False,False,CREATE_ESCALATION,0.0
txn_bbbe25808d11,cust_96352b82,2026-08-24 16:44:16.319954,226.97,INR,wallet,failed,authentication_failed,OTP or 3D secure authentication failed.,436,27,3,3,231.02,True,1,12,smb_saas,251.18,True,True,True,RETRY_PAYMENT,226.97
txn_0f8dc2023957,cust_1f1d4d40,2026-08-08 06:55:16.312954,40.18,INR,upi,failed,insufficient_funds,Customer account has insufficient balance.,425,11,5,4,73.24,False,0,24,smb_saas,91.09,True,True,False,CREATE_ESCALATION,0.0
txn_587c0b445a81,cust_36c9320b,2026-08-23 07:38:16.285813,179.91,INR,wallet,failed,insufficient_funds,Customer account has insufficient balance.,821,40,2,2,114.39,False,3,21,smb_saas,183.34,True,True,False,CREATE_ESCALATION,0.0
txn_9a5d06d902f5,cust_d3437681,2026-08-03 05:03:16.240825,82.95,INR,netbanking,failed,insufficient_funds,Customer account has insufficient balance.,352,27,0,0,70.35,False,1,13,smb_saas,157.7,True,True,False,CREATE_ESCALATION,0.0
txn_a7dbc84fefe7,cust_1b02965e,2026-07-28 09:23:16.322954,5000.0,INR,upi,failed,bank_timeout,Issuing bank did not respond in time.,223,9,0,0,9214.94,False,3,20,high_value,5085.34,True,True,True,WAIT_AND_RETRY,5000.0
txn_987132c2e387,cust_e557d9a7,2026-08-10 06:04:16.252632,137.67,INR,upi,failed,insufficient_funds,Customer account has insufficient balance.,510,50,0,0,240.19,True,0,3,smb_saas,139.09,True,True,True,SEND_RECOVERY_MESSAGE,137.67
txn_d7dbfdefe2d8,cust_cd1bafd8,2026-08-14 05:26:16.326954,1914.48,INR,netbanking,failed,authentication_failed,OTP or 3D secure authentication failed.,646,18,0,0,3073.31,True,1,13,ecommerce,1988.42,True,True,True,RETRY_PAYMENT,1914.48
txn_119587faeaa6,cust_abcbcc8d,2026-08-09 04:51:16.274812,850.32,INR,netbanking,failed,bank_timeout,Issuing bank did not respond in time.,152,38,1,0,1383.32,False,2,0,ecommerce,899.36,True,False,True,WAIT_AND_RETRY,850.32
txn_fea3002a3953,cust_d1d13c20,2026-08-14 06:16:16.236825,627.51,INR,upi,failed,bank_timeout,Issuing bank did not respond in time.,562,25,0,0,618.18,False,0,27,ecommerce,720.97,True,True,True,WAIT_AND_RETRY,627.51
txn_a6c2df4465f5,cust_10cf5996,2026-08-06 16:32:16.282812,669.39,INR,card,failed,limit_exceeded,Transaction exceeds customer limits.,372,42,2,0,1150.32,True,1,5,ecommerce,688.65,True,True,True,RETRY_PAYMENT,669.39
txn_4edb48bd4b81,cust_360cbc64,2026-08-24 02:25:16.243446,192.58,USD,netbanking,failed,bank_timeout,Issuing bank did not respond in time.,753,4,4,0,377.72,False,1,25,smb_saas,243.93,True,True,True,WAIT_AND_RETRY,192.58
txn_2cc1b76dce07,cust_2a710050,2026-08-20 14:26:16.329954,2872.33,USD,upi,failed,authentication_failed,OTP or 3D secure authentication failed.,615,7,3,0,1876.73,True,0,0,mid_market,2886.69,True,True,True,RETRY_PAYMENT,2872.33
txn_f1fdbbfcb9aa,cust_1029bf38,2026-07-30 20:02:16.343954,24.09,INR,upi,failed,authentication_failed,OTP or 3D secure authentication failed.,441,11,4,3,37.81,False,2,9,smb_saas,95.9,True,True,False,CREATE_ESCALATION,0.0
txn_222ce00bd485,cust_fbde034a,2026-08-14 14:40:16.334955,792.76,INR,wallet,failed,insufficient_funds,Customer account has insufficient balance.,211,44,5,1,734.95,False,2,21,mid_market,809.0,True,True,False,CREATE_ESCALATION,0.0
txn_f8a4d84833f4,cust_ef8fd6b2,2026-08-14 04:41:16.227825,320.31,USD,netbanking,failed,insufficient_funds,Customer account has insufficient balance.,411,25,3,2,561.68,False,3,25,smb_saas,362.48,True,True,True,SEND_RECOVERY_MESSAGE,320.31
txn_27bba57f60b9,cust_afc7c262,2026-07-30 07:09:16.262223,491.69,INR,wallet,failed,insufficient_funds,Customer account has insufficient balance.,452,32,2,2,559.93,True,2,22,smb_saas,528.45,True,True,True,SEND_RECOVERY_MESSAGE,491.69
txn_1b57396b79ec,cust_71bf0665,2026-07-28 22:15:16.236825,732.76,INR,netbanking,failed,insufficient_funds,Customer account has insufficient balance.,645,48,3,1,856.66,False,3,11,ecommerce,747.59,True,True,False,CREATE_ESCALATION,0.0
txn_6d6c432dc267,cust_28de8de7,2026-08-02 05:46:16.293365,1509.58,INR,upi,failed,limit_exceeded,Transaction exceeds customer limits.,434,41,5,2,1737.68,True,0,25,enterprise,1593.65,True,True,False,CREATE_ESCALATION,0.0
txn_b82b9c760bd0,cust_277d9220,2026-08-01 13:03:16.294364,127.17,INR,upi,failed,insufficient_funds,Customer account has insufficient balance.,339,10,4,0,74.92,False,2,2,smb_saas,207.9,True,True,False,CREATE_ESCALATION,0.0
txn_bd9aaa942955,cust_5673c966,2026-07-29 03:47:16.291365,27.53,INR,netbanking,failed,insufficient_funds,Customer account has insufficient balance.,920,41,0,0,21.75,False,0,10,smb_saas,117.56,True,True,False,CREATE_ESCALATION,0.0
txn_54d70a20c85b,cust_6788b325,2026-08-17 22:57:16.326954,6239.59,INR,netbanking,failed,limit_exceeded,Transaction exceeds customer limits.,722,44,4,1,10185.52,True,2,8,enterprise,6271.61,True,True,False,CREATE_ESCALATION,0.0
txn_9ab16b7ccbdd,cust_d14248f9,2026-08-10 01:16:16.326954,326.5,USD,upi,failed,insufficient_funds,Customer account has insufficient balance.,343,2,1,1,619.15,False,0,13,ecommerce,393.75,True,True,False,CREATE_ESCALATION,0.0
txn_e30707978733,cust_9e8b69ba,2026-07-28 10:56:16.325954,476.04,INR,netbanking,failed,insufficient_funds,Customer account has insufficient balance.,982,39,5,2,815.87,True,2,27,ecommerce,568.24,True,True,False,CREATE_ESCALATION,0.0
txn_3044fcb40584,cust_acb8d8d6,2026-08-07 08:31:16.297955,3326.63,INR,wallet,failed,insufficient_funds,Customer account has insufficient balance.,699,35,3,3,5534.94,False,0,17,mid_market,3353.72,True,True,False,CREATE_ESCALATION,0.0
txn_9db46320ed83,cust_e122479b,2026-07-31 00:03:16.293365,54.04,INR,upi,failed,authentication_failed,OTP or 3D secure authentication failed.,123,0,1,1,77.98,False,0,-1,smb_saas,79.13,True,True,False,CREATE_ESCALATION,0.0
txn_91c264fe7c71,cust_abde2c27,2026-07-25 21:00:16.310954,1119.63,INR,upi,failed,bank_timeout,Issuing bank did not respond in time.,145,13,5,1,1010.87,True,2,8,mid_market,1131.49,True,True,True,WAIT_AND_RETRY,1119.63
txn_8ab0e790e783,cust_969926f2,2026-08-17 21:13:16.294364,771.44,INR,card,failed,limit_exceeded,Transaction exceeds customer limits.,362,45,5,0,1171.3,False,0,11,mid_market,835.85,True,True,False,CREATE_ESCALATION,0.0
txn_0554215ab7da,cust_017641bc,2026-08-13 02:07:16.332954,2714.86,INR,wallet,failed,temporary_bank_failure,Bank is experiencing intermittent issues.,309,23,5,3,5156.32,True,2,16,enterprise,2800.03,True,True,True,WAIT_AND_RETRY,2714.86
txn_fd430dbb864e,cust_2c822f82,2026-08-25 03:07:16.313954,101.45,INR,upi,failed,bank_timeout,Issuing bank did not respond in time.,738,33,5,3,199.3,False,3,30,smb_saas,170.68,True,True,False,CREATE_ESCALATION,0.0
txn_24a7ce90370d,cust_ee57ff3e,2026-08-25 02:31:16.321954,486.31,INR,netbanking,failed,bank_timeout,Issuing bank did not respond in time.,208,20,5,4,590.79,False,2,30,ecommerce,526.77,True,True,True,WAIT_AND_RETRY,486.31
txn_b98012db1d54,cust_1b620e6e,2026-08-21 13:58:16.267812,212.51,INR,upi,failed,insufficient_funds,Customer account has insufficient balance.,999,3,0,0,165.09,True,1,29,smb_saas,251.43,True,True,True,SEND_RECOVERY_MESSAGE,212.51
txn_b58ac2c62920,cust_2056f087,2026-08-05 04:11:16.301954,6700.92,USD,netbanking,failed,bank_timeout,Issuing bank did not respond in time.,376,49,4,1,5981.16,False,2,11,high_value,6760.96,True,True,True,WAIT_AND_RETRY,6700.92
txn_3e64014bed0c,cust_9549afb3,2026-08-06 01:48:16.343954,63.29,USD,wallet,failed,fraud_suspected,Transaction flagged by risk engine.,53,50,5,2,76.5,False,0,27,smb_saas,126.66,True,True,False,STOP_AUTOMATION,0.0
txn_0bbb3fb36f7f,cust_2e2c4f0f,2026-07-31 00:20:16.232825,1835.58,INR,wallet,failed,temporary_bank_failure,Bank is experiencing intermittent issues.,143,43,4,0,1766.05,False,1,14,enterprise,1871.32,True,True,True,WAIT_AND_RETRY,1835.58
txn_7277cc1768c1,cust_1e69740d,2026-08-08 11:10:16.247585,399.1,INR,card,failed,bank_timeout,Issuing bank did not respond in time.,18,30,1,0,300.94,False,1,13,smb_saas,399.63,True,True,True,WAIT_AND_RETRY,399.1
txn_10b4df12b622,cust_ce40929f,2026-07-31 13:13:16.247585,283.87,INR,wallet,failed,insufficient_funds,Customer account has insufficient balance.,541,18,2,0,314.18,False,2,8,smb_saas,308.77,True,True,True,SEND_RECOVERY_MESSAGE,283.87
txn_8acef57e9f3b,cust_8267f8d4,2026-08-14 11:34:16.264223,5323.32,INR,card,failed,limit_exceeded,Transaction exceeds customer limits.,689,24,4,0,8440.11,False,1,13,mid_market,5407.43,True,True,False,CREATE_ESCALATION,0.0
txn_9ac0b63903ff,cust_4cfbd703,2026-08-20 17:34:16.316954,426.95,INR,card,failed,authentication_failed,OTP or 3D secure authentication failed.,787,30,3,0,433.33,True,1,27,ecommerce,467.5,True,True,True,RETRY_PAYMENT,426.95
txn_3a4749f99e38,cust_d60ec5a9,2026-08-17 11:34:16.321954,251.84,INR,wallet,failed,bank_timeout,Issuing bank did not respond in time.,130,9,5,4,460.06,False,3,12,smb_saas,255.4,True,True,True,WAIT_AND_RETRY,251.84
txn_2773cd943e5d,cust_ab25f3c9,2026-08-15 13:13:16.287327,475.26,INR,wallet,failed,temporary_bank_failure,Bank is experiencing intermittent issues.,286,33,2,2,759.25,True,1,4,mid_market,557.54,True,True,True,WAIT_AND_RETRY,475.26
txn_5bf0e3487987,cust_2e45e0e8,2026-08-08 21:10:16.345955,81.86,INR,upi,failed,insufficient_funds,Customer account has insufficient balance.,125,3,0,0,64.43,False,1,24,ecommerce,139.27,True,True,False,CREATE_ESCALATION,0.0
txn_c2d6b0874b91,cust_e246c644,2026-07-27 23:58:16.351955,4327.17,INR,netbanking,failed,insufficient_funds,Customer account has insufficient balance.,671,26,2,1,8610.92,True,1,27,mid_market,4401.29,True,True,False,CREATE_ESCALATION,0.0
txn_c897a9f958a0,cust_0fb0be2d,2026-07-26 16:14:16.336954,5162.22,USD,wallet,failed,insufficient_funds,Customer account has insufficient balance.,281,6,0,0,4100.0,False,0,2,mid_market,5163.11,True,True,True,SEND_RECOVERY_MESSAGE,5162.22
txn_253459c7bb55,cust_a1f4a694,2026-07-31 10:22:16.363096,3618.93,INR,card,failed,insufficient_funds,Customer account has insufficient balance.,676,32,1,1,4882.13,False,0,8,enterprise,3717.47,True,True,False,CREATE_ESCALATION,0.0
txn_98b0048ebaac,cust_e4028761,2026-08-07 06:03:16.254632,91.67,INR,wallet,failed,insufficient_funds,Customer account has insufficient balance.,620,36,2,1,132.34,False,2,1,smb_saas,152.63,True,True,False,CREATE_ESCALATION,0.0
txn_f06e64fc4fc9,cust_4a0eb4da,2026-08-25 16:18:16.366097,415.1,INR,netbanking,failed,bank_timeout,Issuing bank did not respond in time.,779,39,1,0,743.88,False,0,19,ecommerce,487.65,True,True,True,WAIT_AND_RETRY,415.1
txn_c7c59b4e6578,cust_9eb3fb77,2026-07-29 11:08:16.336954,166.98,INR,card,failed,authentication_failed,OTP or 3D secure authentication failed.,264,21,5,2,250.74,False,3,11,smb_saas,248.97,True,True,False,CREATE_ESCALATION,0.0
txn_adf58208452c,cust_bbc67fc1,2026-07-31 02:10:16.363096,72.78,INR,card,failed,insufficient_funds,Customer account has insufficient balance.,949,43,4,0,75.91,True,3,6,smb_saas,106.78,True,True,False,CREATE_ESCALATION,0.0
txn_b4c9b86a8d78,cust_42e65df9,2026-08-08 22:29:16.268812,70.17,INR,wallet,failed,insufficient_funds,Customer account has insufficient balance.,345,9,3,2,101.59,True,1,4,smb_saas,95.15,True,True,False,CREATE_ESCALATION,0.0
txn_ec33d00a29a1,cust_c97baf9c,2026-08-08 17:20:16.258223,395.6,INR,card,failed,temporary_bank_failure,Bank is experiencing intermittent issues.,153,28,3,1,540.11,True,2,10,smb_saas,399.7,True,True,True,WAIT_AND_RETRY,395.6
txn_929265d223f8,cust_ec01ba25,2026-07-27 19:52:16.272812,527.53,INR,upi,failed,insufficient_funds,Customer account has insufficient balance.,344,38,5,0,929.03,False,1,16,ecommerce,612.62,True,True,False,CREATE_ESCALATION,0.0
txn_a103cc403b6c,cust_5d70f6d8,2026-08-09 09:16:16.336954,37.95,INR,upi,failed,insufficient_funds,Customer account has insufficient balance.,271,1,5,3,43.06,False,3,22,ecommerce,116.73,True,True,False,CREATE_ESCALATION,0.0
txn_978feea0fd6d,cust_256d3b29,2026-08-16 06:16:16.276813,1102.09,INR,upi,failed,insufficient_funds,Customer account has insufficient balance.,494,45,2,2,1051.37,False,0,0,mid_market,1159.85,True,True,True,SEND_RECOVERY_MESSAGE,1102.09
txn_0d3c220c9123,cust_0edf2e45,2026-08-15 21:35:16.353498,12948.05,INR,netbanking,failed,insufficient_funds,Customer account has insufficient balance.,277,11,0,0,8996.39,False,2,6,enterprise,13024.65,True,True,False,CREATE_ESCALATION,0.0
txn_a2ddcdb87a95,cust_d61d43ef,2026-08-22 02:06:16.363096,178.47,USD,card,failed,insufficient_funds,Customer account has insufficient balance.,1,37,5,0,349.72,False,3,15,smb_saas,207.23,True,True,True,SEND_RECOVERY_MESSAGE,178.47
txn_d8d256a68d09,cust_c5061f87,2026-08-24 07:04:16.296954,1928.83,INR,upi,failed,authentication_failed,OTP or 3D secure authentication failed.,418,28,3,0,3238.37,False,2,30,ecommerce,1933.77,True,True,False,CREATE_ESCALATION,0.0
txn_433a695838e4,cust_7320c2d1,2026-08-08 21:35:16.309954,82.78,INR,wallet,failed,bank_timeout,Issuing bank did not respond in time.,686,44,5,4,133.33,True,0,26,smb_saas,108.07,True,True,True,WAIT_AND_RETRY,82.78
txn_f5a3dff0f951,cust_ff0a4379,2026-08-08 17:05:16.293365,483.34,INR,upi,failed,bank_timeout,Issuing bank did not respond in time.,554,21,5,4,403.56,False,0,24,ecommerce,538.96,True,True,False,CREATE_ESCALATION,0.0
txn_0610d0dc4ca0,cust_156512dd,2026-07-31 21:29:16.299954,562.57,INR,card,failed,fraud_suspected,Transaction flagged by risk engine.,272,12,3,3,1012.8,True,3,14,ecommerce,655.03,True,True,False,STOP_AUTOMATION,0.0
txn_4bdb6370e8b7,cust_9ba3afac,2026-08-20 02:00:16.259223,524.41,INR,card,failed,bank_timeout,Issuing bank did not respond in time.,538,9,4,0,891.26,False,2,27,smb_saas,532.82,True,True,False,CREATE_ESCALATION,0.0
txn_bab106b96e63,cust_8fdf9109,2026-07-31 16:13:16.337954,108.36,INR,wallet,failed,insufficient_funds,Customer account has insufficient balance.,725,26,4,4,132.96,True,0,20,smb_saas,122.41,True,True,False,CREATE_ESCALATION,0.0
txn_df39e21d1227,cust_fb5daffd,2026-08-05 16:32:16.340954,16313.09,INR,card,failed,limit_exceeded,Transaction exceeds customer limits.,377,22,4,3,14559.66,False,0,6,enterprise,16400.07,True,True,False,CREATE_ESCALATION,0.0
txn_a41bed20fa75,cust_b71a347b,2026-08-25 17:59:16.226780,8686.86,INR,wallet,failed,limit_exceeded,Transaction exceeds customer limits.,360,34,3,0,15143.03,False,1,5,mid_market,8731.99,True,True,True,RETRY_PAYMENT,8686.86
txn_ed1056a0d60f,cust_b7a7a1c2,2026-08-02 21:23:16.227825,698.5,INR,wallet,failed,bank_timeout,Issuing bank did not respond in time.,698,8,5,0,1035.95,False,2,29,smb_saas,740.36,True,True,True,WAIT_AND_RETRY,698.5
txn_8697ceadbb9f,cust_56e39771,2026-08-20 17:06:16.223629,399.42,INR,wallet,failed,bank_timeout,Issuing bank did not respond in time.,468,19,1,1,710.97,True,3,18,smb_saas,435.32,True,True,True,WAIT_AND_RETRY,399.42
txn_f83d35497ad2,cust_ac2255c2,2026-07-27 18:35:16.283812,176.61,USD,upi,failed,temporary_bank_failure,Bank is experiencing intermittent issues.,673,12,0,0,290.69,True,2,11,ecommerce,202.16,True,True,True,WAIT_AND_RETRY,176.61
txn_aba2481d9117,cust_be749d32,2026-08-17 23:42:16.235826,517.37,INR,wallet,failed,authentication_failed,OTP or 3D secure authentication failed.,824,31,2,1,555.43,True,1,8,ecommerce,581.91,True,True,True,RETRY_PAYMENT,517.37
txn_dfc3c258c219,cust_42852d1c,2026-08-18 22:01:16.351955,373.98,USD,card,failed,limit_exceeded,Transaction exceeds customer limits.,97,40,4,3,244.52,True,2,8,smb_saas,466.97,True,True,False,CREATE_ESCALATION,0.0
txn_61d2229ce061,cust_11278e5e,2026-07-26 04:04:16.269812,4164.13,INR,wallet,failed,temporary_bank_failure,Bank is experiencing intermittent issues.,475,27,0,0,3083.41,False,2,23,mid_market,4249.15,True,True,True,WAIT_AND_RETRY,4164.13
txn_15530aa6d7e8,cust_f2aa4982,2026-08-14 20:50:16.301954,479.49,INR,wallet,failed,insufficient_funds,Customer account has insufficient balance.,252,22,4,0,407.07,False,1,1,smb_saas,487.66,True,True,False,CREATE_ESCALATION,0.0
txn_b659ff132fb6,cust_32c1b9dd,2026-08-16 14:33:16.233825,995.34,USD,wallet,failed,insufficient_funds,Customer account has insufficient balance.,49,35,0,0,1264.2,False,3,3,mid_market,1041.81,True,True,False,CREATE_ESCALATION,0.0
txn_b94ced38bde7,cust_b3ce8fcf,2026-07-30 15:53:16.357097,2302.76,USD,wallet,failed,bank_timeout,Issuing bank did not respond in time.,735,19,0,0,3386.71,False,3,7,mid_market,2330.73,True,True,True,WAIT_AND_RETRY,2302.76
txn_614509a6e180,cust_a47be405,2026-08-20 23:44:16.298954,2843.25,INR,netbanking,failed,insufficient_funds,Customer account has insufficient balance.,894,11,2,0,2086.25,False,2,26,mid_market,2932.01,True,True,True,SEND_RECOVERY_MESSAGE,2843.25
txn_61609d9eef17,cust_ad3cd60c,2026-08-12 05:42:16.360096,639.51,INR,wallet,failed,insufficient_funds,Customer account has insufficient balance.,159,33,4,4,364.14,True,0,28,ecommerce,689.39,True,True,False,CREATE_ESCALATION,0.0
txn_3499c0d4494f,cust_09544468,2026-08-04 14:19:16.303954,224.04,INR,card,failed,authentication_failed,OTP or 3D secure authentication failed.,728,43,4,1,272.24,False,1,17,ecommerce,308.14,True,True,False,CREATE_ESCALATION,0.0
txn_a830559463bc,cust_0642830a,2026-08-04 18:34:16.348954,1527.67,INR,netbanking,failed,authentication_failed,OTP or 3D secure authentication failed.,836,27,0,0,2416.72,False,1,27,ecommerce,1577.29,True,True,True,RETRY_PAYMENT,1527.67
txn_0a181eb05195,cust_ec4fee87,2026-08-15 14:04:16.291365,4116.3,INR,upi,failed,insufficient_funds,Customer account has insufficient balance.,825,6,4,2,4292.98,True,1,16,mid_market,4207.75,True,True,False,CREATE_ESCALATION,0.0
txn_35e85978baa2,cust_222efa06,2026-08-01 08:42:16.335955,20.0,INR,card,failed,temporary_bank_failure,Bank is experiencing intermittent issues.,178,47,1,0,35.38,False,3,9,ecommerce,113.82,True,True,True,WAIT_AND_RETRY,20.0
txn_a5691d48e76b,cust_dd2bf6dd,2026-08-22 06:04:16.336954,375.14,USD,upi,failed,bank_timeout,Issuing bank did not respond in time.,591,49,4,2,325.09,False,1,21,ecommerce,438.64,True,True,True,WAIT_AND_RETRY,375.14
txn_a283e35cafa3,cust_163f5acf,2026-08-22 14:46:16.350954,55.73,INR,card,failed,insufficient_funds,Customer account has insufficient balance.,268,43,2,0,86.61,True,0,22,smb_saas,69.94,True,True,True,SEND_RECOVERY_MESSAGE,55.73
txn_05d724872bf4,cust_86d46ed5,2026-08-18 03:30:16.231825,4809.49,INR,netbanking,failed,bank_timeout,Issuing bank did not respond in time.,926,21,4,0,5787.27,False,3,18,mid_market,4882.87,True,True,False,CREATE_ESCALATION,0.0
txn_abc8cd4a7e44,cust_1cc65d9a,2026-08-12 11:50:16.290365,155.77,INR,netbanking,failed,insufficient_funds,Customer account has insufficient balance.,845,13,1,0,239.46,False,1,3,mid_market,221.91,True,True,False,CREATE_ESCALATION,0.0
txn_bd9aaedf06b1,cust_4388f552,2026-08-07 23:03:16.357097,150.27,INR,netbanking,failed,bank_timeout,Issuing bank did not respond in time.,366,44,3,0,126.08,False,0,19,ecommerce,199.56,True,True,True,WAIT_AND_RETRY,150.27
txn_99640014506e,cust_1858de7d,2026-08-11 17:31:16.301954,2282.26,INR,wallet,failed,authentication_failed,OTP or 3D secure authentication failed.,673,7,2,1,3069.71,False,2,19,ecommerce,2285.12,True,True,False,CREATE_ESCALATION,0.0
txn_850188172528,cust_2f12252e,2026-08-09 04:55:16.258223,639.22,INR,card,failed,insufficient_funds,Customer account has insufficient balance.,770,13,4,3,515.55,False,1,22,ecommerce,690.72,True,True,False,CREATE_ESCALATION,0.0
txn_0e83b0640f6b,cust_08242321,2026-08-18 23:43:16.232825,2124.72,INR,card,failed,authentication_failed,OTP or 3D secure authentication failed.,457,43,5,0,4172.44,False,3,10,mid_market,2185.04,True,True,True,RETRY_PAYMENT,2124.72
txn_93617471a832,cust_4e4b4106,2026-08-07 19:37:16.323954,1132.35,INR,wallet,failed,temporary_bank_failure,Bank is experiencing intermittent issues.,763,32,5,5,1365.74,False,2,25,ecommerce,1168.34,True,True,False,CREATE_ESCALATION,0.0
txn_003039034ba2,cust_8622d396,2026-08-03 10:58:16.363096,435.03,USD,card,failed,bank_timeout,Issuing bank did not respond in time.,333,44,2,0,310.26,True,0,30,smb_saas,533.96,True,True,True,WAIT_AND_RETRY,435.03
txn_24df45528481,cust_005f96f4,2026-08-13 15:49:16.269812,995.83,USD,card,failed,temporary_bank_failure,Bank is experiencing intermittent issues.,222,36,2,1,1535.28,True,3,22,ecommerce,1068.11,True,False,True,WAIT_AND_RETRY,995.83
txn_f9dfbf7b37c5,cust_4bcd6ab8,2026-08-20 19:55:16.270823,6475.68,INR,wallet,failed,insufficient_funds,Customer account has insufficient balance.,564,29,5,2,7796.14,False,2,0,enterprise,6519.83,True,True,False,CREATE_ESCALATION,0.0
txn_3d63363a6cb4,cust_13df8284,2026-08-17 07:41:16.345955,370.93,INR,netbanking,failed,temporary_bank_failure,Bank is experiencing intermittent issues.,215,11,0,0,363.89,False,2,6,mid_market,385.0,True,True,True,WAIT_AND_RETRY,370.93
txn_420cdfed524f,cust_2fa83371,2026-08-14 16:30:16.308955,1816.73,INR,netbanking,failed,insufficient_funds,Customer account has insufficient balance.,423,41,3,1,1145.21,False,1,0,ecommerce,1876.03,True,True,True,SEND_RECOVERY_MESSAGE,1816.73
txn_b7b6e57a8a3e,cust_2486a23a,2026-08-19 00:06:16.344954,4602.08,INR,wallet,failed,bank_timeout,Issuing bank did not respond in time.,815,29,4,1,6308.39,True,2,30,mid_market,4611.65,True,True,True,WAIT_AND_RETRY,4602.08
txn_dae7a9a0dc3d,cust_1ce38ac8,2026-08-24 19:36:16.231825,3199.91,INR,card,failed,insufficient_funds,Customer account has insufficient balance.,720,37,3,2,5016.37,False,3,17,mid_market,3221.03,True,True,True,SEND_RECOVERY_MESSAGE,3199.91
txn_8a36c48eed1b,cust_213f3288,2026-08-17 07:08:16.301954,1000.0,INR,upi,failed,insufficient_funds,Customer account has insufficient balance.,607,4,4,1,788.0,True,3,4,enterprise,1033.02,True,True,True,SEND_RECOVERY_MESSAGE,1000.0
txn_cd2991cc177a,cust_f7c8ddc3,2026-08-05 16:55:16.280813,1003.43,USD,upi,failed,limit_exceeded,Transaction exceeds customer limits.,179,18,2,2,860.63,False,3,3,ecommerce,1040.7,True,True,False,CREATE_ESCALATION,0.0
txn_62d96739c7f4,cust_4546abb2,2026-08-07 20:38:16.317954,3062.5,INR,card,failed,bank_timeout,Issuing bank did not respond in time.,600,8,4,4,2895.37,False,1,30,mid_market,3151.65,True,True,True,WAIT_AND_RETRY,3062.5
txn_ead2d66a1128,cust_9e1a984b,2026-08-05 15:37:16.298954,10.99,USD,card,failed,insufficient_funds,Customer account has insufficient balance.,865,45,3,0,13.64,True,0,30,smb_saas,38.6,True,True,True,SEND_RECOVERY_MESSAGE,10.99
txn_334280247a44,cust_e8f2868c,2026-08-02 09:59:16.292365,3432.67,INR,wallet,failed,bank_timeout,Issuing bank did not respond in time.,918,13,5,5,6285.66,False,1,30,mid_market,3453.35,True,True,False,CREATE_ESCALATION,0.0
txn_22f1dd59d22f,cust_08035980,2026-08-23 00:26:16.329954,67.77,INR,upi,failed,insufficient_funds,Customer account has insufficient balance.,352,18,3,2,96.07,False,0,24,ecommerce,78.96,True,True,True,SEND_RECOVERY_MESSAGE,67.77
txn_6f39081f3c40,cust_df01918c,2026-08-23 12:33:16.245325,305.33,INR,upi,failed,insufficient_funds,Customer account has insufficient balance.,700,35,0,0,447.11,False,3,1,smb_saas,309.55,True,True,False,CREATE_ESCALATION,0.0
txn_ed793b0f16c9,cust_522e3e2c,2026-08-23 07:38:16.341954,663.67,INR,wallet,failed,insufficient_funds,Customer account has insufficient balance.,536,26,5,1,675.31,False,3,22,smb_saas,748.22,True,True,False,CREATE_ESCALATION,0.0
txn_21dbbaa3b48b,cust_7ed9aa2f,2026-07-29 16:26:16.249632,465.89,INR,netbanking,failed,bank_timeout,Issuing bank did not respond in time.,95,19,1,1,426.65,False,1,1,smb_saas,527.1,True,True,True,WAIT_AND_RETRY,465.89
txn_181df7a15919,cust_95a4852a,2026-07-30 09:40:16.363096,614.02,INR,upi,failed,insufficient_funds,Customer account has insufficient balance.,375,37,1,1,875.63,True,3,7,smb_saas,705.35,True,True,True,SEND_RECOVERY_MESSAGE,614.02
txn_2f529be4bca7,cust_7162d778,2026-08-21 01:42:16.335955,1779.57,INR,upi,failed,temporary_bank_failure,Bank is experiencing intermittent issues.,755,27,0,0,2584.91,True,3,27,ecommerce,1855.65,True,True,True,WAIT_AND_RETRY,1779.57
txn_15bdbcf191f2,cust_88c3a7a7,2026-07-31 19:41:16.285813,24515.16,INR,upi,failed,insufficient_funds,Customer account has insufficient balance.,955,30,3,1,33624.17,False,1,27,high_value,24558.89,True,True,True,SEND_RECOVERY_MESSAGE,24515.16
txn_5656c0d17a07,cust_666858e7,2026-08-19 07:44:16.350954,100.0,INR,upi,failed,insufficient_funds,Customer account has insufficient balance.,794,22,3,2,61.22,True,0,24,mid_market,123.48,True,True,False,CREATE_ESCALATION,0.0
txn_1738b80e447a,cust_e164e6a4,2026-08-20 17:33:16.326954,8079.26,INR,netbanking,failed,insufficient_funds,Customer account has insufficient balance.,275,0,1,1,13132.08,False,3,-1,high_value,8157.82,True,True,False,CREATE_ESCALATION,0.0
txn_f6c0f786ef76,cust_a69a5669,2026-07-28 14:11:16.290365,180.29,INR,upi,failed,authentication_failed,OTP or 3D secure authentication failed.,273,24,2,2,341.35,False,0,21,smb_saas,225.25,True,True,True,RETRY_PAYMENT,180.29
txn_11d28a62f00b,cust_2198655d,2026-08-03 14:16:16.253632,129.4,INR,upi,failed,fraud_suspected,Transaction flagged by risk engine.,382,47,2,2,193.34,False,2,17,ecommerce,144.77,True,True,False,STOP_AUTOMATION,0.0
txn_8eeb86df3880,cust_dd341c90,2026-08-07 14:33:16.284812,242.55,INR,wallet,failed,insufficient_funds,Customer account has insufficient balance.,992,43,2,1,381.57,False,3,12,smb_saas,277.99,True,True,False,CREATE_ESCALATION,0.0
txn_190fc95da88f,cust_c5be3e9f,2026-07-30 06:14:16.329954,3694.66,INR,netbanking,failed,insufficient_funds,Customer account has insufficient balance.,642,6,3,3,5524.15,False,3,3,mid_market,3709.4,True,True,False,CREATE_ESCALATION,0.0
txn_c61ee41b3a1f,cust_689f94a1,2026-08-21 23:59:16.365098,323.28,INR,card,failed,insufficient_funds,Customer account has insufficient balance.,451,28,1,1,599.54,True,2,11,ecommerce,419.07,True,True,True,SEND_RECOVERY_MESSAGE,323.28
txn_448854f6aa63,cust_7d174108,2026-07-29 10:57:16.278812,304.07,INR,netbanking,failed,bank_timeout,Issuing bank did not respond in time.,618,27,0,0,496.7,True,1,4,smb_saas,388.31,True,True,True,WAIT_AND_RETRY,304.07
txn_e338f2fed3ad,cust_c8594742,2026-08-09 04:21:16.275813,490.63,INR,wallet,failed,authentication_failed,OTP or 3D secure authentication failed.,631,2,0,0,291.04,True,2,28,smb_saas,527.05,True,False,True,RETRY_PAYMENT,490.63
txn_c15260ffc79e,cust_ebfe0c3b,2026-08-24 00:32:16.322954,235.39,INR,wallet,failed,authentication_failed,OTP or 3D secure authentication failed.,470,42,0,0,319.43,True,1,6,smb_saas,244.78,True,True,True,RETRY_PAYMENT,235.39
txn_8b2deda0ed28,cust_3231b31e,2026-08-16 14:14:16.222629,908.11,INR,card,failed,bank_timeout,Issuing bank did not respond in time.,568,19,5,0,1733.03,True,0,28,ecommerce,918.81,True,True,True,WAIT_AND_RETRY,908.11
txn_e87f19438771,cust_52de209c,2026-08-16 14:45:16.269812,1176.84,INR,upi,failed,insufficient_funds,Customer account has insufficient balance.,122,22,0,0,2032.61,False,3,19,ecommerce,1234.15,True,True,True,SEND_RECOVERY_MESSAGE,1176.84
txn_d607c1b8437d,cust_9926fd71,2026-07-30 05:06:16.247585,1000.0,INR,upi,failed,bank_timeout,Issuing bank did not respond in time.,836,24,1,1,1009.91,False,0,16,enterprise,1036.38,True,True,True,WAIT_AND_RETRY,1000.0
txn_81d70fd3f0b3,cust_a5c36c3e,2026-08-10 09:14:16.280813,312.31,INR,wallet,failed,insufficient_funds,Customer account has insufficient balance.,495,9,4,1,580.64,False,0,1,smb_saas,374.63,True,True,False,CREATE_ESCALATION,0.0
txn_046ae50d5519,cust_caab648d,2026-08-23 02:58:16.276813,14882.28,INR,card,failed,authentication_failed,OTP or 3D secure authentication failed.,731,16,5,2,8404.63,False,2,29,high_value,14981.56,True,True,True,RETRY_PAYMENT,14882.28
txn_cdfa07a06e33,cust_777aac28,2026-08-04 12:04:16.337954,1630.22,INR,wallet,failed,temporary_bank_failure,Bank is experiencing intermittent issues.,264,36,4,1,2378.28,False,2,20,ecommerce,1646.51,True,True,False,CREATE_ESCALATION,0.0
txn_30f19b4599df,cust_78a5e257,2026-08-09 02:54:16.246043,757.18,INR,wallet,failed,temporary_bank_failure,Bank is experiencing intermittent issues.,966,33,2,2,1034.47,False,3,24,ecommerce,782.32,True,False,True,WAIT_AND_RETRY,757.18
txn_2892e5df1b86,cust_762c91c8,2026-07-26 11:29:16.262223,2328.49,INR,card,failed,authentication_failed,OTP or 3D secure authentication failed.,578,30,1,0,3395.78,False,1,17,ecommerce,2414.99,True,True,False,CREATE_ESCALATION,0.0
txn_19ec3670b262,cust_a363b57c,2026-08-13 03:03:16.316954,4477.13,INR,upi,failed,authentication_failed,OTP or 3D secure authentication failed.,154,23,5,1,7931.53,True,2,20,mid_market,4536.67,True,False,False,CREATE_ESCALATION,0.0
txn_241002dd4372,cust_52503da6,2026-08-03 06:26:16.312954,105.48,INR,wallet,failed,bank_timeout,Issuing bank did not respond in time.,434,19,4,0,96.82,True,3,28,ecommerce,131.87,True,False,True,WAIT_AND_RETRY,105.48
txn_a7f9c8a38b99,cust_ef987dfb,2026-08-17 17:17:16.351955,345.78,INR,netbanking,failed,insufficient_funds,Customer account has insufficient balance.,852,39,4,1,262.39,False,1,9,ecommerce,386.7,True,True,False,CREATE_ESCALATION,0.0
txn_aba1f3db2bb2,cust_6aa07b90,2026-08-07 13:20:16.317954,403.36,INR,netbanking,failed,bank_timeout,Issuing bank did not respond in time.,536,37,1,0,227.03,False,0,21,smb_saas,459.31,True,True,True,WAIT_AND_RETRY,403.36
txn_0b4a18c47475,cust_dd6cb9c9,2026-08-25 16:29:16.291365,95.75,INR,card,failed,fraud_suspected,Transaction flagged by risk engine.,2,11,3,2,97.02,False,2,14,smb_saas,132.76,True,True,False,STOP_AUTOMATION,0.0
txn_0f2174c09a3f,cust_cc1e0cc0,2026-08-12 17:23:16.340954,2843.0,INR,card,failed,authentication_failed,OTP or 3D secure authentication failed.,402,8,0,0,5462.04,False,0,15,mid_market,2873.75,True,False,False,CREATE_ESCALATION,0.0
txn_004c4976ea11,cust_19099256,2026-08-17 16:58:16.226780,99.73,INR,upi,failed,limit_exceeded,Transaction exceeds customer limits.,48,25,0,0,179.42,False,2,10,smb_saas,108.37,True,True,False,CREATE_ESCALATION,0.0
txn_f52681b264d2,cust_53f1b383,2026-08-12 11:48:16.327954,5053.43,INR,card,failed,insufficient_funds,Customer account has insufficient balance.,19,12,0,0,7738.77,False,1,11,mid_market,5112.42,True,True,True,SEND_RECOVERY_MESSAGE,5053.43
txn_6b86f470f705,cust_e9b596c3,2026-08-06 00:50:16.305956,5624.64,INR,netbanking,failed,insufficient_funds,Customer account has insufficient balance.,477,8,4,2,9928.82,False,2,16,mid_market,5702.12,True,True,True,SEND_RECOVERY_MESSAGE,5624.64
txn_1aacc6baf8dd,cust_62f68f88,2026-08-04 05:32:16.342954,33616.59,INR,wallet,failed,insufficient_funds,Customer account has insufficient balance.,136,25,1,0,56542.83,False,0,16,high_value,33622.25,True,True,False,CREATE_ESCALATION,0.0
txn_9c2b21a627ae,cust_498ba376,2026-08-25 15:41:16.313954,91.56,INR,card,failed,insufficient_funds,Customer account has insufficient balance.,228,16,5,1,105.06,True,3,18,smb_saas,113.83,True,True,False,CREATE_ESCALATION,0.0
txn_50b28c768b7b,cust_0aa39a36,2026-08-24 20:11:16.348954,6336.44,INR,upi,failed,insufficient_funds,Customer account has insufficient balance.,670,9,1,0,9386.37,False,3,0,enterprise,6353.44,True,True,False,CREATE_ESCALATION,0.0
txn_898c23638e3e,cust_c315965a,2026-08-03 12:09:16.303954,2690.39,INR,card,failed,insufficient_funds,Customer account has insufficient balance.,89,10,2,2,2307.09,False,1,8,mid_market,2776.78,True,True,False,CREATE_ESCALATION,0.0
txn_f92ebab94af7,cust_799bcaee,2026-08-14 09:53:16.350954,7994.75,USD,upi,failed,bank_timeout,Issuing bank did not respond in time.,887,8,4,2,15059.06,False,2,29,mid_market,8016.96,True,True,True,WAIT_AND_RETRY,7994.75
txn_ca8aa6b3b19e,cust_e8543f2e,2026-08-22 09:50:16.318954,3963.61,INR,upi,failed,authentication_failed,OTP or 3D secure authentication failed.,970,23,4,4,5679.31,False,0,13,enterprise,4023.38,True,True,False,CREATE_ESCALATION,0.0
txn_fdeb63eace03,cust_eab416c8,2026-08-22 23:27:16.324955,71.15,INR,wallet,failed,authentication_failed,OTP or 3D secure authentication failed.,91,6,0,0,122.89,False,1,25,ecommerce,116.61,True,True,False,CREATE_ESCALATION,0.0
txn_a6dc031b1662,cust_87bf6c2f,2026-08-23 10:11:16.358096,816.56,INR,wallet,failed,insufficient_funds,Customer account has insufficient balance.,454,12,0,0,620.9,False,2,11,ecommerce,830.4,True,True,False,CREATE_ESCALATION,0.0
txn_4d60af3cae53,cust_1d5e7870,2026-08-14 20:48:16.311954,4595.82,INR,card,failed,insufficient_funds,Customer account has insufficient balance.,440,11,1,0,4371.23,False,3,14,enterprise,4694.71,True,True,False,CREATE_ESCALATION,0.0
txn_2a619bd42d88,cust_eec8e635,2026-07-31 13:49:16.286812,127.07,INR,netbanking,failed,insufficient_funds,Customer account has insufficient balance.,395,5,4,1,90.86,False,1,26,smb_saas,135.9,True,True,False,CREATE_ESCALATION,0.0
txn_59c9f156f714,cust_833dd443,2026-08-12 10:58:16.362097,147.09,INR,upi,failed,temporary_bank_failure,Bank is experiencing intermittent issues.,115,43,4,1,171.72,False,2,21,smb_saas,229.16,True,True,False,CREATE_ESCALATION,0.0
txn_1aa08c9ca77a,cust_800d7bcc,2026-08-23 10:43:16.264223,2842.16,INR,upi,failed,fraud_suspected,Transaction flagged by risk engine.,267,50,5,3,1858.61,False,2,13,enterprise,2885.37,True,True,False,STOP_AUTOMATION,0.0
txn_d27f561128f4,cust_11183251,2026-08-15 11:18:16.302954,427.13,USD,card,failed,insufficient_funds,Customer account has insufficient balance.,154,48,1,0,678.01,True,3,17,smb_saas,510.01,True,True,False,CREATE_ESCALATION,0.0
txn_a82f426dfd67,cust_990f9bbf,2026-08-14 08:32:16.247585,544.35,USD,upi,failed,limit_exceeded,Transaction exceeds customer limits.,150,13,3,2,425.68,False,1,15,ecommerce,593.24,True,True,True,RETRY_PAYMENT,544.35
txn_2a8f2adbe4ae,cust_5c43418d,2026-08-13 08:42:16.294364,5000.0,INR,card,failed,insufficient_funds,Customer account has insufficient balance.,557,1,5,0,8972.56,False,0,0,high_value,5069.9,True,True,False,CREATE_ESCALATION,0.0
txn_0fcd0a185a24,cust_3ed09cd8,2026-07-29 15:13:16.294364,3331.93,INR,card,failed,authentication_failed,OTP or 3D secure authentication failed.,183,4,3,2,2026.56,True,2,22,mid_market,3397.64,True,True,True,RETRY_PAYMENT,3331.93
txn_134b304adb37,cust_c5bef115,2026-08-20 20:42:16.290365,1020.02,USD,wallet,failed,bank_timeout,Issuing bank did not respond in time.,700,3,2,1,695.91,False,0,10,ecommerce,1023.8,True,True,True,WAIT_AND_RETRY,1020.02
txn_6f35d2239f39,cust_aecade89,2026-08-21 19:48:16.331954,361.57,INR,card,failed,insufficient_funds,Customer account has insufficient balance.,883,37,4,1,714.3,False,3,3,mid_market,383.37,True,True,True,SEND_RECOVERY_MESSAGE,361.57
txn_47c9831e7efd,cust_716303bc,2026-08-08 22:40:16.277813,39.85,INR,wallet,failed,bank_timeout,Issuing bank did not respond in time.,608,11,5,0,58.83,False,2,22,ecommerce,86.61,True,True,True,WAIT_AND_RETRY,39.85
txn_2ef1637dc825,cust_f78f8213,2026-07-28 17:48:16.259223,2733.57,INR,wallet,failed,temporary_bank_failure,Bank is experiencing intermittent issues.,44,38,1,0,5381.23,False,0,17,mid_market,2817.48,True,True,True,WAIT_AND_RETRY,2733.57
txn_6333e7b6ece4,cust_89342f46,2026-08-23 16:04:16.288365,305.39,USD,upi,failed,authentication_failed,OTP or 3D secure authentication failed.,744,7,1,1,466.57,True,3,19,ecommerce,313.11,True,True,False,CREATE_ESCALATION,0.0
txn_3e46eb96d644,cust_25590d67,2026-07-29 03:34:16.264223,381.0,INR,upi,failed,insufficient_funds,Customer account has insufficient balance.,781,37,4,2,347.07,False,3,6,smb_saas,474.46,True,False,False,CREATE_ESCALATION,0.0
txn_534601c1c06c,cust_38293774,2026-08-03 18:12:16.318954,5000.0,INR,upi,failed,bank_timeout,Issuing bank did not respond in time.,199,2,3,1,6278.85,True,2,10,high_value,5012.35,True,True,False,CREATE_ESCALATION,0.0
txn_d7e6f54b48b0,cust_bfeca3ad,2026-08-18 19:14:16.313954,3527.87,INR,card,failed,insufficient_funds,Customer account has insufficient balance.,926,20,5,4,2748.06,False,2,4,mid_market,3574.6,True,False,False,CREATE_ESCALATION,0.0
txn_b5ec8460ff46,cust_417b8d27,2026-08-12 07:26:16.359096,240.51,INR,upi,failed,insufficient_funds,Customer account has insufficient balance.,291,27,4,3,415.22,False,0,8,smb_saas,324.38,True,True,False,CREATE_ESCALATION,0.0
txn_0b68ae3edb61,cust_367f88fc,2026-07-31 03:49:16.224629,1746.93,USD,upi,failed,insufficient_funds,Customer account has insufficient balance.,262,13,2,2,1080.66,False,2,2,ecommerce,1800.49,True,True,True,SEND_RECOVERY_MESSAGE,1746.93
txn_d7ad56b0874e,cust_77504cae,2026-08-05 10:41:16.366097,508.08,INR,upi,failed,temporary_bank_failure,Bank is experiencing intermittent issues.,380,13,1,0,408.07,False,0,30,ecommerce,569.1,True,True,True,WAIT_AND_RETRY,508.08
txn_dbc076b11c6e,cust_67e751a4,2026-08-03 03:42:16.321954,4280.96,USD,upi,failed,insufficient_funds,Customer account has insufficient balance.,430,8,2,1,3595.63,False,0,26,enterprise,4306.68,True,True,True,SEND_RECOVERY_MESSAGE,4280.96
txn_198173f1a9ee,cust_bfd51a8e,2026-08-06 18:09:16.223629,6245.73,INR,card,failed,insufficient_funds,Customer account has insufficient balance.,491,25,3,0,7716.0,False,0,28,enterprise,6253.81,True,True,True,SEND_RECOVERY_MESSAGE,6245.73
txn_00a39c2fcf74,cust_8a283eb5,2026-08-05 11:45:16.293365,683.07,INR,card,failed,bank_timeout,Issuing bank did not respond in time.,767,27,0,0,1171.82,False,0,15,ecommerce,762.31,True,True,True,WAIT_AND_RETRY,683.07
txn_d624626a6ad2,cust_a48bd009,2026-08-13 15:25:16.259223,212.74,INR,netbanking,failed,bank_timeout,Issuing bank did not respond in time.,573,29,3,0,225.8,False,1,7,smb_saas,312.12,True,True,True,WAIT_AND_RETRY,212.74
txn_2a75fdf501ea,cust_c693dc48,2026-08-22 16:58:16.325954,568.08,INR,upi,failed,bank_timeout,Issuing bank did not respond in time.,890,26,3,0,720.01,False,0,30,mid_market,589.21,True,True,True,WAIT_AND_RETRY,568.08
txn_88f01f5a8c48,cust_95174683,2026-08-08 21:46:16.350954,10823.13,INR,card,failed,insufficient_funds,Customer account has insufficient balance.,402,50,3,2,19367.9,False,1,0,high_value,10895.88,True,True,False,CREATE_ESCALATION,0.0
txn_817e248c1076,cust_7e48b668,2026-07-29 13:24:16.319954,2686.26,INR,upi,failed,fraud_suspected,Transaction flagged by risk engine.,466,50,4,1,2208.19,False,1,12,ecommerce,2778.5,True,False,False,STOP_AUTOMATION,0.0
txn_fc5c91f168b6,cust_79040818,2026-07-28 05:31:16.238825,1666.37,INR,wallet,failed,bank_timeout,Issuing bank did not respond in time.,1000,17,2,2,2039.74,True,2,22,mid_market,1674.65,True,True,True,WAIT_AND_RETRY,1666.37
txn_230eeb06b95a,cust_99038eb2,2026-08-04 08:43:16.278812,10803.34,INR,wallet,failed,authentication_failed,OTP or 3D secure authentication failed.,716,32,4,4,21153.72,False,1,20,enterprise,10874.92,True,True,False,CREATE_ESCALATION,0.0
txn_d76c87920e79,cust_1bb30862,2026-08-06 12:21:16.261223,834.35,USD,netbanking,failed,limit_exceeded,Transaction exceeds customer limits.,193,38,0,0,1110.65,False,0,29,ecommerce,898.07,True,True,False,CREATE_ESCALATION,0.0
txn_813c43eb7690,cust_a3dc4aa5,2026-08-16 05:37:16.271813,2114.55,INR,wallet,failed,limit_exceeded,Transaction exceeds customer limits.,470,41,0,0,1387.97,False,0,11,mid_market,2193.42,True,True,False,CREATE_ESCALATION,0.0
txn_47936888e9ef,cust_84389c90,2026-08-14 19:43:16.327954,39.28,INR,card,failed,authentication_failed,OTP or 3D secure authentication failed.,789,4,5,5,71.22,False,3,19,smb_saas,49.97,True,True,False,CREATE_ESCALATION,0.0
txn_863146a0da67,cust_9f76bd03,2026-08-18 04:58:16.226780,100.0,INR,upi,failed,authentication_failed,OTP or 3D secure authentication failed.,532,43,3,0,51.21,False,0,27,mid_market,142.23,True,True,True,RETRY_PAYMENT,100.0
txn_40674a187921,cust_7f08860c,2026-07-30 01:10:16.250632,357.02,USD,card,failed,bank_timeout,Issuing bank did not respond in time.,677,40,2,0,633.51,False,0,7,smb_saas,393.96,True,True,True,WAIT_AND_RETRY,357.02
txn_bbf5a18e8ca6,cust_db8228c8,2026-07-30 04:02:16.313954,370.7,INR,wallet,failed,bank_timeout,Issuing bank did not respond in time.,782,28,4,2,645.38,True,3,3,ecommerce,408.49,True,True,True,WAIT_AND_RETRY,370.7
txn_27be9bab64dc,cust_337eaf7d,2026-08-15 21:58:16.281813,5532.5,INR,card,failed,authentication_failed,OTP or 3D secure authentication failed.,936,7,0,0,9579.08,False,3,15,mid_market,5612.07,True,True,False,CREATE_ESCALATION,0.0
txn_cf21aba6698d,cust_2f10de50,2026-08-08 22:16:16.303954,925.07,INR,wallet,failed,insufficient_funds,Customer account has insufficient balance.,300,38,0,0,1735.5,False,2,13,ecommerce,931.77,True,True,True,SEND_RECOVERY_MESSAGE,925.07
txn_edcf95c207e0,cust_336155e5,2026-08-04 16:54:16.310954,11828.01,INR,upi,failed,bank_timeout,Issuing bank did not respond in time.,173,44,1,0,14380.24,True,0,4,high_value,11920.32,True,True,True,WAIT_AND_RETRY,11828.01
txn_39a112af84b3,cust_4335f0a9,2026-08-12 07:16:16.264223,155.45,USD,wallet,failed,temporary_bank_failure,Bank is experiencing intermittent issues.,968,8,4,2,157.83,False,1,10,smb_saas,237.57,True,True,False,CREATE_ESCALATION,0.0
txn_6d78bca3cbc5,cust_e793d955,2026-07-29 08:44:16.315955,264.88,USD,card,failed,limit_exceeded,Transaction exceeds customer limits.,294,4,5,0,466.07,False,1,14,smb_saas,299.72,True,True,False,CREATE_ESCALATION,0.0
txn_0e025a89b964,cust_f1cfaf2d,2026-08-17 13:08:16.327954,8905.89,INR,card,failed,insufficient_funds,Customer account has insufficient balance.,138,22,4,3,16729.53,False,3,30,mid_market,8912.35,True,True,True,SEND_RECOVERY_MESSAGE,8905.89
txn_1cdaed721a3f,cust_2936bc06,2026-08-05 08:53:16.290365,350.91,INR,upi,failed,authentication_failed,OTP or 3D secure authentication failed.,543,36,0,0,622.21,False,2,3,mid_market,450.69,True,True,False,CREATE_ESCALATION,0.0
txn_2ef84ba4c8d0,cust_01f7aedc,2026-08-03 15:25:16.291365,522.08,INR,upi,failed,insufficient_funds,Customer account has insufficient balance.,653,9,0,0,511.12,True,3,17,smb_saas,572.6,True,True,False,CREATE_ESCALATION,0.0
txn_994798e01422,cust_31c550f6,2026-08-07 00:30:16.285813,3015.71,INR,wallet,failed,insufficient_funds,Customer account has insufficient balance.,393,36,5,5,5259.66,False,1,16,mid_market,3049.74,True,True,False,CREATE_ESCALATION,0.0
txn_a1688292b363,cust_5f43ea56,2026-08-04 13:38:16.226780,1743.24,INR,netbanking,failed,authentication_failed,OTP or 3D secure authentication failed.,802,46,2,0,1844.01,False,2,23,mid_market,1831.88,True,True,True,RETRY_PAYMENT,1743.24
txn_13b93a5e120c,cust_7550966c,2026-08-14 11:49:16.360096,943.65,INR,wallet,failed,authentication_failed,OTP or 3D secure authentication failed.,134,7,4,3,622.17,False,2,10,smb_saas,1030.36,True,True,False,CREATE_ESCALATION,0.0
txn_e2fad6b3605b,cust_d31887df,2026-08-12 10:55:16.247585,1364.23,INR,upi,failed,bank_timeout,Issuing bank did not respond in time.,708,8,4,1,2348.75,False,1,4,ecommerce,1435.34,True,True,True,WAIT_AND_RETRY,1364.23
txn_25d4a00df3a7,cust_284aa899,2026-07-30 09:56:16.283812,498.09,INR,card,failed,authentication_failed,OTP or 3D secure authentication failed.,246,16,5,5,415.33,False,0,7,mid_market,592.37,True,True,False,CREATE_ESCALATION,0.0
txn_617695d9242e,cust_40ccef69,2026-08-03 16:13:16.265766,1243.91,USD,netbanking,failed,bank_timeout,Issuing bank did not respond in time.,321,20,3,3,2005.35,False,1,23,ecommerce,1323.93,True,True,False,CREATE_ESCALATION,0.0
txn_2c377fe2f4b6,cust_de0ad535,2026-08-15 22:16:16.365098,1072.57,USD,wallet,failed,insufficient_funds,Customer account has insufficient balance.,355,26,2,0,1046.09,False,2,5,mid_market,1088.8,True,True,False,CREATE_ESCALATION,0.0
txn_2b0188efdcf7,cust_c086dc91,2026-08-09 06:05:16.340954,8527.55,INR,card,failed,fraud_suspected,Transaction flagged by risk engine.,549,6,2,2,8110.51,False,2,12,mid_market,8596.21,True,True,False,STOP_AUTOMATION,0.0
txn_5f63fe05db6b,cust_3056496d,2026-08-16 12:08:16.320954,65.85,INR,netbanking,failed,insufficient_funds,Customer account has insufficient balance.,754,3,2,0,83.47,True,0,17,smb_saas,107.24,True,True,True,SEND_RECOVERY_MESSAGE,65.85
txn_070acdc14a1b,cust_7c3886ec,2026-08-05 11:49:16.279813,253.02,INR,wallet,failed,bank_timeout,Issuing bank did not respond in time.,529,16,5,1,160.01,False,1,28,ecommerce,265.81,True,True,True,WAIT_AND_RETRY,253.02
txn_3d31445e1375,cust_a64b58e7,2026-08-11 08:27:16.328954,1743.41,INR,netbanking,failed,insufficient_funds,Customer account has insufficient balance.,314,15,4,2,1605.79,False,1,12,mid_market,1783.3,True,True,True,SEND_RECOVERY_MESSAGE,1743.41
txn_f30ab79a5636,cust_7caef062,2026-08-09 20:25:16.269812,77.24,INR,card,failed,limit_exceeded,Transaction exceeds customer limits.,776,3,2,2,119.11,False,1,12,smb_saas,139.89,True,False,True,RETRY_PAYMENT,77.24
txn_64c25df1535e,cust_ae12d2c7,2026-08-21 08:53:16.274812,533.86,INR,netbanking,failed,insufficient_funds,Customer account has insufficient balance.,921,29,4,4,873.31,False,2,1,mid_market,632.35,True,True,False,CREATE_ESCALATION,0.0
txn_3f44e27d1971,cust_9cdae494,2026-08-12 05:50:16.276813,18239.1,INR,card,failed,authentication_failed,OTP or 3D secure authentication failed.,307,32,5,0,14197.16,True,3,13,enterprise,18268.31,True,True,False,CREATE_ESCALATION,0.0
txn_30d6903056fe,cust_fe4ab8e9,2026-08-11 16:59:16.222629,309.52,INR,card,failed,insufficient_funds,Customer account has insufficient balance.,237,24,5,1,482.74,True,3,10,smb_saas,363.78,True,True,True,SEND_RECOVERY_MESSAGE,309.52
txn_3e744186e031,cust_5b15d1d7,2026-08-09 03:53:16.299954,421.42,INR,upi,failed,insufficient_funds,Customer account has insufficient balance.,57,36,1,0,826.56,False,2,12,ecommerce,493.49,True,False,True,SEND_RECOVERY_MESSAGE,421.42
txn_a0249e9aef11,cust_830f8639,2026-07-29 02:00:16.320954,573.58,INR,upi,failed,insufficient_funds,Customer account has insufficient balance.,271,37,1,1,506.01,False,0,22,smb_saas,647.81,True,True,False,CREATE_ESCALATION,0.0
txn_ee8cc9849a5f,cust_715a9292,2026-08-13 07:01:16.226780,150.11,INR,netbanking,failed,authentication_failed,OTP or 3D secure authentication failed.,155,48,5,5,96.83,False,3,24,smb_saas,209.08,True,True,False,CREATE_ESCALATION,0.0
txn_08bf0be5da5e,cust_db97a86a,2026-08-04 14:20:16.278812,68.05,INR,card,failed,insufficient_funds,Customer account has insufficient balance.,857,1,5,1,36.86,True,0,7,smb_saas,141.75,True,True,True,SEND_RECOVERY_MESSAGE,68.05
txn_c76e35125ad0,cust_28bae775,2026-08-13 19:43:16.235826,3340.62,USD,upi,failed,authentication_failed,OTP or 3D secure authentication failed.,184,39,5,3,3964.45,False,1,22,mid_market,3397.48,True,True,False,CREATE_ESCALATION,0.0
txn_e6f80bf2c5d3,cust_20e2af91,2026-08-03 23:10:16.268812,296.86,INR,upi,failed,insufficient_funds,Customer account has insufficient balance.,993,2,1,1,183.38,True,0,16,smb_saas,307.22,True,False,False,CREATE_ESCALATION,0.0
txn_89e524b20913,cust_9ffe958a,2026-08-08 01:06:16.341954,451.87,USD,netbanking,failed,bank_timeout,Issuing bank did not respond in time.,292,48,2,1,615.58,True,3,29,smb_saas,547.02,True,True,True,WAIT_AND_RETRY,451.87
txn_c3234cedc91f,cust_443b89fa,2026-08-14 01:30:16.223629,159.52,INR,wallet,failed,temporary_bank_failure,Bank is experiencing intermittent issues.,303,47,2,0,191.82,True,1,27,smb_saas,227.15,True,True,True,WAIT_AND_RETRY,159.52
txn_bb9ac56b9014,cust_b34bd222,2026-08-15 04:50:16.327954,100.0,INR,wallet,failed,temporary_bank_failure,Bank is experiencing intermittent issues.,911,34,3,0,188.94,False,1,18,mid_market,108.23,True,True,False,CREATE_ESCALATION,0.0
txn_b1b3cb0a1471,cust_34e30992,2026-08-16 04:02:16.270823,90.75,USD,card,failed,insufficient_funds,Customer account has insufficient balance.,79,13,4,0,112.29,False,3,17,ecommerce,166.58,True,True,False,CREATE_ESCALATION,0.0
txn_312afe6c30ca,cust_26bb2918,2026-08-05 11:13:16.269812,918.39,INR,wallet,failed,fraud_suspected,Transaction flagged by risk engine.,5,48,0,0,1129.1,False,1,20,smb_saas,966.44,True,True,False,STOP_AUTOMATION,0.0
txn_a0cd6074a0b3,cust_9e92ffb0,2026-08-12 17:47:16.254632,86.65,USD,upi,failed,insufficient_funds,Customer account has insufficient balance.,148,5,5,3,45.33,False,1,29,smb_saas,145.42,True,True,True,SEND_RECOVERY_MESSAGE,86.65
txn_77508e87d6d1,cust_c6ae9686,2026-08-13 18:26:16.270823,236.26,INR,upi,failed,insufficient_funds,Customer account has insufficient balance.,858,28,5,1,404.63,False,3,2,smb_saas,289.95,True,True,True,SEND_RECOVERY_MESSAGE,236.26
txn_0726eda2be99,cust_cfa20117,2026-08-25 05:42:16.347954,90.73,USD,upi,failed,limit_exceeded,Transaction exceeds customer limits.,292,13,2,2,137.73,False,1,27,smb_saas,170.26,True,True,False,CREATE_ESCALATION,0.0
txn_8a0e7b90b8b7,cust_ccd1e2a1,2026-07-27 12:50:16.282812,239.41,INR,upi,failed,bank_timeout,Issuing bank did not respond in time.,69,2,4,1,453.61,False,3,15,ecommerce,333.36,True,True,True,WAIT_AND_RETRY,239.41
txn_a615b1c28704,cust_817fd15b,2026-08-12 16:53:16.362097,7839.28,USD,card,failed,authentication_failed,OTP or 3D secure authentication failed.,474,24,5,4,8372.91,True,0,3,high_value,7842.24,True,True,False,CREATE_ESCALATION,0.0
txn_c5c21dadacff,cust_208b30a0,2026-08-23 01:23:16.270823,5826.13,INR,netbanking,failed,authentication_failed,OTP or 3D secure authentication failed.,839,10,0,0,6032.66,False,0,16,mid_market,5892.73,True,True,False,CREATE_ESCALATION,0.0
txn_e0a571cc7b51,cust_8459935e,2026-08-12 18:27:16.282812,135.65,INR,upi,failed,insufficient_funds,Customer account has insufficient balance.,144,1,1,0,179.85,False,0,5,ecommerce,136.79,True,False,False,CREATE_ESCALATION,0.0
txn_e126305908e8,cust_f4f8d48f,2026-08-19 11:13:16.295908,576.3,USD,wallet,failed,limit_exceeded,Transaction exceeds customer limits.,912,29,5,0,358.15,True,0,22,ecommerce,645.65,True,True,False,CREATE_ESCALATION,0.0
txn_b420d1df1a3e,cust_60dd9af6,2026-08-03 11:19:16.222629,826.48,INR,wallet,failed,temporary_bank_failure,Bank is experiencing intermittent issues.,564,21,2,2,975.76,False,1,3,ecommerce,898.61,True,True,True,WAIT_AND_RETRY,826.48
txn_34b702004bb6,cust_64b5c643,2026-08-14 22:03:16.345955,528.38,INR,card,failed,insufficient_funds,Customer account has insufficient balance.,394,24,0,0,612.98,True,1,13,smb_saas,535.94,True,True,False,CREATE_ESCALATION,0.0
txn_b78075e38daa,cust_a014101e,2026-08-13 15:29:16.342954,67.0,INR,card,failed,authentication_failed,OTP or 3D secure authentication failed.,308,1,2,2,123.47,False,3,7,ecommerce,114.61,True,True,True,RETRY_PAYMENT,67.0
txn_fd3905022638,cust_ab092489,2026-08-08 22:37:16.276813,666.56,USD,upi,failed,insufficient_funds,Customer account has insufficient balance.,84,33,2,1,792.33,False,2,18,mid_market,749.75,True,True,False,CREATE_ESCALATION,0.0
txn_99ab9dff7218,cust_d922430b,2026-08-16 21:19:16.224629,348.21,INR,upi,failed,authentication_failed,OTP or 3D secure authentication failed.,515,45,2,2,235.43,False,2,11,smb_saas,409.67,True,True,True,RETRY_PAYMENT,348.21
txn_94f445f86bad,cust_2d6befd5,2026-08-20 11:39:16.324955,4270.91,INR,netbanking,failed,bank_timeout,Issuing bank did not respond in time.,844,21,5,0,6322.66,False,1,17,mid_market,4313.1,True,True,False,CREATE_ESCALATION,0.0
txn_071507fb177e,cust_17e8ea25,2026-08-14 13:11:16.317954,96.42,INR,netbanking,failed,authentication_failed,OTP or 3D secure authentication failed.,371,36,4,4,168.22,False,3,9,smb_saas,125.53,True,True,False,CREATE_ESCALATION,0.0
txn_569ddc822b81,cust_bf34ccf1,2026-08-09 22:40:16.264223,453.79,USD,card,failed,insufficient_funds,Customer account has insufficient balance.,617,3,1,1,684.69,False,2,11,smb_saas,505.38,True,True,True,SEND_RECOVERY_MESSAGE,453.79
txn_893aae08d163,cust_ae94e08b,2026-07-29 21:02:16.226780,88.46,INR,netbanking,failed,temporary_bank_failure,Bank is experiencing intermittent issues.,485,7,2,1,106.72,False,2,2,ecommerce,152.65,True,True,True,WAIT_AND_RETRY,88.46
txn_c01668314bdb,cust_558950c0,2026-08-09 04:54:16.277813,12240.56,INR,netbanking,failed,bank_timeout,Issuing bank did not respond in time.,831,28,2,2,18024.95,False,3,22,enterprise,12306.58,True,True,False,CREATE_ESCALATION,0.0
txn_28a47e412426,cust_3863c42c,2026-08-25 15:38:16.305956,627.55,USD,card,failed,authentication_failed,OTP or 3D secure authentication failed.,894,0,0,0,692.7,False,0,-1,ecommerce,722.64,True,True,False,CREATE_ESCALATION,0.0
txn_9f4a1f325327,cust_8c1f6152,2026-08-21 09:37:16.321954,289.85,INR,netbanking,failed,insufficient_funds,Customer account has insufficient balance.,611,14,2,1,563.64,False,2,15,smb_saas,355.49,True,True,True,SEND_RECOVERY_MESSAGE,289.85
txn_85a3b6d0e317,cust_526faa5a,2026-07-30 13:28:16.318954,489.59,INR,netbanking,failed,authentication_failed,OTP or 3D secure authentication failed.,878,37,5,4,355.07,False,3,13,ecommerce,576.66,True,False,False,CREATE_ESCALATION,0.0
txn_800fcd290c72,cust_285b2c54,2026-08-22 20:39:16.321954,3536.52,INR,wallet,failed,insufficient_funds,Customer account has insufficient balance.,114,42,5,1,6861.96,True,0,22,mid_market,3606.81,True,True,False,CREATE_ESCALATION,0.0
txn_1bd53c8b9b87,cust_50122214,2026-08-14 04:11:16.227825,934.69,INR,netbanking,failed,authentication_failed,OTP or 3D secure authentication failed.,383,44,0,0,1724.8,False,3,3,mid_market,960.12,True,True,True,RETRY_PAYMENT,934.69
txn_30fbb54c680b,cust_e85b0c70,2026-07-31 23:32:16.366097,964.73,INR,wallet,failed,authentication_failed,OTP or 3D secure authentication failed.,7,3,5,2,1383.84,False,1,30,ecommerce,1053.5,True,True,True,RETRY_PAYMENT,964.73
txn_5719e230f397,cust_96041e7a,2026-08-06 03:47:16.311954,1692.6,INR,card,failed,insufficient_funds,Customer account has insufficient balance.,474,20,0,0,2177.9,True,1,24,ecommerce,1740.1,True,True,True,SEND_RECOVERY_MESSAGE,1692.6
txn_c5c9e72c86a8,cust_b490140f,2026-08-21 03:14:16.294364,198.19,INR,upi,failed,authentication_failed,OTP or 3D secure authentication failed.,284,3,3,2,390.48,False,1,19,smb_saas,210.58,True,True,False,CREATE_ESCALATION,0.0
txn_e58f4df5bbeb,cust_48182c36,2026-08-18 13:09:16.353498,103.08,INR,wallet,failed,authentication_failed,OTP or 3D secure authentication failed.,749,35,5,5,126.49,False,2,30,smb_saas,167.26,True,True,False,CREATE_ESCALATION,0.0
txn_fcf419cf8330,cust_d764c452,2026-08-18 23:55:16.342954,2784.46,USD,card,failed,bank_timeout,Issuing bank did not respond in time.,164,46,2,2,3495.32,True,0,16,mid_market,2855.09,True,True,True,WAIT_AND_RETRY,2784.46
txn_3e79b2dd0008,cust_230df6f9,2026-08-20 17:26:16.307955,732.65,INR,wallet,failed,authentication_failed,OTP or 3D secure authentication failed.,871,1,3,1,1434.66,True,0,30,ecommerce,768.44,True,True,True,RETRY_PAYMENT,732.65
txn_a9181b97e00f,cust_452d3b01,2026-07-25 22:58:16.249632,413.1,INR,netbanking,failed,authentication_failed,OTP or 3D secure authentication failed.,299,41,1,1,753.39,False,0,20,smb_saas,421.5,True,True,True,RETRY_PAYMENT,413.1
txn_166393faf7fc,cust_54e6e620,2026-07-31 06:55:16.235826,24399.72,INR,wallet,failed,limit_exceeded,Transaction exceeds customer limits.,67,7,1,0,41292.8,True,3,22,enterprise,24437.15,True,True,False,CREATE_ESCALATION,0.0
txn_47eb4db61755,cust_9bc37ecb,2026-08-16 12:50:16.339954,349.89,INR,upi,failed,insufficient_funds,Customer account has insufficient balance.,17,13,3,0,300.32,True,3,28,smb_saas,392.14,True,True,False,CREATE_ESCALATION,0.0
txn_b40d8700a289,cust_c82ec5a4,2026-08-08 13:37:16.337954,875.7,USD,wallet,failed,fraud_suspected,Transaction flagged by risk engine.,467,11,2,1,498.96,False,2,17,mid_market,968.95,True,False,False,STOP_AUTOMATION,0.0
txn_ed3aa6b81f35,cust_207405cf,2026-08-12 20:38:16.224629,67.63,INR,upi,failed,authentication_failed,OTP or 3D secure authentication failed.,891,21,2,0,55.3,True,0,23,smb_saas,167.59,True,True,True,RETRY_PAYMENT,67.63
txn_caa2e2aa6965,cust_e252819a,2026-07-28 01:55:16.253632,336.03,INR,netbanking,failed,authentication_failed,OTP or 3D secure authentication failed.,600,8,1,0,291.22,True,2,18,smb_saas,379.31,True,True,False,CREATE_ESCALATION,0.0
txn_5963d9e476d5,cust_c0f5456c,2026-08-23 16:55:16.363096,234.39,INR,wallet,failed,temporary_bank_failure,Bank is experiencing intermittent issues.,478,32,2,0,250.85,False,2,7,ecommerce,272.29,True,True,True,WAIT_AND_RETRY,234.39
txn_c771ab779b55,cust_eefa1202,2026-07-29 17:12:16.246043,450.46,INR,card,failed,authentication_failed,OTP or 3D secure authentication failed.,75,36,1,0,648.85,False,2,30,smb_saas,472.99,True,True,True,RETRY_PAYMENT,450.46
txn_b3da37d0b109,cust_255c8446,2026-08-04 07:38:16.341954,445.99,INR,card,failed,temporary_bank_failure,Bank is experiencing intermittent issues.,393,48,0,0,543.28,False,0,9,ecommerce,531.11,True,True,True,WAIT_AND_RETRY,445.99
txn_afdae60804a5,cust_67b1bd74,2026-08-04 23:46:16.315955,570.01,USD,card,failed,limit_exceeded,Transaction exceeds customer limits.,373,11,4,3,890.21,False,3,5,mid_market,583.93,True,False,False,CREATE_ESCALATION,0.0
txn_f56a17342d38,cust_4ac7b51e,2026-08-21 10:33:16.361096,1668.23,INR,wallet,failed,insufficient_funds,Customer account has insufficient balance.,155,8,2,1,2187.19,False,1,3,mid_market,1741.37,True,True,True,SEND_RECOVERY_MESSAGE,1668.23
txn_465083c32636,cust_4cb60fe0,2026-08-25 13:04:16.323954,1482.28,INR,wallet,failed,insufficient_funds,Customer account has insufficient balance.,188,30,4,4,2691.18,False,0,26,ecommerce,1545.4,True,True,False,CREATE_ESCALATION,0.0
txn_c2c21ba60f8c,cust_1d404dc9,2026-08-24 05:53:16.249632,1531.07,USD,upi,failed,limit_exceeded,Transaction exceeds customer limits.,16,23,0,0,2007.13,True,1,5,ecommerce,1553.46,True,True,False,CREATE_ESCALATION,0.0
txn_39a2aa1403f7,cust_8e640b2d,2026-08-07 04:50:16.327954,302.31,INR,wallet,failed,insufficient_funds,Customer account has insufficient balance.,124,36,0,0,222.73,True,2,4,smb_saas,392.74,True,True,False,CREATE_ESCALATION,0.0
txn_6ab7337802b0,cust_417c90fd,2026-08-05 20:28:16.234825,1015.29,USD,card,failed,authentication_failed,OTP or 3D secure authentication failed.,324,35,0,0,1867.44,False,3,3,enterprise,1064.77,True,False,True,RETRY_PAYMENT,1015.29
txn_894526381f06,cust_a6950466,2026-08-01 10:08:16.367097,9078.79,INR,upi,failed,temporary_bank_failure,Bank is experiencing intermittent issues.,960,42,5,3,12070.94,True,3,2,enterprise,9079.61,True,True,True,WAIT_AND_RETRY,9078.79
txn_388fc19907bf,cust_d20cfd71,2026-08-04 16:55:16.355058,225.29,USD,netbanking,failed,insufficient_funds,Customer account has insufficient balance.,496,50,4,3,378.55,True,0,1,ecommerce,298.59,True,True,False,CREATE_ESCALATION,0.0
txn_ac02584fbf2c,cust_abb0a6f1,2026-08-18 20:32:16.293365,1703.37,USD,netbanking,failed,authentication_failed,OTP or 3D secure authentication failed.,784,20,5,0,3212.35,True,1,9,ecommerce,1722.49,True,True,True,RETRY_PAYMENT,1703.37
txn_2d806851040f,cust_f52e8f22,2026-08-21 17:13:16.277813,18861.53,INR,netbanking,failed,insufficient_funds,Customer account has insufficient balance.,800,16,4,2,30362.76,True,1,5,enterprise,18951.55,True,True,False,CREATE_ESCALATION,0.0
txn_c4a1e822c6af,cust_33737df7,2026-08-24 11:43:16.223629,141.26,INR,upi,failed,temporary_bank_failure,Bank is experiencing intermittent issues.,807,50,5,4,210.73,False,3,3,smb_saas,195.72,True,True,False,CREATE_ESCALATION,0.0
txn_9d228f59bf6b,cust_97f3ac8e,2026-08-24 23:29:16.363096,520.81,USD,netbanking,failed,authentication_failed,OTP or 3D secure authentication failed.,748,0,2,1,376.08,False,0,-1,smb_saas,540.91,True,True,False,CREATE_ESCALATION,0.0
txn_84aec8128d26,cust_8c53764b,2026-08-17 21:56:16.302954,405.25,INR,netbanking,failed,bank_timeout,Issuing bank did not respond in time.,494,0,0,0,735.52,True,0,-1,ecommerce,440.86,True,True,True,WAIT_AND_RETRY,405.25
txn_b725487ab45e,cust_a49ec39a,2026-08-01 00:50:16.252632,176.86,INR,upi,failed,insufficient_funds,Customer account has insufficient balance.,929,33,0,0,280.18,False,0,13,smb_saas,187.5,True,True,True,SEND_RECOVERY_MESSAGE,176.86
txn_9baafe90c045,cust_4c4c76f1,2026-08-01 08:54:16.245325,208.33,INR,wallet,failed,insufficient_funds,Customer account has insufficient balance.,601,8,2,0,142.89,False,3,11,smb_saas,222.51,True,True,False,CREATE_ESCALATION,0.0
txn_cecda89c4f56,cust_cc0cd758,2026-07-28 09:12:16.251632,17570.54,INR,card,failed,authentication_failed,OTP or 3D secure authentication failed.,733,25,3,3,22099.08,False,0,26,enterprise,17613.04,True,False,True,RETRY_PAYMENT,17570.54
txn_d716373e3b9a,cust_e5309157,2026-08-03 14:10:16.332954,621.35,INR,upi,failed,authentication_failed,OTP or 3D secure authentication failed.,720,0,3,1,1213.49,False,1,-1,mid_market,640.08,True,True,False,CREATE_ESCALATION,0.0
txn_26437b4b5647,cust_47e2a18f,2026-08-14 05:54:16.268812,167.27,INR,card,failed,temporary_bank_failure,Bank is experiencing intermittent issues.,672,28,1,0,87.71,True,2,16,smb_saas,250.76,True,True,True,WAIT_AND_RETRY,167.27
txn_c9c7480659c1,cust_ff4b90ae,2026-08-08 03:33:16.266812,706.75,INR,upi,failed,temporary_bank_failure,Bank is experiencing intermittent issues.,744,0,4,2,1167.21,False,0,-1,smb_saas,755.44,True,False,False,CREATE_ESCALATION,0.0
txn_24951b69284d,cust_5e35179a,2026-08-03 14:29:16.253632,1758.39,INR,wallet,failed,fraud_suspected,Transaction flagged by risk engine.,627,22,4,0,1244.15,False,2,19,ecommerce,1809.11,True,True,False,STOP_AUTOMATION,0.0
txn_9e5ea5b45d4c,cust_db6ed364,2026-07-28 03:44:16.249632,710.82,INR,upi,failed,bank_timeout,Issuing bank did not respond in time.,740,45,2,2,903.81,True,3,29,ecommerce,716.91,True,True,True,WAIT_AND_RETRY,710.82
txn_079fbdf2b156,cust_08f24bb3,2026-08-02 14:15:16.349954,4122.79,INR,upi,failed,authentication_failed,OTP or 3D secure authentication failed.,886,47,1,1,4541.67,False,0,26,mid_market,4201.71,True,True,True,RETRY_PAYMENT,4122.79
txn_0ea45cadd4ed,cust_9a715a1d,2026-08-15 14:39:16.250632,194.17,USD,upi,failed,insufficient_funds,Customer account has insufficient balance.,731,28,2,2,276.14,False,3,21,mid_market,288.18,True,True,False,CREATE_ESCALATION,0.0
txn_bfe50161d36d,cust_67353a9d,2026-07-31 00:32:16.302954,52.64,USD,upi,failed,insufficient_funds,Customer account has insufficient balance.,736,15,3,0,43.79,False,0,9,ecommerce,83.82,True,True,False,CREATE_ESCALATION,0.0
txn_3d0bf8a78cb4,cust_df141205,2026-08-15 09:57:16.226780,916.38,INR,netbanking,failed,limit_exceeded,Transaction exceeds customer limits.,781,3,0,0,1318.92,False,0,3,ecommerce,1009.32,True,True,False,CREATE_ESCALATION,0.0
txn_3bcb14376640,cust_b300f32b,2026-07-28 21:58:16.227825,2439.57,INR,card,failed,limit_exceeded,Transaction exceeds customer limits.,391,33,2,1,1417.62,False,1,6,enterprise,2473.84,True,False,False,CREATE_ESCALATION,0.0
txn_f34f37802654,cust_c72aebed,2026-08-05 06:35:16.258223,67.46,USD,upi,failed,authentication_failed,OTP or 3D secure authentication failed.,572,27,2,0,69.95,False,0,5,smb_saas,101.49,True,True,True,RETRY_PAYMENT,67.46
txn_735ef749287c,cust_344da674,2026-08-20 12:47:16.256176,688.02,USD,wallet,failed,insufficient_funds,Customer account has insufficient balance.,92,8,0,0,1320.83,False,0,15,smb_saas,761.56,True,True,True,SEND_RECOVERY_MESSAGE,688.02
txn_7559914d2399,cust_a775933a,2026-08-24 22:27:16.358096,6325.47,INR,wallet,failed,authentication_failed,OTP or 3D secure authentication failed.,336,34,0,0,12014.76,True,3,14,enterprise,6385.01,True,True,True,RETRY_PAYMENT,6325.47
txn_6780843b3d5b,cust_cfac71a4,2026-08-04 04:45:16.365098,1018.58,USD,wallet,failed,insufficient_funds,Customer account has insufficient balance.,975,24,2,1,754.28,False,3,13,ecommerce,1038.71,True,True,True,SEND_RECOVERY_MESSAGE,1018.58
txn_bb4adf7250a4,cust_888cb096,2026-08-22 10:03:16.366097,90.09,INR,card,failed,authentication_failed,OTP or 3D secure authentication failed.,960,24,0,0,87.4,False,1,28,ecommerce,93.98,True,True,False,CREATE_ESCALATION,0.0
txn_6cf0468e73bf,cust_06bcdcc6,2026-08-16 21:05:16.281813,330.75,INR,wallet,failed,insufficient_funds,Customer account has insufficient balance.,452,46,1,1,271.75,False,3,11,smb_saas,407.22,True,True,True,SEND_RECOVERY_MESSAGE,330.75
txn_e22c428cd0ea,cust_4944ec37,2026-08-11 10:00:16.350954,8967.09,USD,upi,failed,insufficient_funds,Customer account has insufficient balance.,870,30,5,3,11240.48,False,3,16,enterprise,9017.2,True,True,False,CREATE_ESCALATION,0.0
txn_de3f64934eb3,cust_789b52d0,2026-07-29 21:26:16.307955,340.59,INR,netbanking,failed,insufficient_funds,Customer account has insufficient balance.,252,31,5,2,601.05,True,2,12,smb_saas,401.89,True,True,False,CREATE_ESCALATION,0.0
txn_df0f1e78bd60,cust_fb488611,2026-08-14 16:43:16.353498,10855.18,INR,wallet,failed,authentication_failed,OTP or 3D secure authentication failed.,459,45,3,3,9763.69,True,2,6,enterprise,10884.11,True,True,False,CREATE_ESCALATION,0.0
txn_5ed97bfdb555,cust_ac7fdb99,2026-08-16 18:51:16.332954,158.17,INR,netbanking,failed,temporary_bank_failure,Bank is experiencing intermittent issues.,18,29,2,1,309.66,True,3,20,ecommerce,182.93,True,True,True,WAIT_AND_RETRY,158.17
txn_b3bcba369df8,cust_3dbf84c1,2026-07-27 03:26:16.332954,1180.96,USD,upi,failed,limit_exceeded,Transaction exceeds customer limits.,54,16,0,0,1489.5,False,1,10,ecommerce,1253.76,True,True,False,CREATE_ESCALATION,0.0
txn_130782f4a837,cust_e722ffe6,2026-08-05 08:12:16.316954,275.52,INR,card,failed,insufficient_funds,Customer account has insufficient balance.,693,49,1,1,478.92,False,0,6,smb_saas,307.74,True,True,False,CREATE_ESCALATION,0.0
txn_24b46caab3c0,cust_fe9a790e,2026-07-29 03:26:16.226780,155.56,INR,card,failed,insufficient_funds,Customer account has insufficient balance.,396,3,1,0,277.78,False,1,8,smb_saas,220.72,True,True,False,CREATE_ESCALATION,0.0
txn_d21e02bba45d,cust_076dfb65,2026-08-10 17:08:16.240825,1564.9,USD,card,failed,insufficient_funds,Customer account has insufficient balance.,73,26,4,4,2963.99,False,3,30,ecommerce,1577.85,True,True,True,SEND_RECOVERY_MESSAGE,1564.9
txn_7b7e241969c2,cust_5c35c392,2026-08-15 15:37:16.332954,922.41,INR,card,failed,insufficient_funds,Customer account has insufficient balance.,267,50,4,0,1017.77,True,3,20,mid_market,956.28,True,True,False,CREATE_ESCALATION,0.0
txn_5f2d44986bc5,cust_9160d47a,2026-08-21 15:47:16.343954,2207.24,USD,wallet,failed,insufficient_funds,Customer account has insufficient balance.,254,35,0,0,4309.5,False,2,4,mid_market,2251.02,True,True,False,CREATE_ESCALATION,0.0
txn_2e396c77e038,cust_6611de1d,2026-08-03 18:51:16.298954,1000.87,INR,netbanking,failed,bank_timeout,Issuing bank did not respond in time.,400,41,3,1,780.82,False,1,12,ecommerce,1051.36,True,True,True,WAIT_AND_RETRY,1000.87
txn_57b5c6c470ca,cust_974bc94b,2026-08-08 04:22:16.366097,468.19,INR,netbanking,failed,temporary_bank_failure,Bank is experiencing intermittent issues.,900,23,1,0,898.98,False,2,6,smb_saas,514.86,True,True,True,WAIT_AND_RETRY,468.19
txn_bcf1a5cabfa7,cust_311bd7ba,2026-07-30 02:54:16.316954,1311.05,INR,wallet,failed,limit_exceeded,Transaction exceeds customer limits.,355,17,1,0,1560.54,True,1,22,mid_market,1336.86,True,True,True,RETRY_PAYMENT,1311.05
txn_2d423d209ffd,cust_60d70eda,2026-08-14 05:59:16.275813,6198.35,INR,card,failed,limit_exceeded,Transaction exceeds customer limits.,282,50,0,0,9445.83,True,1,0,high_value,6210.1,True,True,False,CREATE_ESCALATION,0.0
txn_56b4ec30dd79,cust_e76756b9,2026-08-21 14:27:16.327954,153.22,INR,upi,failed,limit_exceeded,Transaction exceeds customer limits.,976,9,5,0,174.02,False,2,11,smb_saas,244.95,True,True,False,CREATE_ESCALATION,0.0
txn_6b95e61fee83,cust_70c9514e,2026-08-25 00:02:16.322954,1771.87,INR,upi,failed,temporary_bank_failure,Bank is experiencing intermittent issues.,985,10,1,1,2960.79,False,2,6,mid_market,1816.09,True,True,False,CREATE_ESCALATION,0.0
txn_325b160883ba,cust_eea8a7ab,2026-08-02 16:22:16.259223,2000.32,INR,wallet,failed,bank_timeout,Issuing bank did not respond in time.,255,38,5,0,3766.08,True,3,26,mid_market,2047.6,True,True,True,WAIT_AND_RETRY,2000.32
txn_3de62a5eae0a,cust_88833fab,2026-08-03 00:23:16.284812,703.92,USD,upi,failed,insufficient_funds,Customer account has insufficient balance.,152,17,5,4,1320.69,False,0,29,smb_saas,722.55,True,True,True,SEND_RECOVERY_MESSAGE,703.92
txn_f0500e9b8930,cust_cd9f5381,2026-08-25 08:14:16.276813,880.62,USD,wallet,failed,insufficient_funds,Customer account has insufficient balance.,116,18,1,1,1633.86,False,1,1,ecommerce,911.83,True,True,False,CREATE_ESCALATION,0.0
txn_6d28c37c29c2,cust_fee2ba6b,2026-08-10 09:42:16.271813,125.7,INR,upi,failed,fraud_suspected,Transaction flagged by risk engine.,24,48,1,1,242.48,True,2,13,mid_market,128.48,True,True,False,STOP_AUTOMATION,0.0
txn_505fbd374d18,cust_ac08b24d,2026-07-31 14:38:16.224629,295.21,INR,wallet,failed,bank_timeout,Issuing bank did not respond in time.,766,30,1,0,514.23,True,2,4,smb_saas,306.13,True,True,True,WAIT_AND_RETRY,295.21
txn_3e95eb11ca05,cust_be8e22c7,2026-08-19 02:53:16.329954,1000.07,INR,upi,failed,temporary_bank_failure,Bank is experiencing intermittent issues.,759,43,4,0,851.86,True,2,5,ecommerce,1087.79,True,True,True,WAIT_AND_RETRY,1000.07
txn_bc0185639b32,cust_4d689460,2026-08-23 01:28:16.265766,247.77,INR,upi,failed,insufficient_funds,Customer account has insufficient balance.,605,5,2,1,396.39,False,1,8,smb_saas,293.29,True,True,False,CREATE_ESCALATION,0.0
txn_2bd7ee46e1e7,cust_fe908c24,2026-08-24 01:09:16.274812,968.7,INR,card,failed,limit_exceeded,Transaction exceeds customer limits.,566,15,2,1,1303.76,True,2,0,mid_market,1050.72,True,True,False,CREATE_ESCALATION,0.0
txn_d055a0e85102,cust_87642620,2026-08-18 14:09:16.243446,1134.33,INR,card,failed,fraud_suspected,Transaction flagged by risk engine.,400,44,5,3,992.28,False,3,1,ecommerce,1144.47,True,True,False,STOP_AUTOMATION,0.0
txn_5a107f5c7501,cust_3740f48d,2026-08-22 03:41:16.300954,1044.59,INR,card,failed,temporary_bank_failure,Bank is experiencing intermittent issues.,501,18,3,1,676.87,True,2,11,ecommerce,1102.3,True,True,True,WAIT_AND_RETRY,1044.59
txn_26d60ab9c198,cust_b7277091,2026-08-17 16:36:16.258223,810.68,INR,card,failed,bank_timeout,Issuing bank did not respond in time.,906,24,0,0,1377.92,False,1,0,ecommerce,866.43,True,True,True,WAIT_AND_RETRY,810.68
txn_ed6f46ca58ed,cust_8c7fee5d,2026-08-13 03:03:16.340954,170.48,USD,card,failed,insufficient_funds,Customer account has insufficient balance.,894,0,1,1,177.92,False,2,-1,smb_saas,176.74,True,True,True,SEND_RECOVERY_MESSAGE,170.48
txn_ca55563de5c1,cust_d13f6a0e,2026-08-21 20:54:16.290365,4953.23,INR,upi,failed,insufficient_funds,Customer account has insufficient balance.,571,3,4,1,4441.09,False,2,28,mid_market,5025.77,True,True,False,CREATE_ESCALATION,0.0
txn_9e53ae7e6681,cust_99ee164d,2026-07-27 10:21:16.300954,1212.82,INR,wallet,failed,insufficient_funds,Customer account has insufficient balance.,354,28,3,0,1664.97,True,1,11,ecommerce,1306.19,True,True,False,CREATE_ESCALATION,0.0
txn_005676b53d99,cust_b1e05468,2026-08-22 15:24:16.278812,482.87,USD,netbanking,failed,insufficient_funds,Customer account has insufficient balance.,146,26,5,0,628.17,False,2,10,smb_saas,503.84,True,True,False,CREATE_ESCALATION,0.0
txn_ccb9e53e5f58,cust_f1a2175d,2026-08-14 22:34:16.340954,1934.52,INR,upi,failed,insufficient_funds,Customer account has insufficient balance.,615,46,0,0,1664.09,False,2,21,mid_market,2002.83,True,True,True,SEND_RECOVERY_MESSAGE,1934.52
txn_f138fd044154,cust_a6636758,2026-07-27 12:48:16.242826,256.39,INR,wallet,failed,authentication_failed,OTP or 3D secure authentication failed.,701,38,3,1,434.61,False,0,25,smb_saas,316.79,True,True,False,CREATE_ESCALATION,0.0
txn_174a09a9b977,cust_7a5eab69,2026-08-10 16:21:16.357097,32880.22,INR,wallet,failed,insufficient_funds,Customer account has insufficient balance.,363,5,1,0,23630.0,False,0,17,high_value,32929.12,True,True,False,CREATE_ESCALATION,0.0
txn_22a231bf09bc,cust_c7d0aa24,2026-08-09 23:51:16.323954,70.39,INR,card,failed,limit_exceeded,Transaction exceeds customer limits.,102,18,3,3,135.54,False,0,15,smb_saas,93.84,True,True,True,RETRY_PAYMENT,70.39
txn_d30f222f5891,cust_3445a213,2026-08-22 22:38:16.241825,342.47,INR,card,failed,insufficient_funds,Customer account has insufficient balance.,827,28,3,3,339.26,False,0,7,smb_saas,398.48,True,True,True,SEND_RECOVERY_MESSAGE,342.47
txn_a44438d70983,cust_2ee681f6,2026-08-15 05:00:16.350954,2687.96,USD,netbanking,failed,temporary_bank_failure,Bank is experiencing intermittent issues.,666,45,4,4,4614.8,False,2,5,mid_market,2735.37,True,True,True,WAIT_AND_RETRY,2687.96
txn_63c46bec170b,cust_8d10898c,2026-08-06 11:21:16.253632,4469.67,USD,netbanking,failed,insufficient_funds,Customer account has insufficient balance.,903,17,3,2,2349.99,False,1,4,enterprise,4492.12,True,True,False,CREATE_ESCALATION,0.0
txn_68200833b43f,cust_614d6536,2026-08-10 15:30:16.320954,432.46,INR,card,failed,bank_timeout,Issuing bank did not respond in time.,742,39,3,2,486.25,False,2,23,ecommerce,454.26,True,True,False,CREATE_ESCALATION,0.0
txn_f6e1fc8f5965,cust_dc93864d,2026-08-01 21:43:16.256176,836.56,USD,card,failed,temporary_bank_failure,Bank is experiencing intermittent issues.,207,6,4,3,1109.39,False,0,2,ecommerce,845.51,True,True,False,CREATE_ESCALATION,0.0
txn_7daf8dfce6fc,cust_c731c507,2026-08-06 22:49:16.245325,2580.96,INR,card,failed,insufficient_funds,Customer account has insufficient balance.,902,6,3,1,3704.74,True,3,14,mid_market,2641.22,True,True,False,CREATE_ESCALATION,0.0
txn_945c9214bf7c,cust_798a57e5,2026-08-25 16:09:16.350954,922.94,INR,wallet,failed,insufficient_funds,Customer account has insufficient balance.,793,14,0,0,688.71,True,0,26,ecommerce,947.75,True,True,False,CREATE_ESCALATION,0.0
txn_124345d44190,cust_64476d69,2026-08-14 01:35:16.291365,283.39,INR,wallet,failed,insufficient_funds,Customer account has insufficient balance.,120,41,1,0,263.62,False,2,1,smb_saas,355.06,True,True,True,SEND_RECOVERY_MESSAGE,283.39
txn_5a150982da9d,cust_d7d171b7,2026-07-29 09:22:16.291365,364.92,INR,upi,failed,bank_timeout,Issuing bank did not respond in time.,587,38,0,0,271.14,False,3,15,smb_saas,426.51,True,True,True,WAIT_AND_RETRY,364.92
txn_7e63deac71f6,cust_a97cd864,2026-07-27 10:36:16.299954,1000.0,INR,upi,failed,insufficient_funds,Customer account has insufficient balance.,584,24,3,3,1620.11,True,3,4,enterprise,1024.5,True,True,False,CREATE_ESCALATION,0.0
txn_20f0e361dbe5,cust_ef2ab153,2026-07-28 06:15:16.314954,1578.0,USD,card,failed,insufficient_funds,Customer account has insufficient balance.,557,37,5,4,1430.52,False,1,21,ecommerce,1594.41,True,True,True,SEND_RECOVERY_MESSAGE,1578.0
txn_4978e5ff3892,cust_06aa69cb,2026-08-12 12:46:16.344954,798.1,INR,card,failed,insufficient_funds,Customer account has insufficient balance.,728,26,3,1,1394.71,True,2,14,ecommerce,838.38,True,False,False,CREATE_ESCALATION,0.0
txn_04541b4ef378,cust_96c6f7cc,2026-08-13 06:11:16.360096,452.63,USD,wallet,failed,bank_timeout,Issuing bank did not respond in time.,205,1,5,5,524.05,False,1,10,ecommerce,532.35,True,False,True,WAIT_AND_RETRY,452.63
txn_04f4b3b5331a,cust_0d805176,2026-08-15 06:45:16.329954,261.98,INR,netbanking,failed,limit_exceeded,Transaction exceeds customer limits.,177,8,1,1,243.6,False,1,20,smb_saas,286.48,True,True,True,RETRY_PAYMENT,261.98
txn_c9340df950fc,cust_191446b7,2026-08-04 18:10:16.341954,132.05,INR,upi,failed,insufficient_funds,Customer account has insufficient balance.,838,40,2,1,70.54,False,2,25,ecommerce,217.58,True,True,False,CREATE_ESCALATION,0.0
txn_1556b2fb2ac6,cust_2ec4ad8e,2026-07-30 05:31:16.312954,765.05,INR,wallet,failed,authentication_failed,OTP or 3D secure authentication failed.,247,39,4,1,675.53,False,1,1,ecommerce,836.49,True,True,False,CREATE_ESCALATION,0.0
txn_9c342ab1f890,cust_26368833,2026-07-29 06:13:16.317954,1119.27,INR,wallet,failed,insufficient_funds,Customer account has insufficient balance.,75,35,3,2,1463.14,False,3,9,ecommerce,1214.87,True,True,False,CREATE_ESCALATION,0.0
txn_338aa9ec7857,cust_9bc45537,2026-08-17 04:22:16.270823,59.05,INR,wallet,failed,temporary_bank_failure,Bank is experiencing intermittent issues.,494,46,4,2,89.95,False,1,2,smb_saas,85.28,True,True,True,WAIT_AND_RETRY,59.05
txn_bd23ce923715,cust_a5f55c32,2026-08-07 18:50:16.266812,36109.02,USD,wallet,failed,insufficient_funds,Customer account has insufficient balance.,287,30,4,2,54095.42,False,0,24,high_value,36166.76,True,True,False,CREATE_ESCALATION,0.0
txn_08339416e176,cust_91e3c52a,2026-08-25 15:00:16.254632,146.01,INR,upi,failed,authentication_failed,OTP or 3D secure authentication failed.,957,32,0,0,211.81,False,3,3,smb_saas,198.9,True,True,True,RETRY_PAYMENT,146.01
txn_663a1c896717,cust_4b1748a3,2026-08-08 20:57:16.356096,505.87,INR,wallet,failed,fraud_suspected,Transaction flagged by risk engine.,270,34,5,1,722.93,False,2,0,smb_saas,594.43,True,True,False,STOP_AUTOMATION,0.0
txn_4c8256302981,cust_f7b79867,2026-08-15 09:30:16.335955,27.76,USD,netbanking,failed,limit_exceeded,Transaction exceeds customer limits.,202,31,1,0,52.05,False,0,9,smb_saas,114.05,True,True,True,RETRY_PAYMENT,27.76
txn_63334abb872c,cust_02ce8378,2026-08-12 06:45:16.260223,742.02,INR,wallet,failed,authentication_failed,OTP or 3D secure authentication failed.,80,0,1,1,1202.0,False,2,-1,smb_saas,759.41,True,False,True,RETRY_PAYMENT,742.02
txn_647c74903ce1,cust_db83758d,2026-08-05 07:14:16.351955,1176.44,USD,netbanking,failed,fraud_suspected,Transaction flagged by risk engine.,509,44,4,0,1966.32,True,1,17,ecommerce,1255.52,True,True,False,STOP_AUTOMATION,0.0
txn_d49b35df33e4,cust_0a4964b8,2026-08-11 16:53:16.263223,1531.27,INR,card,failed,limit_exceeded,Transaction exceeds customer limits.,370,49,0,0,2415.73,True,2,19,mid_market,1601.67,True,True,False,CREATE_ESCALATION,0.0
txn_d85664f30fb6,cust_e6476e16,2026-07-30 09:39:16.355058,841.15,INR,upi,failed,insufficient_funds,Customer account has insufficient balance.,482,3,1,1,508.54,False,1,4,ecommerce,891.59,True,True,False,CREATE_ESCALATION,0.0
txn_164a98de512a,cust_34dbd337,2026-07-27 16:55:16.318954,631.69,USD,card,failed,insufficient_funds,Customer account has insufficient balance.,164,0,0,0,968.63,False,1,-1,ecommerce,653.41,True,True,True,SEND_RECOVERY_MESSAGE,631.69
txn_6a6d47979ee1,cust_33334bb5,2026-08-21 02:06:16.224629,1188.9,INR,netbanking,failed,bank_timeout,Issuing bank did not respond in time.,406,16,0,0,1625.78,True,2,22,ecommerce,1195.28,True,False,True,WAIT_AND_RETRY,1188.9
txn_42306e24ddc5,cust_a6ce3f45,2026-08-22 07:51:16.341954,898.95,USD,wallet,failed,insufficient_funds,Customer account has insufficient balance.,556,50,0,0,1166.22,True,3,17,smb_saas,956.93,True,True,True,SEND_RECOVERY_MESSAGE,898.95
txn_d25c22e22746,cust_f7986f6e,2026-08-25 13:13:16.265766,105.02,INR,upi,failed,temporary_bank_failure,Bank is experiencing intermittent issues.,232,50,4,3,154.14,False,0,17,smb_saas,196.6,True,True,True,WAIT_AND_RETRY,105.02
txn_2714b3675132,cust_7279f6b6,2026-08-05 22:20:16.278812,547.81,INR,wallet,failed,fraud_suspected,Transaction flagged by risk engine.,31,12,1,0,285.21,False,0,25,ecommerce,591.2,True,True,False,STOP_AUTOMATION,0.0
txn_c13364062df2,cust_92e25ff5,2026-07-28 09:36:16.287327,82.12,INR,netbanking,failed,authentication_failed,OTP or 3D secure authentication failed.,230,33,4,2,53.11,False,1,7,smb_saas,110.03,True,True,True,RETRY_PAYMENT,82.12
txn_ae3ca192980c,cust_642b8701,2026-08-01 09:55:16.251632,1734.87,INR,upi,failed,temporary_bank_failure,Bank is experiencing intermittent issues.,345,39,4,1,3365.24,False,1,29,ecommerce,1772.25,True,True,True,WAIT_AND_RETRY,1734.87
txn_2690f1f57781,cust_da1aa773,2026-08-05 06:33:16.360096,1898.57,INR,card,failed,insufficient_funds,Customer account has insufficient balance.,213,49,0,0,2273.9,False,2,2,ecommerce,1996.29,True,False,True,SEND_RECOVERY_MESSAGE,1898.57
txn_26ed66135427,cust_73de7b18,2026-08-18 03:02:16.276813,280.98,INR,card,failed,insufficient_funds,Customer account has insufficient balance.,424,31,2,2,512.75,False,2,15,mid_market,331.12,True,True,True,SEND_RECOVERY_MESSAGE,280.98
txn_1a962a2d1eed,cust_0fcc3b75,2026-08-07 22:48:16.261223,1245.44,INR,card,failed,bank_timeout,Issuing bank did not respond in time.,233,29,4,4,2067.01,False,0,7,ecommerce,1327.83,True,True,False,CREATE_ESCALATION,0.0
txn_e210fcea9a0f,cust_2616565b,2026-08-16 18:31:16.346954,1498.34,INR,netbanking,failed,bank_timeout,Issuing bank did not respond in time.,19,2,5,5,2848.85,False,0,19,ecommerce,1500.44,True,True,True,WAIT_AND_RETRY,1498.34
txn_6271004eb354,cust_8c905567,2026-08-14 00:47:16.276813,100.23,INR,upi,failed,insufficient_funds,Customer account has insufficient balance.,416,18,0,0,141.99,True,1,22,smb_saas,121.94,True,True,True,SEND_RECOVERY_MESSAGE,100.23
txn_02273d24a4ce,cust_73d3c299,2026-08-03 19:32:16.282812,2744.83,INR,upi,failed,authentication_failed,OTP or 3D secure authentication failed.,501,30,0,0,2445.53,False,1,19,mid_market,2769.23,True,True,False,CREATE_ESCALATION,0.0
txn_2d10bb053af4,cust_8cf7ca0d,2026-08-06 02:17:16.295908,414.93,INR,netbanking,failed,temporary_bank_failure,Bank is experiencing intermittent issues.,83,4,4,4,803.97,False,1,16,mid_market,442.89,True,True,True,WAIT_AND_RETRY,414.93
txn_6fc6e47c4fb6,cust_943dc2e4,2026-08-13 01:10:16.325954,6879.95,INR,upi,failed,bank_timeout,Issuing bank did not respond in time.,622,48,0,0,12682.08,False,3,13,mid_market,6947.66,True,True,True,WAIT_AND_RETRY,6879.95
txn_69cce72bef91,cust_ccd5ffe0,2026-08-14 14:17:16.246043,50.07,INR,netbanking,failed,insufficient_funds,Customer account has insufficient balance.,833,31,3,3,83.9,False,3,4,smb_saas,131.65,True,True,False,CREATE_ESCALATION,0.0
txn_348ab090c833,cust_ae9bd372,2026-08-05 20:49:16.310954,277.68,INR,wallet,failed,temporary_bank_failure,Bank is experiencing intermittent issues.,213,20,0,0,368.25,False,3,7,ecommerce,303.64,True,True,True,WAIT_AND_RETRY,277.68
txn_436bb575e9db,cust_8d834e84,2026-07-30 10:25:16.281813,580.7,INR,wallet,failed,insufficient_funds,Customer account has insufficient balance.,723,34,3,0,916.11,False,2,5,ecommerce,632.58,True,False,False,CREATE_ESCALATION,0.0
txn_1a723c22cfc4,cust_714c9a12,2026-08-20 04:00:16.311954,3745.2,USD,wallet,failed,bank_timeout,Issuing bank did not respond in time.,386,22,3,2,7076.5,False,2,26,mid_market,3804.91,True,True,False,CREATE_ESCALATION,0.0
txn_4cce77694cf5,cust_0938bb50,2026-08-20 06:51:16.282812,1265.0,INR,card,failed,authentication_failed,OTP or 3D secure authentication failed.,912,45,4,2,2207.71,False,0,12,ecommerce,1332.87,True,True,False,CREATE_ESCALATION,0.0
txn_87d8d70b94fa,cust_68989c53,2026-08-24 02:31:16.318954,210.2,INR,card,failed,insufficient_funds,Customer account has insufficient balance.,52,19,1,1,267.49,False,2,19,smb_saas,274.25,True,True,False,CREATE_ESCALATION,0.0
txn_1e4fd6b3e5f5,cust_6ca68753,2026-07-26 15:20:16.271813,538.87,INR,upi,failed,authentication_failed,OTP or 3D secure authentication failed.,836,28,0,0,842.67,False,0,24,smb_saas,611.55,True,True,True,RETRY_PAYMENT,538.87
txn_ee59a7c8b5cc,cust_59235629,2026-08-21 08:41:16.343954,362.43,USD,upi,failed,insufficient_funds,Customer account has insufficient balance.,812,21,3,0,424.66,False,2,6,smb_saas,413.21,True,True,True,SEND_RECOVERY_MESSAGE,362.43
txn_59eafa3b9968,cust_e65293e2,2026-07-26 09:27:16.280813,137.74,INR,wallet,failed,limit_exceeded,Transaction exceeds customer limits.,406,10,4,4,148.64,False,3,30,mid_market,235.72,True,False,False,CREATE_ESCALATION,0.0
txn_906ebb70eea3,cust_f321a1c4,2026-08-24 14:09:16.290365,728.56,INR,wallet,failed,insufficient_funds,Customer account has insufficient balance.,516,1,2,0,1425.4,False,0,26,ecommerce,784.04,True,True,False,CREATE_ESCALATION,0.0
txn_4590598b369e,cust_da2b6679,2026-08-17 22:18:16.258223,195.82,INR,wallet,failed,insufficient_funds,Customer account has insufficient balance.,923,16,2,1,162.04,False,3,20,smb_saas,260.92,True,True,True,SEND_RECOVERY_MESSAGE,195.82
txn_1c6774d7499c,cust_b32ae8f0,2026-08-18 12:58:16.254632,74.66,INR,upi,failed,insufficient_funds,Customer account has insufficient balance.,660,33,4,1,85.16,True,3,16,smb_saas,128.15,True,True,False,CREATE_ESCALATION,0.0
txn_b01da757d577,cust_ad58df54,2026-08-01 04:34:16.230826,33.68,INR,card,failed,insufficient_funds,Customer account has insufficient balance.,359,35,2,1,23.99,False,2,18,smb_saas,58.16,True,True,False,CREATE_ESCALATION,0.0
txn_7f4ae8e84ce5,cust_dce02691,2026-08-01 20:14:16.293365,584.92,INR,netbanking,failed,insufficient_funds,Customer account has insufficient balance.,655,1,1,1,1153.28,False,3,8,ecommerce,618.28,True,True,False,CREATE_ESCALATION,0.0
txn_3bc795ee6ce8,cust_598b3efe,2026-08-22 22:30:16.333954,38.45,USD,card,failed,insufficient_funds,Customer account has insufficient balance.,862,17,0,0,27.18,False,0,10,smb_saas,63.94,True,True,True,SEND_RECOVERY_MESSAGE,38.45
txn_287614d07640,cust_14e4b1d8,2026-07-29 05:19:16.254632,30.01,USD,netbanking,failed,fraud_suspected,Transaction flagged by risk engine.,994,2,2,0,44.5,True,1,28,smb_saas,38.51,True,True,False,STOP_AUTOMATION,0.0
txn_1d425f2aea5d,cust_945b4306,2026-08-16 07:44:16.293365,537.93,USD,card,failed,limit_exceeded,Transaction exceeds customer limits.,254,32,3,3,648.87,False,2,7,smb_saas,549.57,True,True,False,CREATE_ESCALATION,0.0
txn_20aded09e438,cust_de1fa474,2026-08-23 12:53:16.226780,369.3,USD,netbanking,failed,insufficient_funds,Customer account has insufficient balance.,965,29,0,0,696.57,False,3,15,ecommerce,372.25,True,True,True,SEND_RECOVERY_MESSAGE,369.3
txn_40f89593e5e6,cust_03418e0a,2026-07-26 01:42:16.274812,719.75,INR,wallet,failed,insufficient_funds,Customer account has insufficient balance.,471,1,1,1,775.53,False,2,12,ecommerce,721.0,True,True,False,CREATE_ESCALATION,0.0
txn_8b42a85f7c53,cust_81d7dca7,2026-08-11 13:23:16.236825,507.35,INR,wallet,failed,authentication_failed,OTP or 3D secure authentication failed.,736,14,2,2,906.57,False,3,24,ecommerce,538.62,True,True,True,RETRY_PAYMENT,507.35
txn_c434c6fb7dbc,cust_b4eaa874,2026-08-04 01:50:16.313954,479.53,INR,upi,failed,temporary_bank_failure,Bank is experiencing intermittent issues.,983,22,4,1,279.98,False,1,0,ecommerce,579.25,True,True,True,WAIT_AND_RETRY,479.53
txn_0044f8c64440,cust_59e070ea,2026-08-22 04:59:16.348954,152.88,INR,wallet,failed,temporary_bank_failure,Bank is experiencing intermittent issues.,329,36,2,0,296.38,False,3,19,smb_saas,228.01,True,True,False,CREATE_ESCALATION,0.0
txn_0d6c0b26a25e,cust_cd2c7339,2026-08-07 07:20:16.267812,1620.04,USD,card,failed,insufficient_funds,Customer account has insufficient balance.,53,30,4,3,1763.1,False,2,9,mid_market,1687.4,True,True,False,CREATE_ESCALATION,0.0
txn_384f6cf8ce4e,cust_09ab86a3,2026-07-29 23:26:16.261223,1748.06,INR,wallet,failed,insufficient_funds,Customer account has insufficient balance.,719,5,3,0,1407.04,True,0,18,enterprise,1816.24,True,False,False,CREATE_ESCALATION,0.0
txn_f8f68492b7c7,cust_3e434624,2026-07-29 22:37:16.274812,580.69,INR,netbanking,failed,insufficient_funds,Customer account has insufficient balance.,309,38,4,3,607.66,False,2,26,smb_saas,635.84,True,True,True,SEND_RECOVERY_MESSAGE,580.69
txn_9f419db721e0,cust_8e41fc3a,2026-08-05 14:05:16.299954,1810.34,INR,netbanking,failed,authentication_failed,OTP or 3D secure authentication failed.,160,41,3,2,3383.17,False,2,6,mid_market,1854.12,True,True,False,CREATE_ESCALATION,0.0
txn_b7f54f963ca9,cust_fe1c463b,2026-07-27 11:09:16.233825,506.64,INR,upi,failed,limit_exceeded,Transaction exceeds customer limits.,998,44,3,1,795.43,False,2,2,mid_market,516.17,True,True,False,CREATE_ESCALATION,0.0
txn_ca5c8b30ea16,cust_89a1800b,2026-08-22 03:17:16.329954,163.37,INR,upi,failed,fraud_suspected,Transaction flagged by risk engine.,232,14,2,1,122.58,False,2,10,ecommerce,165.08,True,True,False,STOP_AUTOMATION,0.0
txn_d5b163637353,cust_aebe87ba,2026-08-25 01:18:16.340954,2088.27,INR,netbanking,failed,authentication_failed,OTP or 3D secure authentication failed.,228,32,0,0,3107.54,False,1,2,ecommerce,2103.47,True,True,False,CREATE_ESCALATION,0.0
txn_e13d41af39a0,cust_a76be7d1,2026-07-28 00:25:16.251632,22050.1,INR,upi,failed,insufficient_funds,Customer account has insufficient balance.,608,47,4,3,21334.07,False,1,30,high_value,22134.42,True,True,False,CREATE_ESCALATION,0.0
txn_51b5da0e72ea,cust_ec61f050,2026-08-06 14:36:16.318954,564.98,INR,upi,failed,limit_exceeded,Transaction exceeds customer limits.,565,40,5,2,813.56,True,3,10,mid_market,633.87,True,True,False,CREATE_ESCALATION,0.0
txn_773241fee007,cust_dc8b004f,2026-08-11 03:52:16.224629,2421.53,INR,upi,failed,limit_exceeded,Transaction exceeds customer limits.,821,38,1,1,1400.3,False,2,17,mid_market,2514.96,True,True,False,CREATE_ESCALATION,0.0
txn_bb7e0e6f80ad,cust_73282e69,2026-08-07 10:24:16.250632,1170.98,INR,upi,failed,authentication_failed,OTP or 3D secure authentication failed.,771,25,4,3,1752.81,True,0,18,ecommerce,1206.44,True,True,True,RETRY_PAYMENT,1170.98
txn_64a968baf57b,cust_ec6857f1,2026-08-01 15:35:16.250632,20.0,INR,wallet,failed,authentication_failed,OTP or 3D secure authentication failed.,103,28,3,2,32.9,True,1,13,ecommerce,71.63,True,True,True,RETRY_PAYMENT,20.0
txn_f2cbbdb2c2f3,cust_02d462ff,2026-08-18 16:32:16.287327,445.54,INR,upi,failed,insufficient_funds,Customer account has insufficient balance.,251,20,3,3,461.8,False,2,0,ecommerce,448.61,True,True,False,CREATE_ESCALATION,0.0
txn_c73d43f43af1,cust_0f69b0f4,2026-08-15 16:11:16.300954,544.67,INR,netbanking,failed,insufficient_funds,Customer account has insufficient balance.,754,13,1,0,659.56,True,2,6,smb_saas,618.27,True,True,False,CREATE_ESCALATION,0.0
txn_70e6bf59a15a,cust_50bc675e,2026-08-06 14:43:16.224629,6445.29,INR,wallet,failed,insufficient_funds,Customer account has insufficient balance.,380,32,4,0,6307.84,False,2,14,mid_market,6470.08,True,True,False,CREATE_ESCALATION,0.0
txn_564ae1422604,cust_e871111e,2026-07-28 11:36:16.299954,122.5,INR,card,failed,insufficient_funds,Customer account has insufficient balance.,508,20,2,0,211.83,False,2,20,smb_saas,199.25,True,True,True,SEND_RECOVERY_MESSAGE,122.5
txn_8be1cc53654a,cust_1714cc29,2026-07-31 12:30:16.308955,716.4,INR,wallet,failed,insufficient_funds,Customer account has insufficient balance.,429,32,1,0,1401.31,False,2,22,ecommerce,756.8,True,True,True,SEND_RECOVERY_MESSAGE,716.4
txn_ba69de22ed6c,cust_8d7e116c,2026-08-04 14:57:16.223629,6242.26,INR,wallet,failed,insufficient_funds,Customer account has insufficient balance.,374,46,1,0,11638.33,False,3,5,enterprise,6262.34,True,True,False,CREATE_ESCALATION,0.0
txn_a169b7c5605b,cust_98e6de5a,2026-08-06 15:32:16.249632,3472.13,USD,card,failed,temporary_bank_failure,Bank is experiencing intermittent issues.,614,30,1,0,2773.27,False,2,18,enterprise,3495.73,True,True,True,WAIT_AND_RETRY,3472.13
txn_aa491a740e25,cust_a3f788d1,2026-08-05 22:40:16.310954,20.0,INR,wallet,failed,bank_timeout,Issuing bank did not respond in time.,398,0,4,2,21.53,False,0,-1,ecommerce,28.49,True,True,True,WAIT_AND_RETRY,20.0
txn_ffaf83ef3b33,cust_551ba3f9,2026-08-13 04:17:16.245005,161.11,USD,wallet,failed,authentication_failed,OTP or 3D secure authentication failed.,921,9,3,2,134.65,True,1,30,smb_saas,257.85,True,False,False,CREATE_ESCALATION,0.0
txn_63ed479536b4,cust_6ee1c504,2026-08-04 01:50:16.301954,1663.68,USD,card,failed,insufficient_funds,Customer account has insufficient balance.,390,9,1,1,893.3,True,3,21,mid_market,1693.16,True,True,True,SEND_RECOVERY_MESSAGE,1663.68
txn_3e825d479307,cust_dbc4e755,2026-07-29 15:02:16.311954,548.66,INR,wallet,failed,insufficient_funds,Customer account has insufficient balance.,487,20,5,3,723.25,True,2,21,ecommerce,576.15,True,True,False,CREATE_ESCALATION,0.0
txn_a0c7875f0727,cust_82c9a3e5,2026-08-04 09:08:16.351955,767.66,INR,wallet,failed,authentication_failed,OTP or 3D secure authentication failed.,406,44,0,0,1079.05,False,0,9,ecommerce,779.52,True,True,True,RETRY_PAYMENT,767.66
txn_2dd5586744ac,cust_cf547dec,2026-08-24 16:25:16.367097,7884.18,INR,wallet,failed,bank_timeout,Issuing bank did not respond in time.,831,22,3,3,5862.35,False,0,16,mid_market,7895.08,True,True,True,WAIT_AND_RETRY,7884.18
txn_8f92bb4e6e32,cust_6b0d35a1,2026-08-07 05:23:16.239825,123.48,USD,netbanking,failed,limit_exceeded,Transaction exceeds customer limits.,126,27,3,2,115.16,False,3,29,smb_saas,192.03,True,True,False,CREATE_ESCALATION,0.0
txn_014467b7035a,cust_28fdccd9,2026-08-23 02:30:16.258223,2142.03,INR,netbanking,failed,bank_timeout,Issuing bank did not respond in time.,553,50,0,0,3435.67,False,2,24,mid_market,2196.3,True,True,True,WAIT_AND_RETRY,2142.03
txn_5db6992b4102,cust_3b99c18a,2026-08-21 10:06:16.341954,250.97,INR,netbanking,failed,authentication_failed,OTP or 3D secure authentication failed.,572,23,2,1,204.15,False,3,8,mid_market,267.8,True,False,True,RETRY_PAYMENT,250.97
txn_f7af4d3b78ae,cust_112ff2e9,2026-07-26 11:56:16.275813,176.13,INR,wallet,failed,bank_timeout,Issuing bank did not respond in time.,594,22,2,2,348.26,False,2,18,smb_saas,269.34,True,True,True,WAIT_AND_RETRY,176.13
txn_1ebabea7688c,cust_30e437f1,2026-08-07 09:28:16.367097,1578.23,USD,card,failed,temporary_bank_failure,Bank is experiencing intermittent issues.,858,42,4,2,2804.3,False,3,13,mid_market,1665.39,True,True,False,CREATE_ESCALATION,0.0
txn_4dad99a78386,cust_0d6dcf49,2026-08-07 12:08:16.324955,6184.53,INR,netbanking,failed,bank_timeout,Issuing bank did not respond in time.,641,18,4,2,3457.08,True,2,29,enterprise,6266.54,True,True,True,WAIT_AND_RETRY,6184.53
txn_fdfb8a645cf7,cust_34310ad6,2026-08-23 06:04:16.223629,26.53,USD,netbanking,failed,authentication_failed,OTP or 3D secure authentication failed.,588,25,5,5,29.89,True,0,30,smb_saas,59.01,True,True,True,RETRY_PAYMENT,26.53
txn_5d7e4485c67c,cust_be28509c,2026-08-19 04:26:16.290365,6583.36,INR,upi,failed,authentication_failed,OTP or 3D secure authentication failed.,130,26,5,4,8500.79,True,0,10,enterprise,6662.01,True,True,True,RETRY_PAYMENT,6583.36
txn_37b9c3a1cad5,cust_3a784daf,2026-08-07 02:46:16.312954,5614.82,INR,card,failed,temporary_bank_failure,Bank is experiencing intermittent issues.,285,23,0,0,6493.5,True,1,10,enterprise,5619.08,True,True,True,WAIT_AND_RETRY,5614.82
txn_dfb199b5be84,cust_82456615,2026-08-02 06:58:16.309954,767.49,INR,upi,failed,authentication_failed,OTP or 3D secure authentication failed.,16,6,2,0,1002.94,False,1,10,smb_saas,810.37,True,True,True,RETRY_PAYMENT,767.49
txn_fc784d92d4c6,cust_68b57dbc,2026-08-22 22:16:16.335955,5125.59,INR,card,failed,insufficient_funds,Customer account has insufficient balance.,301,31,2,2,3967.43,False,1,1,enterprise,5194.31,True,True,True,SEND_RECOVERY_MESSAGE,5125.59
txn_f649da18f419,cust_b8c24077,2026-08-11 07:19:16.321954,4720.02,INR,netbanking,failed,insufficient_funds,Customer account has insufficient balance.,84,48,5,2,3305.22,False,2,0,enterprise,4782.91,True,True,False,CREATE_ESCALATION,0.0
txn_80fc688a83d4,cust_54313934,2026-08-24 10:05:16.325954,217.22,INR,wallet,failed,insufficient_funds,Customer account has insufficient balance.,101,23,0,0,274.54,True,2,3,smb_saas,239.65,True,True,True,SEND_RECOVERY_MESSAGE,217.22
txn_0428334d7d55,cust_c510732d,2026-08-16 01:22:16.318954,3319.97,USD,wallet,failed,temporary_bank_failure,Bank is experiencing intermittent issues.,764,6,1,0,6601.17,False,2,29,mid_market,3351.76,True,True,False,CREATE_ESCALATION,0.0
txn_4e4b14bfb45a,cust_32aeada3,2026-08-17 03:25:16.350954,116.89,INR,netbanking,failed,insufficient_funds,Customer account has insufficient balance.,840,12,4,2,108.44,True,0,24,smb_saas,159.41,True,True,False,CREATE_ESCALATION,0.0
txn_62265442f442,cust_7077f6aa,2026-08-01 20:12:16.324955,20.0,INR,wallet,failed,temporary_bank_failure,Bank is experiencing intermittent issues.,540,36,2,2,39.15,False,1,4,ecommerce,27.03,True,True,True,WAIT_AND_RETRY,20.0
txn_4a26bc283827,cust_a9e877ac,2026-08-21 00:25:16.243446,1025.37,USD,upi,failed,bank_timeout,Issuing bank did not respond in time.,544,10,2,0,666.7,True,1,26,ecommerce,1118.43,True,True,True,WAIT_AND_RETRY,1025.37
txn_55d84ffef39e,cust_4b7a65e3,2026-08-19 08:08:16.348954,1285.1,INR,netbanking,failed,authentication_failed,OTP or 3D secure authentication failed.,115,45,5,3,2377.04,False,0,9,ecommerce,1315.23,True,True,False,CREATE_ESCALATION,0.0
txn_f198508dccae,cust_4fbcebb5,2026-08-08 14:36:16.265766,83.35,INR,wallet,failed,insufficient_funds,Customer account has insufficient balance.,615,37,2,0,107.53,False,2,22,smb_saas,99.76,True,True,True,SEND_RECOVERY_MESSAGE,83.35
txn_ad6af0c89098,cust_465db3c0,2026-08-19 07:52:16.337954,222.2,INR,card,failed,authentication_failed,OTP or 3D secure authentication failed.,258,42,3,3,230.64,True,0,24,smb_saas,289.76,True,True,True,RETRY_PAYMENT,222.2
txn_4880cb90c5c4,cust_a340f145,2026-08-07 11:42:16.320954,277.2,INR,wallet,failed,insufficient_funds,Customer account has insufficient balance.,667,12,4,4,440.86,False,1,1,ecommerce,346.68,True,True,False,CREATE_ESCALATION,0.0
txn_f05743c75f4e,cust_8406dd3c,2026-08-22 22:08:16.236825,9938.48,INR,netbanking,failed,authentication_failed,OTP or 3D secure authentication failed.,664,32,4,1,11225.81,True,3,12,high_value,9941.07,True,True,True,RETRY_PAYMENT,9938.48
txn_1536493151e9,cust_aca17ce5,2026-08-06 00:14:16.274812,606.06,INR,netbanking,failed,insufficient_funds,Customer account has insufficient balance.,365,21,0,0,913.8,False,1,26,smb_saas,698.93,True,True,True,SEND_RECOVERY_MESSAGE,606.06
txn_cc2e38c31897,cust_68d0c70f,2026-08-01 19:55:16.270823,542.59,INR,card,failed,limit_exceeded,Transaction exceeds customer limits.,152,42,3,2,397.34,False,3,21,smb_saas,635.83,True,True,False,CREATE_ESCALATION,0.0
txn_c468ebcef400,cust_794fd410,2026-08-10 00:56:16.302954,87.63,INR,upi,failed,insufficient_funds,Customer account has insufficient balance.,714,42,4,4,54.83,True,2,25,ecommerce,169.72,True,True,False,CREATE_ESCALATION,0.0
txn_d93bd3dda377,cust_faff6d67,2026-08-25 06:13:16.251632,837.25,INR,card,failed,insufficient_funds,Customer account has insufficient balance.,919,37,0,0,767.05,True,0,28,mid_market,858.7,True,True,False,CREATE_ESCALATION,0.0
txn_ffc728e26421,cust_fa83c1c0,2026-08-25 03:43:16.268812,899.94,INR,upi,failed,insufficient_funds,Customer account has insufficient balance.,410,38,3,2,589.33,True,2,19,mid_market,954.8,True,True,False,CREATE_ESCALATION,0.0
txn_55cf051d927f,cust_1c240970,2026-08-25 02:55:16.245005,476.93,INR,netbanking,failed,authentication_failed,OTP or 3D secure authentication failed.,444,21,0,0,775.01,False,3,21,smb_saas,484.95,True,True,True,RETRY_PAYMENT,476.93
txn_06cbfd7ecea9,cust_937ec11c,2026-08-05 06:49:16.236825,6355.83,INR,wallet,failed,limit_exceeded,Transaction exceeds customer limits.,666,24,2,2,9405.31,False,0,3,high_value,6364.09,True,True,False,CREATE_ESCALATION,0.0
txn_f2d1843d4280,cust_e7bab6f1,2026-07-28 21:26:16.343954,140.71,INR,netbanking,failed,fraud_suspected,Transaction flagged by risk engine.,278,1,3,3,247.29,False,3,27,ecommerce,177.59,True,True,False,STOP_AUTOMATION,0.0
txn_30cd7263463b,cust_da8f5465,2026-08-24 03:31:16.269812,158.89,INR,wallet,failed,insufficient_funds,Customer account has insufficient balance.,438,22,2,2,162.61,True,3,4,ecommerce,159.55,True,True,False,CREATE_ESCALATION,0.0
txn_0eb6f02d7e33,cust_24370d7e,2026-07-26 07:16:16.337954,560.39,INR,wallet,failed,authentication_failed,OTP or 3D secure authentication failed.,717,31,1,0,553.87,False,0,16,ecommerce,603.47,True,True,False,CREATE_ESCALATION,0.0
txn_a1a2b79e5d0b,cust_807962a2,2026-08-04 11:17:16.263223,424.25,INR,wallet,failed,bank_timeout,Issuing bank did not respond in time.,298,8,0,0,687.49,True,3,19,ecommerce,447.53,True,False,True,WAIT_AND_RETRY,424.25
txn_a1109afb37e4,cust_b0b74880,2026-08-18 07:36:16.340954,154.16,INR,card,failed,bank_timeout,Issuing bank did not respond in time.,983,31,3,1,292.2,False,2,4,smb_saas,199.95,True,True,True,WAIT_AND_RETRY,154.16
txn_a42ad6f67965,cust_b403ada3,2026-07-29 21:13:16.301954,258.74,INR,upi,failed,insufficient_funds,Customer account has insufficient balance.,849,36,1,0,422.92,True,2,1,smb_saas,322.04,True,True,True,SEND_RECOVERY_MESSAGE,258.74
txn_fd1f4a2a9e79,cust_00a70738,2026-07-27 07:23:16.253632,41.23,INR,card,failed,insufficient_funds,Customer account has insufficient balance.,620,8,0,0,56.03,False,1,18,smb_saas,69.81,True,True,False,CREATE_ESCALATION,0.0
txn_1ce197fd1b11,cust_37a84e00,2026-08-02 08:13:16.276813,1174.79,INR,wallet,failed,limit_exceeded,Transaction exceeds customer limits.,392,23,0,0,1278.1,False,3,17,enterprise,1262.86,True,True,True,RETRY_PAYMENT,1174.79
txn_ecba8aeae6d8,cust_5c7e7acd,2026-08-15 04:47:16.313954,216.09,INR,upi,failed,insufficient_funds,Customer account has insufficient balance.,76,39,5,2,402.92,False,3,5,smb_saas,217.97,True,True,False,CREATE_ESCALATION,0.0
txn_72ac11e5227c,cust_d8d9c8ac,2026-07-29 03:42:16.315955,159.64,INR,netbanking,failed,authentication_failed,OTP or 3D secure authentication failed.,154,30,3,0,298.58,False,2,26,smb_saas,254.04,True,True,True,RETRY_PAYMENT,159.64
txn_2b88d3ad2dff,cust_079567b2,2026-08-19 21:50:16.368097,480.28,INR,netbanking,failed,authentication_failed,OTP or 3D secure authentication failed.,842,42,1,1,865.95,True,2,14,smb_saas,549.89,True,True,True,RETRY_PAYMENT,480.28
txn_51b8ac08b57d,cust_e456c066,2026-08-24 01:53:16.309954,1995.22,INR,wallet,failed,insufficient_funds,Customer account has insufficient balance.,247,32,0,0,2464.14,False,2,15,mid_market,2066.41,True,True,True,SEND_RECOVERY_MESSAGE,1995.22
txn_e3b1cc432861,cust_7fd78a5c,2026-08-09 04:13:16.326954,37612.5,INR,wallet,failed,insufficient_funds,Customer account has insufficient balance.,948,30,3,3,48762.79,False,0,0,high_value,37686.48,True,True,True,SEND_RECOVERY_MESSAGE,37612.5
txn_f2ca9ec0096f,cust_76086333,2026-08-16 17:32:16.329954,195.83,INR,netbanking,failed,authentication_failed,OTP or 3D secure authentication failed.,244,20,3,0,182.67,True,3,30,smb_saas,244.38,True,True,False,CREATE_ESCALATION,0.0
txn_a0f8d7362f23,cust_019cb178,2026-07-31 08:27:16.350954,1273.74,INR,upi,failed,insufficient_funds,Customer account has insufficient balance.,365,8,0,0,2018.69,False,3,10,mid_market,1281.33,True,True,False,CREATE_ESCALATION,0.0
txn_238a5e25d6a9,cust_1dd4b392,2026-07-30 18:06:16.236825,440.43,INR,upi,failed,insufficient_funds,Customer account has insufficient balance.,230,1,1,1,474.82,False,2,7,smb_saas,532.6,True,True,False,CREATE_ESCALATION,0.0
txn_aa833e5d5762,cust_1f2624cf,2026-08-07 09:17:16.263223,19451.06,INR,card,failed,limit_exceeded,Transaction exceeds customer limits.,934,45,1,0,38712.71,False,0,1,enterprise,19549.01,True,True,False,CREATE_ESCALATION,0.0
txn_cf468ba6185f,cust_8d2a114e,2026-08-13 11:04:16.282812,248.36,INR,card,failed,bank_timeout,Issuing bank did not respond in time.,120,4,1,0,342.87,False,1,5,smb_saas,261.53,True,False,True,WAIT_AND_RETRY,248.36
txn_0238c4497d56,cust_ab465382,2026-08-03 21:10:16.328954,35512.23,USD,netbanking,failed,temporary_bank_failure,Bank is experiencing intermittent issues.,481,7,1,0,19696.12,True,0,12,high_value,35567.79,True,True,True,WAIT_AND_RETRY,35512.23
txn_a5421d001f75,cust_f3b51d92,2026-08-14 09:34:16.310954,1304.8,INR,upi,failed,insufficient_funds,Customer account has insufficient balance.,39,34,1,1,975.39,False,3,10,mid_market,1346.64,True,True,False,CREATE_ESCALATION,0.0
txn_559b7d4137d8,cust_c045e1e7,2026-08-18 17:22:16.247585,9152.77,INR,card,failed,fraud_suspected,Transaction flagged by risk engine.,346,7,4,4,10964.52,True,2,25,mid_market,9161.1,True,True,False,STOP_AUTOMATION,0.0
txn_b83ed1b1f135,cust_cefd143e,2026-08-24 03:10:16.275813,447.73,INR,netbanking,failed,temporary_bank_failure,Bank is experiencing intermittent issues.,595,12,1,0,390.2,False,2,23,ecommerce,500.22,True,True,True,WAIT_AND_RETRY,447.73
txn_d3518687760e,cust_12174666,2026-08-10 06:19:16.337954,1274.46,INR,card,failed,insufficient_funds,Customer account has insufficient balance.,293,33,4,1,1926.63,False,3,24,ecommerce,1363.29,True,True,False,CREATE_ESCALATION,0.0
txn_c0b46524510b,cust_abf09554,2026-07-28 05:20:16.314954,219.73,INR,card,failed,fraud_suspected,Transaction flagged by risk engine.,503,7,5,3,270.77,False,0,7,smb_saas,221.54,True,True,False,STOP_AUTOMATION,0.0
txn_8f27a2469e9b,cust_0ad83baf,2026-08-15 05:00:16.252632,1248.45,INR,wallet,failed,authentication_failed,OTP or 3D secure authentication failed.,217,37,2,1,1648.81,False,1,1,ecommerce,1296.17,True,True,True,RETRY_PAYMENT,1248.45
txn_6a9dcba8ec6c,cust_f222394c,2026-08-21 12:26:16.236825,4879.09,USD,upi,failed,limit_exceeded,Transaction exceeds customer limits.,745,25,2,2,9116.89,True,0,17,enterprise,4918.32,True,True,False,CREATE_ESCALATION,0.0
txn_db72e8776a26,cust_a2683715,2026-07-26 07:59:16.299954,97.22,USD,wallet,failed,bank_timeout,Issuing bank did not respond in time.,929,30,0,0,123.28,True,1,21,smb_saas,97.6,True,True,True,WAIT_AND_RETRY,97.22
txn_8199435307f6,cust_be0c991b,2026-08-20 01:40:16.326954,7272.43,INR,netbanking,failed,temporary_bank_failure,Bank is experiencing intermittent issues.,598,18,2,0,5640.61,False,1,19,mid_market,7335.99,True,True,True,WAIT_AND_RETRY,7272.43
txn_75b8f5c7a9c5,cust_7f29e93f,2026-07-30 04:40:16.367097,350.07,INR,card,failed,bank_timeout,Issuing bank did not respond in time.,516,19,5,5,285.12,False,2,3,ecommerce,386.93,True,True,True,WAIT_AND_RETRY,350.07
txn_7ae8b94aef1c,cust_fdf63591,2026-08-15 22:10:16.263223,9951.97,INR,netbanking,failed,insufficient_funds,Customer account has insufficient balance.,905,39,2,0,18640.31,True,0,21,enterprise,10017.29,True,True,False,CREATE_ESCALATION,0.0
txn_3eab531b0c0d,cust_23366462,2026-08-15 19:39:16.323954,1738.08,INR,netbanking,failed,temporary_bank_failure,Bank is experiencing intermittent issues.,218,10,2,0,1289.85,False,2,23,ecommerce,1773.39,True,True,False,CREATE_ESCALATION,0.0
txn_e20771ee1219,cust_8cd2d248,2026-08-19 13:14:16.226780,302.15,INR,upi,failed,bank_timeout,Issuing bank did not respond in time.,511,26,4,3,178.71,True,1,13,ecommerce,322.1,True,True,True,WAIT_AND_RETRY,302.15
txn_26e945d35180,cust_a20e9ea6,2026-08-21 20:33:16.271813,252.66,INR,upi,failed,insufficient_funds,Customer account has insufficient balance.,402,35,5,5,204.74,False,1,7,ecommerce,328.7,True,True,False,CREATE_ESCALATION,0.0
txn_fd3323aba485,cust_7acc4b61,2026-08-18 09:26:16.296954,7769.88,USD,upi,failed,authentication_failed,OTP or 3D secure authentication failed.,354,9,5,2,6100.1,True,0,10,mid_market,7837.46,True,False,False,CREATE_ESCALATION,0.0
txn_bd6f8ad0cf4c,cust_304e8845,2026-08-09 09:20:16.314954,94.66,INR,wallet,failed,temporary_bank_failure,Bank is experiencing intermittent issues.,947,11,3,2,69.8,False,1,15,smb_saas,172.52,True,True,False,CREATE_ESCALATION,0.0
txn_928014ea804c,cust_66a2554e,2026-08-11 09:04:16.311954,964.28,INR,card,failed,insufficient_funds,Customer account has insufficient balance.,473,47,5,0,1354.7,False,0,27,smb_saas,1015.37,True,True,False,CREATE_ESCALATION,0.0
txn_224f95e9d6ba,cust_5f42b20e,2026-08-13 20:48:16.278812,3141.29,INR,card,failed,temporary_bank_failure,Bank is experiencing intermittent issues.,319,35,3,3,3848.75,False,2,30,mid_market,3168.63,True,False,True,WAIT_AND_RETRY,3141.29
txn_c4232ccb1ea4,cust_102f13e1,2026-07-29 15:41:16.354544,747.23,INR,netbanking,failed,bank_timeout,Issuing bank did not respond in time.,922,19,4,0,1196.81,False,0,30,ecommerce,801.88,True,True,True,WAIT_AND_RETRY,747.23
txn_2df01aeb8756,cust_a0299b58,2026-07-27 14:03:16.259223,344.26,INR,netbanking,failed,temporary_bank_failure,Bank is experiencing intermittent issues.,308,11,5,1,348.22,False,3,2,smb_saas,428.98,True,True,True,WAIT_AND_RETRY,344.26
txn_e6393c03e373,cust_e858a334,2026-08-21 15:09:16.278812,105.92,INR,netbanking,failed,bank_timeout,Issuing bank did not respond in time.,347,37,2,0,178.97,False,1,14,ecommerce,183.9,True,True,True,WAIT_AND_RETRY,105.92
txn_681c51216f73,cust_94d05a2f,2026-08-24 23:56:16.318954,159.49,INR,netbanking,failed,insufficient_funds,Customer account has insufficient balance.,164,21,5,2,103.08,False,2,13,smb_saas,231.13,True,True,False,CREATE_ESCALATION,0.0
txn_00da5b5003ab,cust_fc582376,2026-08-04 06:48:16.329954,14195.57,USD,wallet,failed,insufficient_funds,Customer account has insufficient balance.,310,50,3,1,26678.79,False,0,5,high_value,14250.58,True,True,False,CREATE_ESCALATION,0.0
txn_3e6ea4b725c1,cust_0b0161c0,2026-07-28 02:30:16.359096,2139.99,INR,card,failed,insufficient_funds,Customer account has insufficient balance.,850,42,3,2,2897.55,False,1,23,mid_market,2204.31,True,False,True,SEND_RECOVERY_MESSAGE,2139.99
txn_1ef1fc135fc6,cust_ad9478f2,2026-08-03 04:10:16.368097,314.69,USD,upi,failed,authentication_failed,OTP or 3D secure authentication failed.,48,12,4,3,223.56,False,0,14,smb_saas,365.11,True,False,False,CREATE_ESCALATION,0.0
txn_2a06f00b5f67,cust_53dd3bfc,2026-07-29 05:25:16.282812,9264.46,INR,netbanking,failed,insufficient_funds,Customer account has insufficient balance.,907,3,1,1,17132.5,False,2,25,high_value,9350.55,True,True,False,CREATE_ESCALATION,0.0
txn_1660d8d217fa,cust_90081671,2026-08-01 16:09:16.293365,283.19,INR,wallet,failed,limit_exceeded,Transaction exceeds customer limits.,765,32,1,0,429.78,True,2,1,ecommerce,299.84,True,True,False,CREATE_ESCALATION,0.0
txn_5d90fbb9983a,cust_8535bf60,2026-08-10 07:24:16.294364,435.06,INR,upi,failed,temporary_bank_failure,Bank is experiencing intermittent issues.,404,28,4,3,668.87,False,3,26,smb_saas,459.54,True,True,True,WAIT_AND_RETRY,435.06
txn_dc21b0722e31,cust_13214a96,2026-08-18 17:14:16.353498,281.93,USD,wallet,failed,insufficient_funds,Customer account has insufficient balance.,552,14,0,0,355.69,False,0,16,smb_saas,300.02,True,True,True,SEND_RECOVERY_MESSAGE,281.93
txn_2a5f9fcde37f,cust_4b1d4a21,2026-08-17 07:12:16.244491,342.66,USD,upi,failed,insufficient_funds,Customer account has insufficient balance.,366,4,5,1,336.66,False,1,25,smb_saas,396.49,True,True,False,CREATE_ESCALATION,0.0
txn_13d5a41a7bff,cust_179c9a4f,2026-08-13 13:10:16.247585,25.87,INR,card,failed,temporary_bank_failure,Bank is experiencing intermittent issues.,167,9,2,0,33.19,False,1,15,smb_saas,124.98,True,True,True,WAIT_AND_RETRY,25.87
txn_cf65d57b1c1e,cust_a725bafb,2026-08-10 05:55:16.253632,152.24,INR,netbanking,failed,insufficient_funds,Customer account has insufficient balance.,551,3,3,2,301.93,False,0,1,smb_saas,231.7,True,True,False,CREATE_ESCALATION,0.0
txn_d35b204a184f,cust_77b10a70,2026-08-20 08:46:16.251632,2700.1,USD,netbanking,failed,authentication_failed,OTP or 3D secure authentication failed.,142,34,0,0,2702.77,False,3,29,ecommerce,2727.77,True,True,True,RETRY_PAYMENT,2700.1
txn_87c24d8eda6f,cust_d1fe1415,2026-08-05 00:57:16.262223,987.87,INR,wallet,failed,insufficient_funds,Customer account has insufficient balance.,252,8,1,0,1507.42,True,2,18,ecommerce,1003.4,True,True,False,CREATE_ESCALATION,0.0
txn_e4d93bfc5ea5,cust_023c9a7b,2026-08-01 03:36:16.323954,583.56,INR,wallet,failed,fraud_suspected,Transaction flagged by risk engine.,672,44,1,1,311.58,False,1,3,ecommerce,656.83,True,True,False,STOP_AUTOMATION,0.0
txn_62df8f8b0c1f,cust_c8edc213,2026-08-11 13:15:16.277813,338.37,USD,netbanking,failed,temporary_bank_failure,Bank is experiencing intermittent issues.,975,6,3,2,654.71,False,0,29,ecommerce,435.04,True,True,True,WAIT_AND_RETRY,338.37
txn_6161576653b6,cust_f3f8bfa4,2026-07-28 17:49:16.273812,2199.94,INR,netbanking,failed,temporary_bank_failure,Bank is experiencing intermittent issues.,35,13,5,3,1136.73,True,1,28,mid_market,2276.11,True,True,True,WAIT_AND_RETRY,2199.94
txn_bf0386d52203,cust_002b2287,2026-07-30 00:58:16.283812,269.52,USD,wallet,failed,bank_timeout,Issuing bank did not respond in time.,95,12,1,1,158.89,False,3,29,ecommerce,323.14,True,True,False,CREATE_ESCALATION,0.0
txn_417a8ec4bb00,cust_62213873,2026-07-26 01:09:16.252632,96.73,USD,card,failed,limit_exceeded,Transaction exceeds customer limits.,208,7,3,3,50.4,True,3,17,smb_saas,185.21,True,False,False,CREATE_ESCALATION,0.0
txn_6b491cc6d28d,cust_4a2d8a6f,2026-08-14 18:30:16.316954,242.09,INR,upi,failed,authentication_failed,OTP or 3D secure authentication failed.,413,24,3,2,353.42,True,2,16,smb_saas,279.62,True,True,True,RETRY_PAYMENT,242.09
txn_ed40a26a51af,cust_6f4c6b4c,2026-08-22 04:25:16.351955,1064.67,INR,upi,failed,temporary_bank_failure,Bank is experiencing intermittent issues.,901,15,4,1,1303.09,False,0,24,mid_market,1086.16,True,True,True,WAIT_AND_RETRY,1064.67
txn_e9dbc2e9a618,cust_5bf0c96a,2026-07-31 10:29:16.290365,5028.43,USD,card,failed,insufficient_funds,Customer account has insufficient balance.,688,49,1,1,8211.49,False,0,17,mid_market,5050.05,True,True,True,SEND_RECOVERY_MESSAGE,5028.43
txn_6954f57a64ff,cust_1a63cc48,2026-08-09 19:19:16.272812,414.16,INR,card,failed,authentication_failed,OTP or 3D secure authentication failed.,203,15,1,0,392.36,False,3,10,ecommerce,503.12,True,True,True,RETRY_PAYMENT,414.16
txn_9215526bd457,cust_3ef283b7,2026-08-04 02:35:16.285813,2412.4,INR,wallet,failed,limit_exceeded,Transaction exceeds customer limits.,275,46,3,0,1869.9,False,2,19,mid_market,2482.17,True,True,False,CREATE_ESCALATION,0.0
txn_1eaee231f559,cust_f1466b33,2026-08-10 19:00:16.363096,3476.37,INR,netbanking,failed,insufficient_funds,Customer account has insufficient balance.,409,21,0,0,5686.27,False,2,7,mid_market,3551.15,True,True,True,SEND_RECOVERY_MESSAGE,3476.37
txn_7c44aa1def6b,cust_11b71c59,2026-08-09 06:16:16.358096,1715.64,INR,upi,failed,insufficient_funds,Customer account has insufficient balance.,193,45,3,1,2278.97,False,0,17,ecommerce,1786.3,True,True,False,CREATE_ESCALATION,0.0
txn_74615e346336,cust_e0bc5337,2026-08-07 03:00:16.260223,593.8,INR,card,failed,insufficient_funds,Customer account has insufficient balance.,399,39,2,2,308.64,False,0,14,smb_saas,614.26,True,True,True,SEND_RECOVERY_MESSAGE,593.8
txn_1f9dafca1ee1,cust_931dda22,2026-08-13 08:42:16.300954,5687.33,USD,upi,failed,bank_timeout,Issuing bank did not respond in time.,591,24,3,1,4852.46,False,2,23,enterprise,5720.45,True,True,True,WAIT_AND_RETRY,5687.33
txn_336882b16202,cust_0a8d5a7d,2026-08-21 02:17:16.302954,1698.67,USD,netbanking,failed,limit_exceeded,Transaction exceeds customer limits.,470,36,4,4,2233.41,True,2,10,ecommerce,1733.15,True,True,False,CREATE_ESCALATION,0.0
txn_ab47d7a2ba70,cust_739496fb,2026-08-12 04:25:16.246043,80.21,USD,netbanking,failed,temporary_bank_failure,Bank is experiencing intermittent issues.,267,30,1,0,66.47,False,1,27,smb_saas,83.84,True,True,True,WAIT_AND_RETRY,80.21
txn_cc170fb2e75e,cust_1e594eb6,2026-08-20 09:35:16.302954,367.16,INR,upi,failed,temporary_bank_failure,Bank is experiencing intermittent issues.,184,14,0,0,530.19,True,3,15,smb_saas,461.46,True,True,True,WAIT_AND_RETRY,367.16
txn_5f9640f4c633,cust_be8fe959,2026-07-27 07:50:16.263223,5000.0,INR,card,failed,insufficient_funds,Customer account has insufficient balance.,142,21,4,2,3324.54,True,1,22,high_value,5069.72,True,True,False,CREATE_ESCALATION,0.0
txn_303c2ad57067,cust_543a876d,2026-08-25 03:15:16.323954,150.55,INR,netbanking,failed,insufficient_funds,Customer account has insufficient balance.,984,44,1,1,280.44,True,3,11,smb_saas,161.66,True,True,True,SEND_RECOVERY_MESSAGE,150.55
txn_de27a654c3e2,cust_9aac744a,2026-08-14 08:46:16.266812,733.09,INR,card,failed,bank_timeout,Issuing bank did not respond in time.,452,33,4,3,627.8,False,0,18,ecommerce,828.63,True,True,True,WAIT_AND_RETRY,733.09
txn_86bb870f7aaa,cust_34ee1b6d,2026-08-07 13:49:16.348954,8359.12,INR,wallet,failed,limit_exceeded,Transaction exceeds customer limits.,287,43,5,2,8295.63,False,1,4,enterprise,8405.83,True,True,False,CREATE_ESCALATION,0.0
txn_0c23e3a7355f,cust_b3e62ed0,2026-07-26 07:13:16.268812,379.5,USD,netbanking,failed,temporary_bank_failure,Bank is experiencing intermittent issues.,701,36,3,0,347.53,False,1,25,smb_saas,478.63,True,True,True,WAIT_AND_RETRY,379.5
txn_81b9255e32f1,cust_a1a4ee1e,2026-08-07 23:37:16.234825,451.07,INR,netbanking,failed,authentication_failed,OTP or 3D secure authentication failed.,457,5,5,4,363.19,False,2,17,smb_saas,549.6,True,True,False,CREATE_ESCALATION,0.0
txn_789224ff7fc8,cust_5afcc6b0,2026-08-12 20:05:16.319954,5806.49,INR,upi,failed,bank_timeout,Issuing bank did not respond in time.,493,48,4,1,6928.93,False,3,25,enterprise,5878.67,True,True,True,WAIT_AND_RETRY,5806.49
txn_92ca4ca50d3c,cust_ed6a020f,2026-07-30 14:52:16.237825,833.1,INR,wallet,failed,insufficient_funds,Customer account has insufficient balance.,848,14,0,0,563.05,False,1,12,smb_saas,906.41,True,True,True,SEND_RECOVERY_MESSAGE,833.1
txn_b29bd1507413,cust_9df4ff8c,2026-08-14 20:52:16.346954,1687.31,INR,wallet,failed,bank_timeout,Issuing bank did not respond in time.,888,46,1,1,3009.08,False,3,22,mid_market,1722.37,True,True,False,CREATE_ESCALATION,0.0
txn_ab0d12ca0eaa,cust_1ddbd72e,2026-08-03 05:15:16.264223,1544.28,USD,card,failed,insufficient_funds,Customer account has insufficient balance.,872,17,5,1,2170.69,True,2,24,mid_market,1640.39,True,True,False,CREATE_ESCALATION,0.0
txn_1e25be1e3b4b,cust_2b41186e,2026-08-21 15:51:16.283812,2943.86,USD,upi,failed,authentication_failed,OTP or 3D secure authentication failed.,441,10,2,0,5229.93,False,3,23,enterprise,2966.66,True,True,True,RETRY_PAYMENT,2943.86
txn_851aaa989f7f,cust_fbd8bc80,2026-08-05 13:21:16.299954,131.08,INR,wallet,failed,limit_exceeded,Transaction exceeds customer limits.,997,0,5,2,93.54,False,2,-1,smb_saas,224.27,True,True,False,CREATE_ESCALATION,0.0
txn_a7882b6d95a8,cust_b0029ce7,2026-08-05 21:53:16.351955,1181.4,INR,netbanking,failed,insufficient_funds,Customer account has insufficient balance.,269,17,1,0,1729.52,False,2,27,ecommerce,1187.02,True,True,False,CREATE_ESCALATION,0.0
txn_18879435701c,cust_5f4d2eaf,2026-08-20 19:34:16.345955,483.88,INR,netbanking,failed,fraud_suspected,Transaction flagged by risk engine.,899,24,3,1,572.64,False,1,3,ecommerce,554.57,True,True,False,STOP_AUTOMATION,0.0
txn_0d34f4e91f94,cust_e70a651a,2026-08-13 12:03:16.228825,255.08,INR,card,failed,authentication_failed,OTP or 3D secure authentication failed.,404,43,1,1,501.17,False,3,10,smb_saas,324.0,True,True,True,RETRY_PAYMENT,255.08
txn_a9d2ab1dc375,cust_078beeec,2026-07-30 06:34:16.309954,62.99,INR,upi,failed,authentication_failed,OTP or 3D secure authentication failed.,918,40,4,4,57.45,False,3,30,smb_saas,71.95,True,True,False,CREATE_ESCALATION,0.0
txn_c5d0ee75f648,cust_02fe2eee,2026-08-03 14:53:16.353498,21234.57,INR,wallet,failed,bank_timeout,Issuing bank did not respond in time.,102,42,3,3,40901.82,True,0,26,enterprise,21251.79,True,True,True,WAIT_AND_RETRY,21234.57
txn_aa224144b6f7,cust_398eb0fd,2026-08-21 20:55:16.235826,395.76,INR,netbanking,failed,limit_exceeded,Transaction exceeds customer limits.,955,36,4,0,580.18,False,3,20,ecommerce,459.97,True,True,False,CREATE_ESCALATION,0.0
txn_ec8018061704,cust_ab09d2f9,2026-08-10 01:12:16.228825,148.26,INR,upi,failed,insufficient_funds,Customer account has insufficient balance.,1,33,1,1,137.9,False,3,30,smb_saas,223.81,True,True,False,CREATE_ESCALATION,0.0
txn_cae17dfef7ac,cust_8b66a50c,2026-08-14 05:32:16.330954,150.83,INR,netbanking,failed,authentication_failed,OTP or 3D secure authentication failed.,450,41,5,4,296.71,True,0,21,mid_market,224.21,True,True,False,CREATE_ESCALATION,0.0
txn_8cbfd0872d71,cust_0eac3631,2026-07-28 19:51:16.311954,8091.17,USD,upi,failed,insufficient_funds,Customer account has insufficient balance.,734,10,1,0,15672.62,True,3,6,enterprise,8136.47,True,True,False,CREATE_ESCALATION,0.0
txn_fa719b651b49,cust_9cb7fb43,2026-08-24 20:48:16.242826,95.46,USD,netbanking,failed,bank_timeout,Issuing bank did not respond in time.,747,50,0,0,98.78,False,0,26,smb_saas,170.09,True,True,True,WAIT_AND_RETRY,95.46
txn_770df15cc100,cust_fe09a9da,2026-08-21 15:31:16.233825,6864.86,INR,upi,failed,insufficient_funds,Customer account has insufficient balance.,99,23,4,1,8474.22,False,3,8,mid_market,6921.17,True,True,False,CREATE_ESCALATION,0.0
txn_a322e294763b,cust_ca52eb01,2026-08-10 17:58:16.252632,852.03,INR,card,failed,bank_timeout,Issuing bank did not respond in time.,421,50,2,2,1474.47,True,3,14,smb_saas,897.33,True,True,True,WAIT_AND_RETRY,852.03
txn_6966fe848357,cust_7c284026,2026-08-01 04:59:16.334955,670.07,INR,upi,failed,authentication_failed,OTP or 3D secure authentication failed.,916,22,1,1,1014.6,False,2,10,ecommerce,739.24,True,True,True,RETRY_PAYMENT,670.07
txn_b863f4a7124a,cust_b5c9b48b,2026-08-13 08:17:16.250632,3864.85,INR,netbanking,failed,fraud_suspected,Transaction flagged by risk engine.,508,9,2,0,5505.17,False,0,27,mid_market,3884.17,True,True,False,STOP_AUTOMATION,0.0
txn_099ee9148fa4,cust_4b0fa943,2026-08-06 21:22:16.270823,243.86,USD,card,failed,authentication_failed,OTP or 3D secure authentication failed.,621,45,4,3,255.03,False,3,16,smb_saas,319.49,True,False,False,CREATE_ESCALATION,0.0
txn_cec9e319f22c,cust_f33c2a46,2026-08-16 15:49:16.236825,487.15,INR,netbanking,failed,insufficient_funds,Customer account has insufficient balance.,830,23,5,4,630.03,False,2,6,smb_saas,545.58,True,True,True,SEND_RECOVERY_MESSAGE,487.15
txn_f00c083b8cbc,cust_582ff42f,2026-08-09 00:02:16.327954,177.09,INR,netbanking,failed,insufficient_funds,Customer account has insufficient balance.,134,27,5,5,306.64,False,1,10,smb_saas,243.26,True,True,False,CREATE_ESCALATION,0.0
txn_97123ba072f7,cust_ce0cf773,2026-08-12 15:20:16.285813,4664.0,USD,upi,failed,bank_timeout,Issuing bank did not respond in time.,253,3,3,2,3988.27,False,1,28,mid_market,4735.37,True,True,True,WAIT_AND_RETRY,4664.0
txn_0f01a021aa8d,cust_898dbe8e,2026-07-30 04:22:16.342954,19393.64,USD,upi,failed,insufficient_funds,Customer account has insufficient balance.,88,2,1,0,12982.75,False,1,0,enterprise,19470.08,True,True,True,SEND_RECOVERY_MESSAGE,19393.64
txn_ea9d99772dd5,cust_c5cbbdf1,2026-08-01 19:31:16.293365,1056.31,INR,netbanking,failed,authentication_failed,OTP or 3D secure authentication failed.,536,45,5,2,711.63,False,0,24,ecommerce,1059.18,True,True,True,RETRY_PAYMENT,1056.31
txn_4e3a91ee80fe,cust_3e501e20,2026-08-18 08:25:16.279813,842.23,INR,upi,failed,bank_timeout,Issuing bank did not respond in time.,209,34,5,4,870.11,False,3,21,ecommerce,867.26,True,True,True,WAIT_AND_RETRY,842.23
txn_615874b55ee4,cust_19035462,2026-07-27 10:40:16.263223,226.95,INR,wallet,failed,insufficient_funds,Customer account has insufficient balance.,547,41,0,0,161.25,True,3,16,ecommerce,233.63,True,True,False,CREATE_ESCALATION,0.0
txn_b9de507f19ca,cust_bf539d54,2026-08-20 06:29:16.252632,435.37,INR,netbanking,failed,bank_timeout,Issuing bank did not respond in time.,598,12,1,0,832.18,False,2,24,mid_market,467.04,True,True,True,WAIT_AND_RETRY,435.37
txn_9f0ce2f0428b,cust_1a872216,2026-07-31 18:53:16.319954,255.93,INR,card,failed,authentication_failed,OTP or 3D secure authentication failed.,583,10,5,2,209.02,False,0,10,ecommerce,355.38,True,True,True,RETRY_PAYMENT,255.93
txn_b7d99d525f33,cust_89493ac2,2026-08-23 04:01:16.249632,596.32,INR,upi,failed,temporary_bank_failure,Bank is experiencing intermittent issues.,949,1,2,0,452.5,False,1,23,smb_saas,637.51,True,True,True,WAIT_AND_RETRY,596.32
txn_c070bdc8733d,cust_6b847072,2026-08-12 16:29:16.332954,334.32,USD,netbanking,failed,temporary_bank_failure,Bank is experiencing intermittent issues.,666,7,1,0,371.63,True,3,16,ecommerce,416.0,True,True,True,WAIT_AND_RETRY,334.32
txn_f73bb502ff9f,cust_10e4fb98,2026-08-16 01:06:16.229825,80.42,INR,wallet,failed,insufficient_funds,Customer account has insufficient balance.,852,38,4,1,48.52,True,2,26,smb_saas,106.75,True,True,True,SEND_RECOVERY_MESSAGE,80.42
txn_122cbd8762f7,cust_3efd2c8d,2026-08-12 07:50:16.222629,341.85,INR,wallet,failed,limit_exceeded,Transaction exceeds customer limits.,195,16,0,0,171.79,False,1,11,smb_saas,384.98,True,False,False,CREATE_ESCALATION,0.0
txn_6258a71e6a43,cust_ca3a26a0,2026-07-31 13:02:16.347954,378.65,INR,upi,failed,authentication_failed,OTP or 3D secure authentication failed.,271,4,1,1,198.67,False,0,7,smb_saas,465.1,True,True,True,RETRY_PAYMENT,378.65
txn_a02e40657d3e,cust_e14d481d,2026-08-18 09:27:16.274812,120.29,INR,netbanking,failed,insufficient_funds,Customer account has insufficient balance.,115,11,0,0,130.31,False,3,2,smb_saas,120.8,True,True,True,SEND_RECOVERY_MESSAGE,120.29
txn_1e278a8b9b23,cust_a6155c48,2026-08-14 21:48:16.246043,212.34,INR,netbanking,failed,fraud_suspected,Transaction flagged by risk engine.,152,43,3,3,220.94,False,2,28,smb_saas,226.1,True,False,False,STOP_AUTOMATION,0.0
txn_53ffd1796d69,cust_09cdd41d,2026-08-12 09:12:16.222629,181.83,INR,upi,failed,bank_timeout,Issuing bank did not respond in time.,271,42,0,0,156.34,False,1,0,smb_saas,222.68,True,True,True,WAIT_AND_RETRY,181.83
txn_1a292036e274,cust_163c1616,2026-07-30 20:05:16.252632,721.99,INR,wallet,failed,authentication_failed,OTP or 3D secure authentication failed.,383,46,2,1,1296.23,False,3,29,smb_saas,790.97,True,True,True,RETRY_PAYMENT,721.99
txn_c2a682af4e5b,cust_2aa29df6,2026-08-01 00:28:16.324955,330.11,USD,wallet,failed,fraud_suspected,Transaction flagged by risk engine.,940,25,3,1,303.15,False,3,1,ecommerce,339.04,True,True,False,STOP_AUTOMATION,0.0
txn_971caca07dde,cust_ba9609e2,2026-07-28 23:05:16.318954,535.58,USD,wallet,failed,insufficient_funds,Customer account has insufficient balance.,950,39,3,2,811.21,False,0,30,smb_saas,608.51,True,True,False,CREATE_ESCALATION,0.0
txn_5bd2e5858c5f,cust_b270ec3f,2026-07-31 11:06:16.363096,1520.96,INR,netbanking,failed,limit_exceeded,Transaction exceeds customer limits.,203,12,0,0,1371.23,False,1,18,ecommerce,1590.35,True,True,True,RETRY_PAYMENT,1520.96
txn_e1f4e2a70e83,cust_0c8c6e3b,2026-07-26 07:15:16.320954,1000.0,INR,upi,failed,bank_timeout,Issuing bank did not respond in time.,106,28,0,0,1838.08,False,2,17,enterprise,1032.51,True,True,True,WAIT_AND_RETRY,1000.0
txn_9b939182a5c0,cust_2b7f5601,2026-07-26 07:34:16.336954,1241.23,USD,netbanking,failed,insufficient_funds,Customer account has insufficient balance.,635,22,0,0,2088.46,False,1,11,ecommerce,1324.22,True,True,False,CREATE_ESCALATION,0.0
txn_d4a2fd24a37c,cust_18358246,2026-08-02 12:26:16.240825,337.28,INR,netbanking,failed,insufficient_funds,Customer account has insufficient balance.,122,18,2,1,390.7,False,2,30,smb_saas,429.05,True,False,False,CREATE_ESCALATION,0.0
txn_8a67a336d6c3,cust_e770f94b,2026-08-24 02:17:16.322954,5000.0,INR,netbanking,failed,insufficient_funds,Customer account has insufficient balance.,253,42,4,2,7827.35,True,2,18,high_value,5068.24,True,True,False,CREATE_ESCALATION,0.0
txn_d3c505a7ff35,cust_3f524887,2026-07-27 20:26:16.348954,4843.61,INR,upi,failed,insufficient_funds,Customer account has insufficient balance.,118,27,4,4,3877.17,False,1,8,mid_market,4855.52,True,True,False,CREATE_ESCALATION,0.0
txn_57e60a67bac6,cust_89802c0b,2026-08-04 22:28:16.351955,5000.0,INR,card,failed,bank_timeout,Issuing bank did not respond in time.,955,18,0,0,9096.55,True,3,6,high_value,5032.66,True,True,True,WAIT_AND_RETRY,5000.0
txn_b4a2b2ec6e52,cust_c2a2179c,2026-08-21 07:21:16.366097,1270.41,INR,netbanking,failed,insufficient_funds,Customer account has insufficient balance.,504,30,4,4,1135.18,False,2,20,ecommerce,1346.64,True,True,False,CREATE_ESCALATION,0.0
txn_57ac1a7016f5,cust_acd410dd,2026-08-19 00:27:16.358096,67.04,INR,netbanking,failed,bank_timeout,Issuing bank did not respond in time.,595,1,0,0,132.68,True,1,29,ecommerce,119.48,True,True,True,WAIT_AND_RETRY,67.04
txn_bdbda42237d1,cust_00a74087,2026-08-24 08:36:16.333954,462.51,INR,netbanking,failed,temporary_bank_failure,Bank is experiencing intermittent issues.,604,6,5,5,598.54,False,0,7,ecommerce,555.61,True,True,True,WAIT_AND_RETRY,462.51
txn_7015e291a8a4,cust_bd7edaa1,2026-08-19 17:42:16.224629,14368.2,INR,netbanking,failed,authentication_failed,OTP or 3D secure authentication failed.,792,43,2,0,13687.82,True,1,13,high_value,14398.25,True,True,False,CREATE_ESCALATION,0.0
txn_266b36db6576,cust_9f7cb6db,2026-07-26 12:22:16.298954,1696.43,INR,wallet,failed,authentication_failed,OTP or 3D secure authentication failed.,174,3,4,4,2725.81,False,1,27,mid_market,1708.3,True,True,True,RETRY_PAYMENT,1696.43
txn_5dd3efe8ae68,cust_d337c0c7,2026-08-14 08:48:16.249632,1628.73,INR,netbanking,failed,temporary_bank_failure,Bank is experiencing intermittent issues.,933,7,0,0,3221.76,True,0,28,mid_market,1632.67,True,True,True,WAIT_AND_RETRY,1628.73
txn_c3b08381510e,cust_5f6c2085,2026-08-18 00:05:16.367097,1456.53,INR,card,failed,insufficient_funds,Customer account has insufficient balance.,456,7,4,3,2255.0,True,2,23,mid_market,1554.76,True,True,False,CREATE_ESCALATION,0.0
txn_edc35117a438,cust_4c663346,2026-08-20 02:26:16.233825,85.54,INR,wallet,failed,insufficient_funds,Customer account has insufficient balance.,120,20,0,0,106.82,False,2,23,smb_saas,121.6,True,True,False,CREATE_ESCALATION,0.0
txn_39df145fa258,cust_f1d21d81,2026-08-23 15:10:16.324955,114.76,INR,card,failed,fraud_suspected,Transaction flagged by risk engine.,810,40,4,1,193.44,True,3,6,smb_saas,116.48,True,True,True,RETRY_PAYMENT,114.76
txn_cc1fc9aa9901,cust_f910a339,2026-07-29 04:51:16.363096,3122.78,USD,wallet,failed,authentication_failed,OTP or 3D secure authentication failed.,457,44,3,2,2802.53,False,0,2,enterprise,3174.35,True,True,False,CREATE_ESCALATION,0.0
txn_93300f4ccac9,cust_901bf437,2026-08-12 02:51:16.275813,68.32,USD,wallet,failed,limit_exceeded,Transaction exceeds customer limits.,118,23,0,0,43.79,True,0,10,smb_saas,99.11,True,False,True,RETRY_PAYMENT,68.32
txn_7311141cbcf5,cust_816214a4,2026-08-13 09:05:16.348954,355.26,INR,wallet,failed,limit_exceeded,Transaction exceeds customer limits.,534,9,5,4,419.25,False,1,29,smb_saas,423.63,True,True,False,CREATE_ESCALATION,0.0
txn_848e38daaa79,cust_642bb0bc,2026-08-19 00:24:16.313954,1840.75,INR,upi,failed,authentication_failed,OTP or 3D secure authentication failed.,162,33,5,4,3193.17,False,1,28,ecommerce,1932.57,True,True,True,RETRY_PAYMENT,1840.75
txn_5008cf846cff,cust_45f91a06,2026-08-02 23:40:16.278812,5660.1,INR,netbanking,failed,temporary_bank_failure,Bank is experiencing intermittent issues.,961,9,3,2,4148.52,False,3,2,mid_market,5738.74,True,True,False,CREATE_ESCALATION,0.0
txn_2cd3dbeb43e0,cust_b847df24,2026-08-04 14:36:16.314954,5337.77,INR,card,failed,bank_timeout,Issuing bank did not respond in time.,393,14,4,1,6015.25,False,2,25,enterprise,5396.04,True,True,True,WAIT_AND_RETRY,5337.77
txn_5dcbc30b16fd,cust_cc3035e5,2026-07-26 21:08:16.291365,10624.08,INR,wallet,failed,bank_timeout,Issuing bank did not respond in time.,302,41,2,0,8943.9,False,1,18,high_value,10694.3,True,True,True,WAIT_AND_RETRY,10624.08
txn_2d28fe0802e5,cust_c0be9c5e,2026-08-14 21:13:16.243446,6551.38,INR,wallet,failed,bank_timeout,Issuing bank did not respond in time.,873,36,1,0,5430.88,True,1,7,high_value,6617.3,True,True,True,WAIT_AND_RETRY,6551.38
txn_78bf0a3e365b,cust_c76bcbe8,2026-08-12 08:43:16.337954,83.18,INR,wallet,failed,bank_timeout,Issuing bank did not respond in time.,566,19,2,1,65.83,False,2,9,ecommerce,157.5,True,True,True,WAIT_AND_RETRY,83.18
txn_0eddcc56bbb8,cust_4c61a8b8,2026-08-13 13:06:16.268812,240.82,INR,netbanking,failed,insufficient_funds,Customer account has insufficient balance.,232,4,0,0,371.63,False,3,20,smb_saas,299.54,True,True,True,SEND_RECOVERY_MESSAGE,240.82
txn_da9d9546eba9,cust_63b87152,2026-08-24 20:30:16.285813,12.61,INR,card,failed,insufficient_funds,Customer account has insufficient balance.,927,41,4,3,15.51,False,2,8,smb_saas,62.56,True,True,True,SEND_RECOVERY_MESSAGE,12.61
txn_ec66b4852d7d,cust_0a44ee3a,2026-07-29 06:15:16.283812,514.35,INR,card,failed,temporary_bank_failure,Bank is experiencing intermittent issues.,370,17,2,1,471.82,False,1,10,smb_saas,568.23,True,True,False,CREATE_ESCALATION,0.0
txn_f19f70f055b9,cust_33f6a093,2026-08-07 00:09:16.367097,685.03,USD,netbanking,failed,authentication_failed,OTP or 3D secure authentication failed.,593,20,0,0,352.32,False,3,19,smb_saas,765.7,True,True,True,RETRY_PAYMENT,685.03
txn_52d42679d54d,cust_51634145,2026-08-07 19:36:16.261223,876.82,USD,netbanking,failed,insufficient_funds,Customer account has insufficient balance.,157,33,4,4,1002.84,False,0,12,ecommerce,909.98,True,True,True,SEND_RECOVERY_MESSAGE,876.82
txn_26b638b3c02f,cust_8040a928,2026-08-05 05:40:16.351955,529.1,INR,card,failed,authentication_failed,OTP or 3D secure authentication failed.,223,23,5,5,635.28,False,0,6,ecommerce,576.09,True,True,False,CREATE_ESCALATION,0.0
txn_518fde712c6f,cust_3e40758f,2026-08-17 18:12:16.275813,8991.61,INR,upi,failed,insufficient_funds,Customer account has insufficient balance.,191,40,0,0,12943.42,False,0,27,mid_market,9062.93,True,True,True,SEND_RECOVERY_MESSAGE,8991.61
txn_d9d9aa5db73c,cust_9b698340,2026-08-20 11:37:16.301954,9545.58,INR,wallet,failed,temporary_bank_failure,Bank is experiencing intermittent issues.,215,14,2,0,6161.25,True,2,29,enterprise,9598.52,True,False,True,WAIT_AND_RETRY,9545.58
txn_d62aa2d30190,cust_6c9997fa,2026-07-28 17:06:16.253632,299.24,INR,card,failed,fraud_suspected,Transaction flagged by risk engine.,955,14,4,1,307.85,False,2,22,smb_saas,334.74,True,True,False,STOP_AUTOMATION,0.0
txn_59a2d8d4cb40,cust_b6bcb6b3,2026-08-23 00:42:16.228825,971.43,USD,netbanking,failed,insufficient_funds,Customer account has insufficient balance.,765,43,1,1,1559.79,True,1,27,ecommerce,997.97,True,True,False,CREATE_ESCALATION,0.0
txn_3297ac230e0a,cust_b6f4450f,2026-08-11 17:39:16.257223,1455.88,INR,netbanking,failed,insufficient_funds,Customer account has insufficient balance.,163,27,0,0,1254.76,False,2,4,ecommerce,1540.39,True,True,False,CREATE_ESCALATION,0.0
txn_7e8c82a518a3,cust_a4207460,2026-08-08 14:52:16.328954,96.23,INR,card,failed,authentication_failed,OTP or 3D secure authentication failed.,267,26,3,3,99.7,False,2,1,smb_saas,124.58,True,True,False,CREATE_ESCALATION,0.0
txn_ca8c8fe39277,cust_629a47b4,2026-08-16 07:59:16.268812,143.85,INR,netbanking,failed,limit_exceeded,Transaction exceeds customer limits.,135,20,1,0,275.05,False,0,18,smb_saas,152.96,True,True,False,CREATE_ESCALATION,0.0
txn_9aafa17b540f,cust_0fee2c91,2026-08-03 15:26:16.254632,288.97,INR,netbanking,failed,insufficient_funds,Customer account has insufficient balance.,610,2,3,3,263.36,False,3,17,smb_saas,379.21,True,True,False,CREATE_ESCALATION,0.0
txn_1a1c0623d738,cust_dcb03af7,2026-08-06 14:26:16.334955,1179.92,INR,upi,failed,limit_exceeded,Transaction exceeds customer limits.,188,40,1,0,1922.49,False,3,14,ecommerce,1223.87,True,True,False,CREATE_ESCALATION,0.0
txn_01ba260ddd2a,cust_3fb29023,2026-08-09 04:29:16.340954,445.68,INR,wallet,failed,insufficient_funds,Customer account has insufficient balance.,456,9,5,3,735.96,False,1,5,ecommerce,529.11,True,True,True,SEND_RECOVERY_MESSAGE,445.68
txn_c121413fbd5f,cust_ae7cc885,2026-08-09 19:57:16.237825,430.19,USD,upi,failed,insufficient_funds,Customer account has insufficient balance.,563,31,4,4,532.96,False,1,12,ecommerce,438.55,True,True,False,CREATE_ESCALATION,0.0
txn_47adbb01cef6,cust_3741b5ed,2026-08-01 08:59:16.238825,1656.99,INR,upi,failed,insufficient_funds,Customer account has insufficient balance.,373,24,3,1,2767.23,True,2,13,mid_market,1673.41,True,True,False,CREATE_ESCALATION,0.0
txn_48914a109040,cust_9b88e455,2026-07-26 18:01:16.293365,439.69,USD,card,failed,fraud_suspected,Transaction flagged by risk engine.,688,8,2,1,845.09,False,1,17,mid_market,492.38,True,True,True,RETRY_PAYMENT,439.69
txn_2b0edc873039,cust_837bb891,2026-08-24 11:37:16.299954,63.62,USD,card,failed,insufficient_funds,Customer account has insufficient balance.,484,18,3,1,79.41,False,1,20,ecommerce,78.01,True,True,False,CREATE_ESCALATION,0.0
txn_62c0dc7a5c72,cust_74ec5e17,2026-08-07 19:05:16.324955,3650.76,INR,card,failed,insufficient_funds,Customer account has insufficient balance.,932,2,3,3,1943.0,False,0,22,mid_market,3733.93,True,True,False,CREATE_ESCALATION,0.0
txn_4eafba604c1c,cust_7b9f57b8,2026-08-04 04:15:16.340954,1641.26,INR,card,failed,temporary_bank_failure,Bank is experiencing intermittent issues.,136,29,2,2,2173.35,False,1,14,mid_market,1645.55,True,True,True,WAIT_AND_RETRY,1641.26
txn_f2e1d73ed992,cust_4af3930e,2026-08-08 08:36:16.240825,197.84,INR,wallet,failed,insufficient_funds,Customer account has insufficient balance.,56,17,3,1,199.77,False,2,14,smb_saas,238.82,True,True,True,SEND_RECOVERY_MESSAGE,197.84
txn_3cc117bd47fb,cust_c18b1292,2026-08-12 15:16:16.351955,888.02,INR,netbanking,failed,insufficient_funds,Customer account has insufficient balance.,936,9,1,0,585.1,False,0,23,ecommerce,899.04,True,True,True,SEND_RECOVERY_MESSAGE,888.02
txn_8d471cc9465a,cust_71e8ffa2,2026-08-20 10:13:16.302954,618.23,USD,upi,failed,temporary_bank_failure,Bank is experiencing intermittent issues.,854,16,5,4,355.85,False,2,19,smb_saas,701.94,True,True,False,CREATE_ESCALATION,0.0
txn_2fb47c9e2b5a,cust_5c60d7c0,2026-08-02 17:28:16.351955,8037.62,INR,netbanking,failed,fraud_suspected,Transaction flagged by risk engine.,503,49,1,0,10331.59,False,2,16,enterprise,8094.71,True,True,False,STOP_AUTOMATION,0.0
txn_b1d729e71dd9,cust_cc0fa884,2026-08-22 05:47:16.230826,2276.74,USD,netbanking,failed,authentication_failed,OTP or 3D secure authentication failed.,411,37,3,1,3258.73,False,3,12,mid_market,2283.35,True,True,False,CREATE_ESCALATION,0.0
txn_ce5f92a5b6f8,cust_6c08243a,2026-07-27 12:31:16.300954,306.02,INR,upi,failed,insufficient_funds,Customer account has insufficient balance.,428,18,4,2,402.45,False,3,13,ecommerce,347.79,True,True,False,CREATE_ESCALATION,0.0
txn_04644a6b506f,cust_0dd95ff7,2026-08-02 21:05:16.321954,13163.05,INR,wallet,failed,insufficient_funds,Customer account has insufficient balance.,888,16,3,3,20905.85,False,2,30,high_value,13249.05,True,True,False,CREATE_ESCALATION,0.0
txn_66c646b74014,cust_ceb5cbf9,2026-08-22 20:55:16.274812,157.43,INR,upi,failed,bank_timeout,Issuing bank did not respond in time.,400,35,2,2,123.48,False,1,12,ecommerce,170.27,True,True,True,WAIT_AND_RETRY,157.43
txn_48d351d49676,cust_1f5b30db,2026-08-07 02:33:16.287327,201.53,INR,netbanking,failed,bank_timeout,Issuing bank did not respond in time.,595,26,2,0,135.69,True,3,0,smb_saas,210.59,True,True,True,WAIT_AND_RETRY,201.53
txn_22483718e1f7,cust_ef6a66f3,2026-07-29 06:47:16.356096,1268.74,USD,card,failed,bank_timeout,Issuing bank did not respond in time.,206,49,3,0,997.29,True,1,22,ecommerce,1279.62,True,False,True,WAIT_AND_RETRY,1268.74
txn_a88f8e2d1656,cust_dcf51be3,2026-07-28 23:30:16.233825,424.48,INR,wallet,failed,authentication_failed,OTP or 3D secure authentication failed.,253,17,1,1,514.82,False,2,0,ecommerce,489.02,True,False,True,RETRY_PAYMENT,424.48
txn_9b2921a26491,cust_26e75dd3,2026-08-06 05:31:16.345955,3868.55,INR,card,failed,bank_timeout,Issuing bank did not respond in time.,291,30,0,0,5935.08,False,0,13,mid_market,3921.17,True,True,True,WAIT_AND_RETRY,3868.55
txn_d0360eef2497,cust_8f554c68,2026-08-13 09:28:16.298954,536.5,INR,upi,failed,insufficient_funds,Customer account has insufficient balance.,9,14,2,0,463.86,False,1,26,ecommerce,609.78,True,True,True,SEND_RECOVERY_MESSAGE,536.5
txn_cc7894efdc6b,cust_d745f8fc,2026-08-11 01:34:16.364096,634.38,INR,wallet,failed,insufficient_funds,Customer account has insufficient balance.,582,33,1,1,609.6,False,3,16,ecommerce,703.29,True,True,False,CREATE_ESCALATION,0.0
txn_b10d15e8beda,cust_2fb99d25,2026-08-03 21:32:16.238825,85.02,INR,card,failed,insufficient_funds,Customer account has insufficient balance.,687,13,3,3,66.48,True,1,26,smb_saas,144.07,True,True,False,CREATE_ESCALATION,0.0
txn_7da53298ba54,cust_51ffc232,2026-08-25 15:45:16.354544,1644.97,INR,netbanking,failed,authentication_failed,OTP or 3D secure authentication failed.,952,32,3,0,1542.81,False,0,4,enterprise,1709.23,True,True,False,CREATE_ESCALATION,0.0
txn_583f0d7e49d6,cust_7ba6a634,2026-08-09 09:48:16.246043,287.17,INR,card,failed,bank_timeout,Issuing bank did not respond in time.,796,9,5,0,302.76,False,3,20,smb_saas,367.85,True,False,True,WAIT_AND_RETRY,287.17
txn_f9bbe272a299,cust_4868af5f,2026-08-13 22:40:16.276813,6517.05,USD,netbanking,failed,insufficient_funds,Customer account has insufficient balance.,241,23,3,3,10607.08,True,1,24,mid_market,6520.66,True,True,True,SEND_RECOVERY_MESSAGE,6517.05
txn_a623fc09774a,cust_c478291e,2026-08-25 19:04:16.342954,363.21,INR,wallet,failed,temporary_bank_failure,Bank is experiencing intermittent issues.,874,11,2,2,696.23,False,1,3,smb_saas,369.73,True,True,True,WAIT_AND_RETRY,363.21
txn_629b02eb28d5,cust_7824131f,2026-07-31 18:26:16.363096,105.42,INR,card,failed,temporary_bank_failure,Bank is experiencing intermittent issues.,599,32,2,1,80.54,False,3,13,smb_saas,114.19,True,True,True,WAIT_AND_RETRY,105.42
txn_449c91d74ea1,cust_c62e5894,2026-07-26 03:00:16.294364,2772.02,USD,upi,failed,insufficient_funds,Customer account has insufficient balance.,650,27,2,2,5100.01,False,3,23,mid_market,2778.37,True,True,False,CREATE_ESCALATION,0.0
txn_ad0ea2092a68,cust_dca497c0,2026-08-05 06:42:16.329954,5157.07,INR,upi,failed,insufficient_funds,Customer account has insufficient balance.,457,21,3,0,6437.83,False,2,16,enterprise,5178.48,True,True,False,CREATE_ESCALATION,0.0
txn_7517612461f8,cust_66fdd34e,2026-08-04 21:35:16.328954,188.79,INR,wallet,failed,authentication_failed,OTP or 3D secure authentication failed.,131,14,0,0,289.97,True,2,4,ecommerce,231.35,True,True,True,RETRY_PAYMENT,188.79
txn_48333e0c53b3,cust_73f57ae9,2026-08-11 03:52:16.254632,33.75,INR,wallet,failed,bank_timeout,Issuing bank did not respond in time.,859,45,2,0,45.48,True,2,24,smb_saas,57.77,True,True,True,WAIT_AND_RETRY,33.75
txn_be1fa7c250ff,cust_f3754c85,2026-07-26 01:51:16.361096,1580.98,INR,wallet,failed,insufficient_funds,Customer account has insufficient balance.,991,26,2,0,1087.56,False,0,10,ecommerce,1639.99,True,True,True,SEND_RECOVERY_MESSAGE,1580.98
txn_a2fc2efcd2ca,cust_38eccf1e,2026-08-06 14:44:16.249632,1249.35,USD,card,failed,insufficient_funds,Customer account has insufficient balance.,9,5,4,1,1403.09,False,1,22,ecommerce,1304.62,True,True,False,CREATE_ESCALATION,0.0
txn_b6aec2af6196,cust_1777b511,2026-08-25 18:37:16.259223,209.24,INR,wallet,failed,temporary_bank_failure,Bank is experiencing intermittent issues.,151,39,5,5,400.87,False,2,23,smb_saas,274.45,True,True,True,WAIT_AND_RETRY,209.24
txn_d509c048bdc1,cust_6d9b1e40,2026-08-09 17:21:16.246043,42.47,INR,upi,failed,insufficient_funds,Customer account has insufficient balance.,482,27,1,0,22.33,False,0,2,smb_saas,119.75,True,True,False,CREATE_ESCALATION,0.0
txn_73bd606d812a,cust_4086053e,2026-08-25 14:50:16.278812,1611.96,USD,netbanking,failed,insufficient_funds,Customer account has insufficient balance.,573,42,2,0,939.38,False,2,21,mid_market,1676.85,True,True,False,CREATE_ESCALATION,0.0
txn_7ee4097a91c2,cust_e2dd4ad8,2026-08-08 02:04:16.273812,319.44,INR,card,failed,insufficient_funds,Customer account has insufficient balance.,662,31,4,0,288.8,True,0,18,smb_saas,371.82,True,True,False,CREATE_ESCALATION,0.0
txn_2ba46f5f915d,cust_25ddfe33,2026-08-23 07:35:16.254632,156.08,INR,wallet,failed,insufficient_funds,Customer account has insufficient balance.,701,4,2,0,106.66,False,3,10,ecommerce,239.25,True,True,True,SEND_RECOVERY_MESSAGE,156.08
txn_e986bfa7e1c7,cust_30069fc0,2026-08-10 11:09:16.312954,5073.47,INR,card,failed,fraud_suspected,Transaction flagged by risk engine.,150,20,4,4,5779.24,True,1,8,mid_market,5149.48,True,True,False,STOP_AUTOMATION,0.0
txn_5a6f0f151a4b,cust_5ded0cbe,2026-08-02 09:32:16.254632,1963.43,INR,netbanking,failed,bank_timeout,Issuing bank did not respond in time.,585,29,1,1,1834.0,False,1,1,mid_market,1996.77,True,True,True,WAIT_AND_RETRY,1963.43
txn_554c278914a1,cust_13d1286b,2026-08-16 00:14:16.277813,301.15,INR,upi,failed,temporary_bank_failure,Bank is experiencing intermittent issues.,287,12,5,2,450.65,True,1,9,ecommerce,331.69,True,True,True,WAIT_AND_RETRY,301.15
txn_d66cd838c898,cust_e822022f,2026-07-29 03:14:16.345955,189.33,INR,upi,failed,authentication_failed,OTP or 3D secure authentication failed.,763,11,4,3,295.62,False,3,26,ecommerce,276.24,True,True,True,RETRY_PAYMENT,189.33
txn_c2cbd7ecba94,cust_0ac1dad8,2026-08-02 18:27:16.320954,551.25,INR,upi,failed,limit_exceeded,Transaction exceeds customer limits.,787,37,4,0,431.26,False,2,30,ecommerce,558.06,True,True,False,CREATE_ESCALATION,0.0
txn_634375b188df,cust_5c07de54,2026-08-21 10:02:16.322954,332.02,INR,netbanking,failed,insufficient_funds,Customer account has insufficient balance.,353,27,4,3,308.14,False,3,23,smb_saas,344.36,True,False,True,SEND_RECOVERY_MESSAGE,332.02
txn_c733cfb395ed,cust_1ea279c3,2026-07-26 21:31:16.333954,3125.64,INR,wallet,failed,insufficient_funds,Customer account has insufficient balance.,384,3,3,1,3448.7,False,2,6,mid_market,3182.03,True,True,False,CREATE_ESCALATION,0.0
txn_f16d7e62a39f,cust_dac62fb2,2026-07-28 04:46:16.241825,754.56,INR,netbanking,failed,bank_timeout,Issuing bank did not respond in time.,219,39,4,1,810.16,True,0,6,smb_saas,798.77,True,True,True,WAIT_AND_RETRY,754.56
txn_321c091c02cc,cust_c962b5cb,2026-08-11 04:40:16.251632,443.06,USD,upi,failed,authentication_failed,OTP or 3D secure authentication failed.,32,12,4,4,473.75,True,0,28,ecommerce,490.53,True,True,False,CREATE_ESCALATION,0.0
txn_89785e0fa069,cust_263cb61c,2026-08-02 23:51:16.234825,2819.5,INR,card,failed,authentication_failed,OTP or 3D secure authentication failed.,957,1,2,1,2173.16,True,2,12,mid_market,2845.22,True,True,True,RETRY_PAYMENT,2819.5
txn_92fdcafd26e7,cust_0f18f6c3,2026-08-13 20:27:16.355058,565.96,USD,netbanking,failed,bank_timeout,Issuing bank did not respond in time.,951,49,3,2,599.23,True,0,4,mid_market,629.51,True,True,True,WAIT_AND_RETRY,565.96
txn_5c8e793f3b00,cust_d68af1cb,2026-07-29 11:22:16.288365,640.27,USD,netbanking,failed,fraud_suspected,Transaction flagged by risk engine.,956,45,4,1,1070.35,False,2,18,ecommerce,649.5,True,True,False,STOP_AUTOMATION,0.0
txn_eae34bb6f26e,cust_99e1f4ed,2026-08-23 20:51:16.230826,180.13,INR,card,failed,authentication_failed,OTP or 3D secure authentication failed.,183,10,5,2,255.18,False,1,30,ecommerce,225.66,True,True,False,CREATE_ESCALATION,0.0
txn_1c4a4c8d11ec,cust_5725f32b,2026-08-18 21:01:16.272812,401.9,INR,card,failed,insufficient_funds,Customer account has insufficient balance.,911,44,3,0,776.13,False,3,27,ecommerce,479.05,True,True,False,CREATE_ESCALATION,0.0
txn_5c840c5f71e3,cust_6ae734c9,2026-08-04 23:53:16.323954,434.41,INR,wallet,failed,authentication_failed,OTP or 3D secure authentication failed.,429,17,3,3,540.43,False,3,25,ecommerce,459.97,True,True,True,RETRY_PAYMENT,434.41
txn_d46c3455efb7,cust_f6a9369f,2026-08-17 12:37:16.246043,1356.25,USD,netbanking,failed,insufficient_funds,Customer account has insufficient balance.,520,39,3,3,1912.08,False,0,19,ecommerce,1439.94,True,True,True,SEND_RECOVERY_MESSAGE,1356.25
txn_871871289f85,cust_8ed35d52,2026-08-02 07:47:16.284812,2553.76,INR,wallet,failed,limit_exceeded,Transaction exceeds customer limits.,274,39,4,4,4277.88,True,2,19,enterprise,2561.25,True,True,True,RETRY_PAYMENT,2553.76
txn_c99ca844c338,cust_04e2a54a,2026-08-02 13:23:16.235826,869.52,USD,wallet,failed,bank_timeout,Issuing bank did not respond in time.,640,6,5,1,538.85,True,0,8,smb_saas,875.95,True,True,True,WAIT_AND_RETRY,869.52
txn_bd5746620649,cust_4116a438,2026-08-22 03:00:16.278812,73.79,USD,upi,failed,limit_exceeded,Transaction exceeds customer limits.,926,18,0,0,123.68,False,3,14,smb_saas,99.43,True,True,False,CREATE_ESCALATION,0.0
txn_8a7c964cf97d,cust_f6478276,2026-08-08 15:44:16.312954,5731.29,INR,upi,failed,bank_timeout,Issuing bank did not respond in time.,475,26,0,0,10184.11,False,3,16,mid_market,5817.26,True,True,True,WAIT_AND_RETRY,5731.29
txn_fd81e46c715e,cust_814190e0,2026-08-02 09:13:16.358096,194.94,INR,card,failed,insufficient_funds,Customer account has insufficient balance.,540,13,4,0,217.43,False,2,26,smb_saas,198.87,True,True,False,CREATE_ESCALATION,0.0
txn_e06430dfc9f1,cust_702c4c8a,2026-08-11 10:19:16.297955,93.15,INR,upi,failed,authentication_failed,OTP or 3D secure authentication failed.,365,41,3,2,71.84,True,3,15,smb_saas,129.34,True,True,True,RETRY_PAYMENT,93.15
txn_83ffb5fe4249,cust_02792cc4,2026-08-21 13:53:16.261223,70.56,INR,wallet,failed,authentication_failed,OTP or 3D secure authentication failed.,38,6,2,0,62.39,False,1,0,smb_saas,80.1,True,True,True,RETRY_PAYMENT,70.56
txn_ad4970a3f1ef,cust_98233351,2026-08-21 22:24:16.302954,553.34,USD,netbanking,failed,insufficient_funds,Customer account has insufficient balance.,59,13,3,3,549.0,False,3,18,smb_saas,631.41,True,True,False,CREATE_ESCALATION,0.0
txn_abfbacc04699,cust_c9d9d5d5,2026-08-07 03:33:16.240825,5000.0,USD,wallet,failed,insufficient_funds,Customer account has insufficient balance.,343,48,0,0,4031.75,False,2,29,high_value,5075.73,True,False,True,SEND_RECOVERY_MESSAGE,5000.0
txn_ca2f4b4ca01f,cust_795ff9b0,2026-08-05 06:46:16.258223,46.49,USD,card,failed,insufficient_funds,Customer account has insufficient balance.,667,16,4,1,86.09,False,0,10,smb_saas,46.64,True,False,False,CREATE_ESCALATION,0.0
txn_d81e4ee701cf,cust_abb09816,2026-08-16 10:51:16.357097,626.8,INR,card,failed,insufficient_funds,Customer account has insufficient balance.,149,46,1,0,461.12,False,0,29,smb_saas,627.18,True,False,False,CREATE_ESCALATION,0.0
txn_4894d6858430,cust_24f5d5e6,2026-08-08 11:23:16.260223,10803.37,USD,upi,failed,insufficient_funds,Customer account has insufficient balance.,123,3,4,0,14702.25,True,0,12,enterprise,10843.45,True,True,False,CREATE_ESCALATION,0.0
txn_986cd6e66bfa,cust_39c86a06,2026-08-07 03:46:16.327954,426.06,INR,netbanking,failed,fraud_suspected,Transaction flagged by risk engine.,562,18,1,0,404.47,False,2,29,ecommerce,487.73,True,True,False,STOP_AUTOMATION,0.0
txn_13bfc3d3c38c,cust_2ae4fd7e,2026-08-14 08:15:16.267812,2468.33,USD,wallet,failed,authentication_failed,OTP or 3D secure authentication failed.,29,43,1,0,2080.87,False,1,5,ecommerce,2480.56,True,True,False,CREATE_ESCALATION,0.0
txn_e9b6c4560a8a,cust_ff796d47,2026-08-25 17:19:16.351955,537.37,INR,card,failed,temporary_bank_failure,Bank is experiencing intermittent issues.,623,3,3,1,757.45,False,1,0,smb_saas,574.4,True,True,False,CREATE_ESCALATION,0.0
txn_a03ed8c09a38,cust_6f35ea30,2026-08-25 01:51:16.327954,1566.44,INR,card,failed,authentication_failed,OTP or 3D secure authentication failed.,131,5,2,1,3107.89,False,2,22,mid_market,1594.05,True,True,False,CREATE_ESCALATION,0.0
txn_44541776a92e,cust_316fa7c9,2026-08-08 02:18:16.269812,4062.25,INR,wallet,failed,insufficient_funds,Customer account has insufficient balance.,911,19,1,0,5742.92,False,2,30,mid_market,4132.5,True,False,False,CREATE_ESCALATION,0.0
txn_f4af3277dedb,cust_cacb5bd6,2026-07-28 03:21:16.315955,684.03,USD,netbanking,failed,bank_timeout,Issuing bank did not respond in time.,566,46,4,1,662.2,False,3,9,ecommerce,759.31,True,True,False,CREATE_ESCALATION,0.0
txn_c0ba59b74bd6,cust_8caf8c1c,2026-07-28 23:45:16.293365,239.5,INR,wallet,failed,authentication_failed,OTP or 3D secure authentication failed.,258,41,1,1,265.13,False,1,15,ecommerce,313.63,True,True,True,RETRY_PAYMENT,239.5
txn_0153c0fa50d8,cust_7eae0029,2026-08-17 00:01:16.342954,394.87,INR,upi,failed,bank_timeout,Issuing bank did not respond in time.,308,3,5,4,494.65,False,3,12,smb_saas,402.25,True,True,True,WAIT_AND_RETRY,394.87
txn_bd4306e3852a,cust_de3408d1,2026-08-18 11:35:16.336954,104.83,INR,upi,failed,authentication_failed,OTP or 3D secure authentication failed.,781,23,3,0,79.99,False,0,19,smb_saas,165.77,True,True,True,RETRY_PAYMENT,104.83
txn_44dcd926dc8c,cust_dc55fbb2,2026-08-25 16:00:16.258223,2249.1,INR,wallet,failed,insufficient_funds,Customer account has insufficient balance.,905,19,3,1,2988.39,True,2,28,ecommerce,2267.13,True,True,False,CREATE_ESCALATION,0.0
txn_988e7cbee62c,cust_ce508d46,2026-08-20 13:16:16.269812,3629.46,INR,netbanking,failed,bank_timeout,Issuing bank did not respond in time.,286,48,1,1,5989.03,False,3,16,enterprise,3640.76,True,False,True,WAIT_AND_RETRY,3629.46
txn_3525ac712eae,cust_ea931fc4,2026-08-20 18:10:16.253632,440.73,INR,card,failed,bank_timeout,Issuing bank did not respond in time.,565,21,0,0,355.73,True,0,1,smb_saas,467.99,True,True,True,WAIT_AND_RETRY,440.73
txn_49d3d9072c34,cust_7012c020,2026-08-19 13:32:16.307955,52.44,INR,wallet,failed,insufficient_funds,Customer account has insufficient balance.,364,50,2,1,74.27,True,1,22,smb_saas,91.13,True,True,False,CREATE_ESCALATION,0.0
txn_e7be005224f2,cust_ba451688,2026-08-07 17:01:16.253632,91.95,INR,card,failed,authentication_failed,OTP or 3D secure authentication failed.,990,32,0,0,142.09,False,3,25,smb_saas,183.77,True,True,False,CREATE_ESCALATION,0.0
txn_f897734a161e,cust_7da6d891,2026-07-29 01:49:16.232825,26982.01,INR,netbanking,failed,insufficient_funds,Customer account has insufficient balance.,439,47,1,0,26737.66,False,1,29,high_value,27039.38,True,True,False,CREATE_ESCALATION,0.0
txn_7de5bf92315d,cust_8c103e01,2026-07-30 20:09:16.326954,6314.38,INR,card,failed,authentication_failed,OTP or 3D secure authentication failed.,655,37,5,0,7681.06,True,3,1,mid_market,6369.29,True,True,True,RETRY_PAYMENT,6314.38
txn_8199ebb27e4e,cust_2d4bfdf1,2026-08-04 18:44:16.230826,2660.18,INR,wallet,failed,bank_timeout,Issuing bank did not respond in time.,383,11,3,3,3220.87,True,1,1,mid_market,2701.04,True,False,False,CREATE_ESCALATION,0.0
txn_e5f1d83acec7,cust_98689fe3,2026-08-18 02:17:16.350954,278.8,INR,wallet,failed,insufficient_funds,Customer account has insufficient balance.,83,14,2,0,372.1,True,2,27,smb_saas,374.98,True,True,True,SEND_RECOVERY_MESSAGE,278.8
txn_9c299564f821,cust_b0568e7b,2026-08-23 09:38:16.323954,106.12,INR,upi,failed,authentication_failed,OTP or 3D secure authentication failed.,362,13,4,3,144.85,True,2,14,smb_saas,205.17,True,True,True,RETRY_PAYMENT,106.12
txn_b55326212c91,cust_98b098ee,2026-08-22 03:24:16.319954,712.47,INR,netbanking,failed,insufficient_funds,Customer account has insufficient balance.,567,27,4,2,1239.85,False,0,21,ecommerce,751.65,True,True,True,SEND_RECOVERY_MESSAGE,712.47
txn_ada32ba9466d,cust_8609e1c5,2026-08-25 19:10:16.310954,737.21,USD,netbanking,failed,insufficient_funds,Customer account has insufficient balance.,523,17,3,0,387.67,False,1,6,smb_saas,833.09,True,True,False,CREATE_ESCALATION,0.0
txn_12b72c4cdfff,cust_a160d921,2026-08-03 00:12:16.298954,20432.94,INR,netbanking,failed,authentication_failed,OTP or 3D secure authentication failed.,209,50,3,0,37832.88,False,0,13,enterprise,20515.39,True,True,False,CREATE_ESCALATION,0.0
txn_3fda2eefefe4,cust_23ca03cf,2026-08-02 12:17:16.317954,195.06,INR,upi,failed,insufficient_funds,Customer account has insufficient balance.,459,44,4,1,314.09,False,2,19,smb_saas,195.74,True,True,True,SEND_RECOVERY_MESSAGE,195.06
txn_201ac6ce9380,cust_689d8445,2026-07-29 13:31:16.257223,18838.22,INR,card,failed,insufficient_funds,Customer account has insufficient balance.,912,17,1,1,17010.09,False,0,13,enterprise,18892.86,True,True,False,CREATE_ESCALATION,0.0
txn_b785581a789d,cust_c0f64e49,2026-08-03 00:54:16.367097,744.09,INR,netbanking,failed,authentication_failed,OTP or 3D secure authentication failed.,674,46,3,0,867.52,False,1,18,ecommerce,818.79,True,True,False,CREATE_ESCALATION,0.0
txn_3c98f1ae7141,cust_5f53e29e,2026-08-23 08:03:16.351955,839.63,USD,upi,failed,insufficient_funds,Customer account has insufficient balance.,349,39,3,0,496.21,False,0,10,smb_saas,871.02,True,True,False,CREATE_ESCALATION,0.0
txn_a3bdc9a83147,cust_d47b8370,2026-08-02 19:53:16.342954,2934.77,USD,netbanking,failed,insufficient_funds,Customer account has insufficient balance.,915,6,4,1,2230.73,False,0,25,mid_market,3014.97,True,False,True,SEND_RECOVERY_MESSAGE,2934.77
txn_3785c49c98c1,cust_819530fe,2026-07-27 10:08:16.340954,442.74,INR,wallet,failed,bank_timeout,Issuing bank did not respond in time.,294,18,3,0,501.78,False,2,0,ecommerce,503.61,True,True,True,WAIT_AND_RETRY,442.74
txn_cbd44816bdde,cust_c281f1a9,2026-08-18 00:50:16.227825,369.65,INR,wallet,failed,insufficient_funds,Customer account has insufficient balance.,511,28,2,0,728.58,False,0,3,ecommerce,409.99,True,True,True,SEND_RECOVERY_MESSAGE,369.65
txn_180ea82bc335,cust_677cf5df,2026-08-02 13:44:16.265766,8166.62,INR,card,failed,bank_timeout,Issuing bank did not respond in time.,779,48,1,1,11102.16,False,3,27,enterprise,8222.55,True,True,True,WAIT_AND_RETRY,8166.62
txn_86a32e792fe0,cust_82897e95,2026-08-07 06:45:16.362097,872.95,INR,card,failed,insufficient_funds,Customer account has insufficient balance.,245,16,4,4,1523.53,False,3,23,ecommerce,886.9,True,True,False,CREATE_ESCALATION,0.0
txn_9cb3e9d51fa4,cust_fcccad2e,2026-08-21 09:42:16.353498,1331.47,INR,card,failed,insufficient_funds,Customer account has insufficient balance.,908,8,5,0,855.68,True,0,23,ecommerce,1409.33,True,True,False,CREATE_ESCALATION,0.0
txn_e216e84e3f63,cust_1edba69b,2026-08-01 23:53:16.252632,18.83,INR,card,failed,authentication_failed,OTP or 3D secure authentication failed.,361,1,2,1,32.22,True,2,18,smb_saas,82.84,True,True,True,RETRY_PAYMENT,18.83
txn_05e68390f7a2,cust_1f03ce65,2026-08-23 22:44:16.291365,8224.3,INR,card,failed,insufficient_funds,Customer account has insufficient balance.,497,40,0,0,14448.33,False,2,7,enterprise,8309.28,True,True,True,SEND_RECOVERY_MESSAGE,8224.3
txn_35a83ea51cd1,cust_898f41d6,2026-08-07 07:45:16.262223,201.99,INR,netbanking,failed,temporary_bank_failure,Bank is experiencing intermittent issues.,254,37,5,4,334.43,False,2,5,ecommerce,240.78,True,True,True,WAIT_AND_RETRY,201.99
txn_6df68a01966c,cust_e5132a86,2026-08-13 21:03:16.246043,1379.3,INR,upi,failed,insufficient_funds,Customer account has insufficient balance.,635,37,3,0,2094.71,False,3,10,mid_market,1414.45,True,True,False,CREATE_ESCALATION,0.0
txn_de78b4333c2a,cust_7aef9e85,2026-08-02 13:23:16.242826,1820.68,INR,wallet,failed,insufficient_funds,Customer account has insufficient balance.,624,17,4,2,1159.84,True,0,28,mid_market,1910.99,True,True,True,SEND_RECOVERY_MESSAGE,1820.68
txn_ad7edd9d4db9,cust_b2c49e12,2026-08-14 16:45:16.344954,1186.12,INR,card,failed,authentication_failed,OTP or 3D secure authentication failed.,309,0,5,1,2170.06,True,2,-1,mid_market,1208.31,True,True,False,CREATE_ESCALATION,0.0
txn_47a5b0a7ad67,cust_e889ffb0,2026-08-23 05:20:16.276813,5595.54,INR,upi,failed,insufficient_funds,Customer account has insufficient balance.,111,45,4,1,3066.92,True,3,21,mid_market,5622.05,True,True,False,CREATE_ESCALATION,0.0
txn_7e9fc1fe4eb8,cust_83e1b30a,2026-08-07 16:18:16.342954,4142.88,INR,wallet,failed,authentication_failed,OTP or 3D secure authentication failed.,372,43,5,0,7430.97,True,0,15,mid_market,4217.25,True,True,True,RETRY_PAYMENT,4142.88
txn_1b50c5ebf433,cust_ff85ab6b,2026-08-06 07:52:16.284812,859.89,USD,card,failed,insufficient_funds,Customer account has insufficient balance.,985,50,1,0,543.36,False,0,21,ecommerce,957.21,True,True,False,CREATE_ESCALATION,0.0
txn_be4b679ea853,cust_ee239172,2026-08-04 17:00:16.240825,4364.78,INR,netbanking,failed,limit_exceeded,Transaction exceeds customer limits.,880,14,3,2,8346.07,False,2,27,enterprise,4430.14,True,True,False,CREATE_ESCALATION,0.0
txn_45e1554bd1cb,cust_ada8ae5e,2026-07-28 23:39:16.334955,8169.76,INR,wallet,failed,limit_exceeded,Transaction exceeds customer limits.,240,39,0,0,5348.92,False,3,24,enterprise,8187.39,True,True,False,CREATE_ESCALATION,0.0
txn_a68a47fab562,cust_5a95867d,2026-08-12 00:47:16.228825,673.29,INR,netbanking,failed,temporary_bank_failure,Bank is experiencing intermittent issues.,592,22,5,3,1079.74,False,0,23,ecommerce,696.27,True,True,False,CREATE_ESCALATION,0.0
txn_b4709f689ee0,cust_6a0223cc,2026-07-31 05:49:16.250632,2275.37,USD,wallet,failed,insufficient_funds,Customer account has insufficient balance.,297,3,0,0,3296.87,False,2,7,mid_market,2367.91,True,True,False,CREATE_ESCALATION,0.0
txn_63c76c1831d3,cust_0c129c45,2026-08-20 17:36:16.299954,100.52,INR,wallet,failed,temporary_bank_failure,Bank is experiencing intermittent issues.,117,43,5,2,188.26,False,2,21,smb_saas,135.64,True,True,True,WAIT_AND_RETRY,100.52
txn_1d620526d0ae,cust_f7e188ea,2026-08-03 18:33:16.230826,381.55,INR,netbanking,failed,insufficient_funds,Customer account has insufficient balance.,310,11,0,0,640.02,False,0,14,smb_saas,432.15,True,True,False,CREATE_ESCALATION,0.0
txn_40727eff40c5,cust_5c622746,2026-07-26 03:52:16.322954,6170.82,INR,wallet,failed,insufficient_funds,Customer account has insufficient balance.,397,23,4,4,11396.3,True,0,30,mid_market,6269.33,True,True,True,SEND_RECOVERY_MESSAGE,6170.82
txn_e7f86235dbb9,cust_4fbae54f,2026-07-25 21:31:16.344954,136.27,INR,upi,failed,insufficient_funds,Customer account has insufficient balance.,417,8,5,2,253.95,False,1,27,smb_saas,154.35,True,True,False,CREATE_ESCALATION,0.0
txn_5943ef497ae6,cust_9b382d58,2026-08-02 04:16:16.320954,242.06,INR,wallet,failed,authentication_failed,OTP or 3D secure authentication failed.,828,45,0,0,428.62,False,0,25,ecommerce,284.77,True,True,True,RETRY_PAYMENT,242.06
txn_0c37c3a2d91c,cust_e8ee863c,2026-08-17 04:36:16.266812,1463.42,INR,card,failed,authentication_failed,OTP or 3D secure authentication failed.,371,20,2,2,2076.79,False,1,20,ecommerce,1546.95,True,True,False,CREATE_ESCALATION,0.0
txn_90e336bb2b59,cust_7b3167a0,2026-08-22 01:48:16.344954,247.72,INR,upi,failed,temporary_bank_failure,Bank is experiencing intermittent issues.,448,37,2,2,444.69,False,2,7,smb_saas,273.75,True,True,True,WAIT_AND_RETRY,247.72
txn_6921c2accdc6,cust_08ef3acc,2026-08-02 04:26:16.240825,599.92,INR,card,failed,authentication_failed,OTP or 3D secure authentication failed.,443,31,2,0,1077.91,False,0,30,mid_market,635.29,True,True,False,CREATE_ESCALATION,0.0
txn_e0f1805656c2,cust_4925544f,2026-07-30 11:00:16.286812,7762.57,INR,netbanking,failed,fraud_suspected,Transaction flagged by risk engine.,379,11,3,2,7187.31,False,1,19,enterprise,7852.86,True,True,False,STOP_AUTOMATION,0.0
txn_6f8b545ba828,cust_d855002e,2026-08-22 22:40:16.249632,1592.92,INR,wallet,failed,insufficient_funds,Customer account has insufficient balance.,154,39,4,3,2005.02,False,1,26,ecommerce,1676.33,True,True,False,CREATE_ESCALATION,0.0
txn_d089d224b155,cust_af0a6eb2,2026-08-04 08:42:16.259223,5000.0,INR,wallet,failed,insufficient_funds,Customer account has insufficient balance.,956,47,0,0,5760.45,False,2,27,high_value,5071.85,True,True,False,CREATE_ESCALATION,0.0
txn_bb4d06aed5db,cust_81600d8d,2026-08-18 08:32:16.347954,1000.0,INR,netbanking,failed,insufficient_funds,Customer account has insufficient balance.,853,45,3,2,1435.47,False,2,20,enterprise,1065.95,True,False,True,SEND_RECOVERY_MESSAGE,1000.0
txn_f800df0f84ef,cust_1255bfad,2026-08-20 19:22:16.325954,3703.14,INR,netbanking,failed,insufficient_funds,Customer account has insufficient balance.,806,45,4,0,3073.26,False,0,0,mid_market,3754.32,True,True,False,CREATE_ESCALATION,0.0
txn_82ab8845e4e3,cust_b5d8b1f6,2026-08-15 21:37:16.343954,1549.74,USD,card,failed,insufficient_funds,Customer account has insufficient balance.,500,37,5,2,1397.86,False,0,2,mid_market,1550.11,True,False,False,CREATE_ESCALATION,0.0
txn_d59ec0b1595f,cust_51c52696,2026-08-18 06:30:16.288365,3319.29,USD,card,failed,limit_exceeded,Transaction exceeds customer limits.,163,47,5,0,4753.55,False,0,27,enterprise,3342.71,True,True,False,CREATE_ESCALATION,0.0
txn_654ce669d0ca,cust_2e046939,2026-08-13 02:19:16.345955,32.33,INR,upi,failed,insufficient_funds,Customer account has insufficient balance.,335,7,0,0,19.92,True,0,27,ecommerce,51.57,True,True,False,CREATE_ESCALATION,0.0
txn_76708fc45001,cust_193fdf5e,2026-08-20 11:00:16.290365,247.88,INR,netbanking,failed,insufficient_funds,Customer account has insufficient balance.,371,7,1,0,450.12,False,0,16,smb_saas,250.33,True,True,False,CREATE_ESCALATION,0.0
txn_e05c67ef68a0,cust_706b885a,2026-08-09 14:03:16.245325,738.25,USD,netbanking,failed,insufficient_funds,Customer account has insufficient balance.,352,48,0,0,812.69,True,3,20,smb_saas,817.22,True,True,False,CREATE_ESCALATION,0.0
txn_53ed7d02fbca,cust_4a0274fb,2026-08-10 11:46:16.336954,168.83,USD,netbanking,failed,temporary_bank_failure,Bank is experiencing intermittent issues.,476,26,0,0,169.06,False,2,18,ecommerce,264.49,True,True,True,WAIT_AND_RETRY,168.83
txn_a33e83d37d8c,cust_70c38745,2026-08-06 02:44:16.259223,1201.74,INR,wallet,failed,insufficient_funds,Customer account has insufficient balance.,431,8,2,2,1363.48,False,2,14,mid_market,1288.11,True,True,False,CREATE_ESCALATION,0.0
txn_d61ee58d6c68,cust_0ae6839d,2026-08-24 17:10:16.247585,217.7,INR,card,failed,bank_timeout,Issuing bank did not respond in time.,735,7,5,0,243.83,False,3,4,smb_saas,232.4,True,True,True,WAIT_AND_RETRY,217.7
txn_ea29ee8260e1,cust_9f55890e,2026-08-22 19:02:16.307955,706.39,INR,card,failed,insufficient_funds,Customer account has insufficient balance.,912,6,5,1,575.34,False,2,3,mid_market,724.28,True,True,False,CREATE_ESCALATION,0.0
txn_8c0c38f27ac4,cust_ea871a0f,2026-07-29 13:52:16.233825,423.94,INR,netbanking,failed,insufficient_funds,Customer account has insufficient balance.,581,7,0,0,703.76,False,3,3,ecommerce,446.39,True,True,False,CREATE_ESCALATION,0.0
txn_889898d41cdd,cust_5db754fd,2026-08-04 09:49:16.223629,829.14,USD,card,failed,authentication_failed,OTP or 3D secure authentication failed.,711,19,0,0,818.0,True,2,11,mid_market,872.21,True,True,True,RETRY_PAYMENT,829.14
txn_aa2e99559a78,cust_29a17d22,2026-08-11 18:14:16.248632,442.95,USD,netbanking,failed,temporary_bank_failure,Bank is experiencing intermittent issues.,383,48,2,0,345.45,False,2,10,smb_saas,497.3,True,True,True,WAIT_AND_RETRY,442.95
txn_d09469731910,cust_2a4f00ff,2026-07-30 09:32:16.274812,6873.99,INR,upi,failed,insufficient_funds,Customer account has insufficient balance.,839,7,0,0,4278.57,False,2,4,enterprise,6933.08,True,True,False,CREATE_ESCALATION,0.0
txn_f909ec433c6f,cust_312ab2fc,2026-08-08 11:00:16.236825,5122.31,USD,netbanking,failed,limit_exceeded,Transaction exceeds customer limits.,460,40,5,0,9559.63,True,3,16,mid_market,5215.44,True,True,True,RETRY_PAYMENT,5122.31
txn_1bcd2a34eac3,cust_dc07db4f,2026-08-24 22:29:16.231825,14276.82,INR,card,failed,bank_timeout,Issuing bank did not respond in time.,123,5,4,1,15189.65,False,1,28,enterprise,14287.9,True,True,True,WAIT_AND_RETRY,14276.82
txn_668ae3fdf538,cust_d4ac9a56,2026-07-29 00:00:16.321954,523.92,INR,upi,failed,limit_exceeded,Transaction exceeds customer limits.,198,5,4,1,319.97,True,0,22,ecommerce,528.61,True,True,False,CREATE_ESCALATION,0.0
txn_e3d60bc7aaf7,cust_8e5bcaa9,2026-08-19 10:54:16.281813,11492.98,USD,upi,failed,authentication_failed,OTP or 3D secure authentication failed.,819,33,4,3,8883.17,True,2,14,high_value,11496.2,True,True,False,CREATE_ESCALATION,0.0
txn_bc237763cd8c,cust_b877cb81,2026-08-20 16:05:16.312954,244.85,INR,card,failed,limit_exceeded,Transaction exceeds customer limits.,80,30,4,0,340.18,False,2,20,smb_saas,281.42,True,True,False,CREATE_ESCALATION,0.0
txn_e850ea235ba7,cust_ec2f37c9,2026-07-27 09:04:16.326954,10823.67,INR,wallet,failed,insufficient_funds,Customer account has insufficient balance.,867,19,3,2,14409.94,False,3,0,enterprise,10920.22,True,True,False,CREATE_ESCALATION,0.0
txn_3ecdf2de1ab8,cust_f3c0507a,2026-08-07 07:46:16.299954,1694.98,INR,netbanking,failed,insufficient_funds,Customer account has insufficient balance.,697,16,1,1,2391.02,False,1,13,mid_market,1714.73,True,True,False,CREATE_ESCALATION,0.0
txn_badb5a830578,cust_7012a912,2026-08-25 09:12:16.269812,1451.62,INR,netbanking,failed,insufficient_funds,Customer account has insufficient balance.,889,43,0,0,2897.41,True,2,30,ecommerce,1504.68,True,True,False,CREATE_ESCALATION,0.0
txn_e9638a29ada3,cust_70a1704e,2026-08-15 07:29:16.248632,817.68,INR,card,failed,authentication_failed,OTP or 3D secure authentication failed.,868,31,3,1,1170.73,False,2,9,ecommerce,892.65,True,True,True,RETRY_PAYMENT,817.68
txn_55d34458a276,cust_fb0479f9,2026-08-05 21:36:16.264223,1406.34,INR,netbanking,failed,authentication_failed,OTP or 3D secure authentication failed.,419,44,0,0,2180.42,False,0,27,ecommerce,1492.67,True,True,True,RETRY_PAYMENT,1406.34
txn_fd49b8f6b8e7,cust_5880afe7,2026-08-19 17:13:16.251632,129.3,INR,wallet,failed,insufficient_funds,Customer account has insufficient balance.,188,4,3,2,106.03,False,2,14,smb_saas,154.9,True,True,False,CREATE_ESCALATION,0.0
txn_442121a36f3d,cust_20c9a465,2026-08-21 23:21:16.259223,814.14,INR,upi,failed,insufficient_funds,Customer account has insufficient balance.,322,14,4,3,1235.2,False,2,11,smb_saas,885.26,True,True,False,CREATE_ESCALATION,0.0
txn_ba1497ee5cc8,cust_1cc4cf75,2026-08-03 08:02:16.359096,21995.88,INR,netbanking,failed,authentication_failed,OTP or 3D secure authentication failed.,919,18,4,0,34152.95,False,2,29,enterprise,22062.34,True,False,True,RETRY_PAYMENT,21995.88
txn_4ab98289434c,cust_a104a20f,2026-08-18 03:33:16.233825,45874.51,USD,card,failed,insufficient_funds,Customer account has insufficient balance.,517,39,3,2,90202.4,False,1,30,high_value,45963.73,True,True,False,CREATE_ESCALATION,0.0
txn_7f67ab123fb7,cust_9cae5318,2026-08-08 13:24:16.249632,511.81,INR,upi,failed,authentication_failed,OTP or 3D secure authentication failed.,349,47,3,3,435.45,False,1,27,smb_saas,594.06,True,True,True,RETRY_PAYMENT,511.81
txn_54370924e753,cust_6e49cfce,2026-08-10 15:32:16.338954,1000.0,USD,card,failed,limit_exceeded,Transaction exceeds customer limits.,32,35,3,0,1124.47,True,0,14,enterprise,1004.95,True,True,False,CREATE_ESCALATION,0.0
txn_c4766ffcd368,cust_ea24c7ee,2026-08-19 13:09:16.290365,85.72,USD,upi,failed,insufficient_funds,Customer account has insufficient balance.,512,3,5,5,102.87,True,3,4,smb_saas,96.15,True,True,False,CREATE_ESCALATION,0.0
txn_37d710e28d06,cust_4d2fff32,2026-08-23 22:36:16.282812,387.68,INR,netbanking,failed,temporary_bank_failure,Bank is experiencing intermittent issues.,761,8,4,0,227.16,False,0,14,smb_saas,436.04,True,True,False,CREATE_ESCALATION,0.0
txn_12f229d8bac1,cust_b78835f4,2026-08-20 04:19:16.289365,791.7,INR,upi,failed,limit_exceeded,Transaction exceeds customer limits.,411,10,2,0,1522.59,False,1,5,smb_saas,834.15,True,True,True,RETRY_PAYMENT,791.7
txn_0ecfee2d4a25,cust_92c9e1bd,2026-08-05 01:34:16.230826,1948.9,USD,netbanking,failed,authentication_failed,OTP or 3D secure authentication failed.,869,20,2,2,2655.79,False,1,19,ecommerce,2005.16,True,True,False,CREATE_ESCALATION,0.0
txn_10da2a5852f4,cust_a0b0a54e,2026-07-29 14:58:16.275813,516.68,USD,netbanking,failed,insufficient_funds,Customer account has insufficient balance.,609,9,0,0,892.43,True,0,0,smb_saas,534.58,True,True,True,SEND_RECOVERY_MESSAGE,516.68
txn_10db1e7d30d9,cust_dc536917,2026-08-11 21:12:16.319954,11128.08,INR,card,failed,temporary_bank_failure,Bank is experiencing intermittent issues.,958,23,2,2,18083.39,False,3,25,enterprise,11136.75,True,True,True,WAIT_AND_RETRY,11128.08
txn_de1bc90f392e,cust_c9107318,2026-07-26 09:34:16.335955,201.72,USD,wallet,failed,bank_timeout,Issuing bank did not respond in time.,91,37,0,0,274.35,False,3,9,smb_saas,233.63,True,True,True,WAIT_AND_RETRY,201.72
txn_edbb0283f2ab,cust_63ecf37a,2026-08-14 18:35:16.356096,193.67,INR,wallet,failed,insufficient_funds,Customer account has insufficient balance.,687,17,0,0,114.32,True,3,19,smb_saas,228.5,True,True,True,SEND_RECOVERY_MESSAGE,193.67
txn_18fb12552be8,cust_4d418986,2026-08-07 17:26:16.314954,59.67,INR,upi,failed,authentication_failed,OTP or 3D secure authentication failed.,996,11,2,1,109.3,True,0,16,ecommerce,134.36,True,True,True,RETRY_PAYMENT,59.67
txn_35bf397869af,cust_78f7b61a,2026-08-22 15:17:16.290365,4491.17,INR,card,failed,temporary_bank_failure,Bank is experiencing intermittent issues.,753,23,0,0,5127.71,False,1,6,mid_market,4571.39,True,True,True,WAIT_AND_RETRY,4491.17
txn_d103be1d1697,cust_b9b3a4c8,2026-08-15 16:53:16.312954,327.35,INR,card,failed,insufficient_funds,Customer account has insufficient balance.,389,45,0,0,195.21,True,0,8,smb_saas,350.78,True,True,True,SEND_RECOVERY_MESSAGE,327.35
txn_bc21d229955f,cust_65602688,2026-08-15 11:34:16.254632,984.56,INR,card,failed,insufficient_funds,Customer account has insufficient balance.,315,30,3,2,1291.52,False,2,11,ecommerce,1044.29,True,True,False,CREATE_ESCALATION,0.0
txn_d7874f2c639b,cust_52f8de1c,2026-08-09 21:11:16.285813,2281.48,INR,card,failed,fraud_suspected,Transaction flagged by risk engine.,773,3,5,5,2141.18,False,0,14,ecommerce,2351.91,True,True,False,STOP_AUTOMATION,0.0
txn_a748b6629649,cust_0bd3a266,2026-08-23 21:58:16.240825,522.52,INR,upi,failed,bank_timeout,Issuing bank did not respond in time.,272,30,1,1,899.15,False,2,4,smb_saas,542.38,True,True,False,CREATE_ESCALATION,0.0
txn_1893465ee1fc,cust_02e8840a,2026-08-23 01:56:16.325954,1278.81,INR,upi,failed,bank_timeout,Issuing bank did not respond in time.,48,5,4,4,815.63,False,3,23,enterprise,1304.42,True,True,True,WAIT_AND_RETRY,1278.81
txn_0fc93c7e54ca,cust_9a6b34a0,2026-08-02 16:58:16.226780,11259.12,INR,card,failed,limit_exceeded,Transaction exceeds customer limits.,687,40,5,2,13172.55,True,1,22,high_value,11265.9,True,True,False,CREATE_ESCALATION,0.0
txn_10b270f018cb,cust_0b7d951e,2026-08-07 20:15:16.328954,1000.0,INR,card,failed,insufficient_funds,Customer account has insufficient balance.,404,38,4,1,1287.56,False,1,4,enterprise,1026.22,True,False,False,CREATE_ESCALATION,0.0
txn_073ed685d75b,cust_45813277,2026-08-11 01:58:16.221629,10.0,INR,upi,failed,authentication_failed,OTP or 3D secure authentication failed.,8,4,5,5,5.88,True,0,27,smb_saas,43.04,True,True,True,RETRY_PAYMENT,10.0
txn_d60ab01c16bf,cust_0dbf7734,2026-07-26 14:52:16.274812,9025.11,INR,upi,failed,fraud_suspected,Transaction flagged by risk engine.,661,34,1,0,12378.32,False,3,27,high_value,9120.95,True,True,False,STOP_AUTOMATION,0.0
txn_46db4dc9c6e7,cust_9ce88ea2,2026-08-15 06:58:16.235826,101.66,INR,netbanking,failed,bank_timeout,Issuing bank did not respond in time.,388,39,0,0,183.97,False,0,14,smb_saas,188.71,True,True,True,WAIT_AND_RETRY,101.66
txn_aa671c8f3aff,cust_e06e6b7f,2026-08-04 07:18:16.232825,1939.31,INR,card,failed,insufficient_funds,Customer account has insufficient balance.,360,19,3,0,1597.1,False,3,25,mid_market,1983.56,True,True,False,CREATE_ESCALATION,0.0
txn_5b7c02c759bd,cust_913bcb42,2026-08-09 01:04:16.312954,12770.68,INR,wallet,failed,insufficient_funds,Customer account has insufficient balance.,485,50,3,2,12359.5,False,1,17,enterprise,12827.36,True,True,False,CREATE_ESCALATION,0.0
txn_c9e359aad265,cust_6b909afb,2026-08-13 19:32:16.266812,2120.13,INR,netbanking,failed,insufficient_funds,Customer account has insufficient balance.,801,36,5,4,4043.59,False,0,14,ecommerce,2168.46,True,True,True,SEND_RECOVERY_MESSAGE,2120.13
txn_7f970c92bf57,cust_408ab23a,2026-08-18 00:07:16.343954,480.86,INR,wallet,failed,limit_exceeded,Transaction exceeds customer limits.,953,12,0,0,746.42,False,0,7,smb_saas,520.46,True,True,False,CREATE_ESCALATION,0.0
txn_ba32aa66a700,cust_6b6994fb,2026-08-24 14:19:16.293365,1023.96,INR,card,failed,temporary_bank_failure,Bank is experiencing intermittent issues.,778,6,5,0,1990.37,False,3,6,ecommerce,1100.37,True,True,True,WAIT_AND_RETRY,1023.96
txn_90fbea370ce2,cust_5899437f,2026-08-23 09:05:16.237825,394.87,INR,upi,failed,insufficient_funds,Customer account has insufficient balance.,401,46,2,0,613.62,True,3,28,ecommerce,469.02,True,True,False,CREATE_ESCALATION,0.0
txn_ad60fc1e9be2,cust_cdb90fb2,2026-08-02 05:22:16.347954,191.23,INR,wallet,failed,insufficient_funds,Customer account has insufficient balance.,348,20,2,1,150.28,False,1,4,smb_saas,215.34,True,True,True,SEND_RECOVERY_MESSAGE,191.23
txn_0daa634e3651,cust_7fb75a2a,2026-08-07 21:30:16.243446,882.83,INR,wallet,failed,limit_exceeded,Transaction exceeds customer limits.,342,22,4,4,1421.17,False,1,10,ecommerce,965.7,True,True,False,CREATE_ESCALATION,0.0
txn_7c0cf660f070,cust_8c1749e2,2026-08-12 21:06:16.275813,116.96,USD,upi,failed,insufficient_funds,Customer account has insufficient balance.,208,16,5,2,94.55,False,2,18,smb_saas,204.79,True,True,True,SEND_RECOVERY_MESSAGE,116.96
txn_e3a47fdf78b2,cust_b86ff7a1,2026-08-10 12:35:16.282812,622.2,INR,netbanking,failed,insufficient_funds,Customer account has insufficient balance.,623,33,2,0,312.84,True,0,26,ecommerce,719.63,True,True,False,CREATE_ESCALATION,0.0
txn_e43dceba54aa,cust_08260096,2026-07-27 05:17:16.247585,165.99,INR,card,failed,temporary_bank_failure,Bank is experiencing intermittent issues.,603,0,0,0,93.58,False,3,-1,smb_saas,220.19,True,True,True,WAIT_AND_RETRY,165.99
txn_ba0a4e6c5577,cust_5b973180,2026-08-22 08:12:16.301954,16.41,USD,netbanking,failed,limit_exceeded,Transaction exceeds customer limits.,778,29,0,0,28.6,False,3,21,smb_saas,106.68,True,False,False,CREATE_ESCALATION,0.0
txn_620b0263199c,cust_1555370a,2026-08-07 22:08:16.294364,542.61,INR,upi,failed,limit_exceeded,Transaction exceeds customer limits.,231,25,5,3,979.97,False,2,24,mid_market,591.53,True,True,False,CREATE_ESCALATION,0.0
txn_aaeb78649203,cust_b9d43cc6,2026-08-08 07:26:16.259223,2401.71,INR,netbanking,failed,insufficient_funds,Customer account has insufficient balance.,361,24,1,1,1334.29,False,2,16,mid_market,2401.86,True,True,False,CREATE_ESCALATION,0.0
txn_54b734da1b70,cust_1e46193b,2026-07-29 18:19:16.320954,3930.85,INR,upi,failed,limit_exceeded,Transaction exceeds customer limits.,727,44,2,0,7115.89,False,1,19,enterprise,3988.21,True,True,True,RETRY_PAYMENT,3930.85
txn_39164ecb06ef,cust_0f5de7a9,2026-08-22 18:46:16.254632,643.95,USD,netbanking,failed,bank_timeout,Issuing bank did not respond in time.,812,7,3,0,872.05,False,0,15,smb_saas,727.37,True,True,True,WAIT_AND_RETRY,643.95
txn_1822a6f51916,cust_91fce36f,2026-08-22 18:05:16.251632,1339.28,USD,wallet,failed,bank_timeout,Issuing bank did not respond in time.,125,0,4,0,2312.59,True,3,-1,ecommerce,1418.97,True,True,False,CREATE_ESCALATION,0.0
txn_869433db04d7,cust_4feec036,2026-08-04 02:18:16.269812,11301.25,INR,card,failed,bank_timeout,Issuing bank did not respond in time.,943,31,2,1,20949.76,False,1,23,enterprise,11384.96,True,True,True,WAIT_AND_RETRY,11301.25
txn_f6a9549ea6d3,cust_c13819c3,2026-08-23 18:36:16.276813,169.36,INR,wallet,failed,insufficient_funds,Customer account has insufficient balance.,933,21,5,3,226.73,False,0,20,mid_market,241.18,True,True,True,SEND_RECOVERY_MESSAGE,169.36
txn_46e096c7f35e,cust_47fc0c60,2026-07-31 11:32:16.245325,1000.0,INR,netbanking,failed,limit_exceeded,Transaction exceeds customer limits.,633,4,1,1,1446.5,False,0,19,enterprise,1012.2,True,True,False,CREATE_ESCALATION,0.0
txn_7519907a120d,cust_e00f8736,2026-07-27 10:05:16.257223,100.96,INR,upi,failed,authentication_failed,OTP or 3D secure authentication failed.,802,28,3,1,189.18,True,1,30,smb_saas,157.24,True,True,False,CREATE_ESCALATION,0.0
txn_70b43558221c,cust_004ad444,2026-08-11 00:57:16.294364,11438.98,INR,card,failed,bank_timeout,Issuing bank did not respond in time.,580,21,3,1,18177.26,False,1,19,enterprise,11483.55,True,True,False,CREATE_ESCALATION,0.0
txn_262c16d6fc07,cust_2b4c68e6,2026-07-28 05:59:16.349954,630.07,USD,card,failed,insufficient_funds,Customer account has insufficient balance.,227,26,2,2,857.86,True,3,2,ecommerce,728.26,True,True,False,CREATE_ESCALATION,0.0
txn_c6f91d2ee52e,cust_a46961b4,2026-08-14 00:46:16.297955,666.12,INR,card,failed,bank_timeout,Issuing bank did not respond in time.,308,46,2,2,669.53,False,3,6,ecommerce,718.82,True,False,True,WAIT_AND_RETRY,666.12
txn_dcca0de8b1fe,cust_4388f0f3,2026-08-13 06:41:16.224629,1404.69,INR,card,failed,authentication_failed,OTP or 3D secure authentication failed.,445,41,2,2,2761.61,False,0,7,ecommerce,1425.83,True,True,False,CREATE_ESCALATION,0.0
txn_7a84f4be70b9,cust_ece0067e,2026-08-05 16:16:16.221629,1591.87,INR,upi,failed,insufficient_funds,Customer account has insufficient balance.,460,8,3,1,1461.05,True,0,14,mid_market,1672.67,True,True,True,SEND_RECOVERY_MESSAGE,1591.87
txn_113ec10cf0f9,cust_7193d084,2026-08-22 23:44:16.283812,548.96,INR,wallet,failed,insufficient_funds,Customer account has insufficient balance.,976,27,0,0,1033.48,True,2,12,ecommerce,569.24,True,True,True,SEND_RECOVERY_MESSAGE,548.96
txn_fa3f82c000f1,cust_8bd3e556,2026-08-02 01:22:16.337954,3096.5,INR,upi,failed,insufficient_funds,Customer account has insufficient balance.,960,25,4,4,3761.22,False,1,5,mid_market,3184.45,True,True,False,CREATE_ESCALATION,0.0
txn_19b741b8bd3d,cust_59597c3f,2026-08-23 01:36:16.226780,141.42,USD,wallet,failed,limit_exceeded,Transaction exceeds customer limits.,583,26,2,2,215.58,False,0,0,smb_saas,200.16,True,True,True,RETRY_PAYMENT,141.42
txn_1af358b6c13f,cust_6135faf5,2026-08-14 23:22:16.246043,74.53,INR,card,failed,insufficient_funds,Customer account has insufficient balance.,439,31,0,0,148.15,True,1,1,smb_saas,87.88,True,False,True,SEND_RECOVERY_MESSAGE,74.53
txn_783a7f2e43d3,cust_ef1bdd82,2026-07-26 04:31:16.318954,1204.58,INR,card,failed,bank_timeout,Issuing bank did not respond in time.,141,29,3,1,2033.53,True,3,21,ecommerce,1295.13,True,True,True,WAIT_AND_RETRY,1204.58
txn_540dc09e8e07,cust_5fdca832,2026-08-22 04:42:16.293365,26.32,INR,netbanking,failed,authentication_failed,OTP or 3D secure authentication failed.,948,10,0,0,21.25,False,3,28,smb_saas,105.43,True,True,True,RETRY_PAYMENT,26.32
txn_edfc1a8c44dc,cust_9aeba134,2026-08-18 16:35:16.326954,210.95,USD,netbanking,failed,insufficient_funds,Customer account has insufficient balance.,645,15,3,2,247.04,False,0,25,smb_saas,222.4,True,True,False,CREATE_ESCALATION,0.0
txn_5d6477a26c7a,cust_a4786e8f,2026-08-23 13:54:16.316954,858.81,USD,upi,failed,bank_timeout,Issuing bank did not respond in time.,31,35,0,0,1386.92,False,2,7,ecommerce,949.68,True,True,False,CREATE_ESCALATION,0.0
txn_95329221cdb2,cust_707315a0,2026-08-06 21:31:16.286812,1174.0,INR,upi,failed,insufficient_funds,Customer account has insufficient balance.,345,49,3,0,2229.73,True,2,5,mid_market,1212.27,True,False,True,SEND_RECOVERY_MESSAGE,1174.0
txn_c236eab23912,cust_a980e4b9,2026-08-17 21:48:16.261223,466.86,INR,netbanking,failed,authentication_failed,OTP or 3D secure authentication failed.,379,14,1,1,827.97,False,1,9,ecommerce,554.68,True,True,False,CREATE_ESCALATION,0.0
txn_49264a042dfe,cust_5e8af38a,2026-08-02 16:59:16.365098,1906.05,USD,wallet,failed,insufficient_funds,Customer account has insufficient balance.,913,20,0,0,1046.48,True,0,0,ecommerce,1945.99,True,True,True,SEND_RECOVERY_MESSAGE,1906.05
txn_a37e3109aa6a,cust_3b2c5584,2026-08-16 20:43:16.283812,209.93,INR,netbanking,failed,insufficient_funds,Customer account has insufficient balance.,129,13,3,3,158.62,True,0,15,ecommerce,235.24,True,True,False,CREATE_ESCALATION,0.0
txn_94aba0dafdbc,cust_05091a60,2026-07-26 09:01:16.291365,33.8,USD,netbanking,failed,limit_exceeded,Transaction exceeds customer limits.,134,41,5,3,53.77,False,1,25,smb_saas,116.03,True,False,False,CREATE_ESCALATION,0.0
txn_2f410fb997b3,cust_13f6b9d2,2026-07-29 08:49:16.237825,13241.74,INR,card,failed,temporary_bank_failure,Bank is experiencing intermittent issues.,966,8,5,3,19311.42,False,0,6,high_value,13316.31,True,True,False,CREATE_ESCALATION,0.0
txn_c72571d1cbc3,cust_da76b547,2026-08-01 13:04:16.359096,302.0,INR,upi,failed,insufficient_funds,Customer account has insufficient balance.,235,50,0,0,412.18,True,1,9,smb_saas,393.25,True,True,True,SEND_RECOVERY_MESSAGE,302.0
txn_dff1f73644df,cust_2c2eb574,2026-08-13 15:05:16.321954,1534.55,INR,wallet,failed,insufficient_funds,Customer account has insufficient balance.,114,6,1,1,1921.11,True,3,23,ecommerce,1552.09,True,True,True,SEND_RECOVERY_MESSAGE,1534.55
txn_479650836f01,cust_e21907d4,2026-08-15 16:34:16.336954,299.04,INR,upi,failed,temporary_bank_failure,Bank is experiencing intermittent issues.,113,50,3,0,505.39,True,2,21,smb_saas,352.52,True,True,True,WAIT_AND_RETRY,299.04
txn_1e93949eaaf7,cust_e2d78ac8,2026-08-20 12:41:16.238825,456.56,INR,card,failed,insufficient_funds,Customer account has insufficient balance.,930,44,4,3,734.44,False,1,5,smb_saas,488.07,True,True,True,SEND_RECOVERY_MESSAGE,456.56
txn_636f1fde6a92,cust_1f35ce98,2026-07-28 23:28:16.309954,27.24,USD,netbanking,failed,insufficient_funds,Customer account has insufficient balance.,76,22,3,3,41.4,True,2,23,smb_saas,72.12,True,True,True,SEND_RECOVERY_MESSAGE,27.24
txn_6da3fb095eb8,cust_614c337c,2026-08-09 08:44:16.274812,924.58,INR,card,failed,insufficient_funds,Customer account has insufficient balance.,47,32,4,4,1611.59,False,3,25,ecommerce,985.41,True,True,False,CREATE_ESCALATION,0.0
txn_ff607d300184,cust_0854ea17,2026-08-08 05:06:16.293365,558.02,INR,wallet,failed,authentication_failed,OTP or 3D secure authentication failed.,418,1,5,3,1094.47,True,2,20,ecommerce,564.65,True,True,False,CREATE_ESCALATION,0.0
txn_df27b3dfb6e1,cust_463dfa74,2026-08-24 17:01:16.248632,75.65,INR,netbanking,failed,insufficient_funds,Customer account has insufficient balance.,300,14,1,1,97.95,False,0,18,smb_saas,89.58,True,False,True,SEND_RECOVERY_MESSAGE,75.65
txn_4e70c163d080,cust_6ea04ead,2026-08-12 09:09:16.276813,282.45,INR,upi,failed,fraud_suspected,Transaction flagged by risk engine.,614,27,3,1,328.63,False,2,16,smb_saas,291.74,True,True,False,STOP_AUTOMATION,0.0
txn_26e4c2d6bbe2,cust_ad940c81,2026-08-16 15:28:16.252632,16.25,INR,upi,failed,fraud_suspected,Transaction flagged by risk engine.,179,25,5,0,20.53,True,3,7,smb_saas,73.34,True,True,False,STOP_AUTOMATION,0.0
txn_764caf976b8e,cust_6d89243d,2026-08-17 00:22:16.273812,10933.65,INR,card,failed,authentication_failed,OTP or 3D secure authentication failed.,35,38,0,0,14466.02,False,0,23,high_value,10977.89,True,False,False,CREATE_ESCALATION,0.0
txn_5381fb4d8538,cust_2e9063b8,2026-08-01 03:58:16.303954,718.17,USD,wallet,failed,authentication_failed,OTP or 3D secure authentication failed.,392,23,3,1,1381.66,False,3,26,smb_saas,768.05,True,True,True,RETRY_PAYMENT,718.17
txn_5723064d9fd3,cust_bc9119f8,2026-08-23 02:50:16.293365,339.54,INR,wallet,failed,bank_timeout,Issuing bank did not respond in time.,360,49,4,2,452.17,False,3,6,mid_market,400.9,True,True,False,CREATE_ESCALATION,0.0
txn_847e530759b9,cust_c8a1585e,2026-08-09 19:58:16.324955,1004.16,INR,wallet,failed,insufficient_funds,Customer account has insufficient balance.,860,4,0,0,1961.45,False,0,18,enterprise,1038.92,True,True,True,SEND_RECOVERY_MESSAGE,1004.16
txn_8de980d0cb71,cust_9ac14c35,2026-08-13 23:35:16.311954,5843.31,INR,card,failed,insufficient_funds,Customer account has insufficient balance.,421,25,1,0,8971.71,False,1,16,mid_market,5884.52,True,True,True,SEND_RECOVERY_MESSAGE,5843.31
txn_0cd2b771e1a8,cust_8aef6c56,2026-08-04 13:31:16.325954,3038.61,USD,netbanking,failed,temporary_bank_failure,Bank is experiencing intermittent issues.,886,15,5,2,5350.98,False,2,22,enterprise,3109.25,True,True,True,WAIT_AND_RETRY,3038.61
txn_400de52a3fe1,cust_b20edd04,2026-08-25 06:48:16.343954,7385.37,INR,netbanking,failed,fraud_suspected,Transaction flagged by risk engine.,71,42,3,3,11796.45,False,0,10,high_value,7467.55,True,True,False,STOP_AUTOMATION,0.0
txn_a5a38d67c7e7,cust_a726f7d0,2026-08-22 18:36:16.327954,1242.59,INR,upi,failed,limit_exceeded,Transaction exceeds customer limits.,434,13,0,0,2371.28,False,3,17,ecommerce,1316.26,True,True,False,CREATE_ESCALATION,0.0
txn_67d8fb2178b1,cust_92a7fa4e,2026-08-03 12:21:16.287327,32271.63,INR,netbanking,failed,bank_timeout,Issuing bank did not respond in time.,761,50,1,0,52776.1,True,3,17,high_value,32331.49,True,True,True,WAIT_AND_RETRY,32271.63
txn_ebeb83aace99,cust_7752e840,2026-08-10 01:33:16.226780,173.89,INR,upi,failed,bank_timeout,Issuing bank did not respond in time.,273,34,5,0,286.24,False,3,11,ecommerce,267.41,True,False,True,WAIT_AND_RETRY,173.89
txn_ba62518813e3,cust_f8d87537,2026-07-30 09:18:16.276813,543.46,INR,card,failed,insufficient_funds,Customer account has insufficient balance.,973,16,3,1,1072.86,False,2,7,ecommerce,552.65,True,True,False,CREATE_ESCALATION,0.0
txn_141b56b347c3,cust_b0d91e87,2026-07-31 12:53:16.271813,279.81,INR,wallet,failed,insufficient_funds,Customer account has insufficient balance.,786,29,0,0,528.56,False,3,21,ecommerce,341.91,True,True,False,CREATE_ESCALATION,0.0
txn_7a4e58431c75,cust_08e2e5d0,2026-08-08 04:34:16.247585,96.47,INR,card,failed,insufficient_funds,Customer account has insufficient balance.,941,37,3,0,191.68,False,3,28,smb_saas,117.38,True,True,True,SEND_RECOVERY_MESSAGE,96.47
txn_5180fd8be268,cust_91550550,2026-08-09 15:32:16.314954,344.95,INR,wallet,failed,insufficient_funds,Customer account has insufficient balance.,554,2,4,4,355.22,True,1,24,mid_market,390.4,True,True,False,CREATE_ESCALATION,0.0
txn_7afbb46e2da7,cust_249523f0,2026-08-19 16:55:16.359096,8068.31,USD,card,failed,insufficient_funds,Customer account has insufficient balance.,64,27,5,2,12691.88,False,1,11,mid_market,8078.83,True,True,True,SEND_RECOVERY_MESSAGE,8068.31
txn_11d612c63205,cust_353c8998,2026-08-18 11:22:16.279813,1000.0,USD,netbanking,failed,bank_timeout,Issuing bank did not respond in time.,411,22,2,2,1297.67,False,3,10,enterprise,1037.15,True,True,True,WAIT_AND_RETRY,1000.0
txn_a8f982d4d8bb,cust_ca808f51,2026-08-22 15:16:16.314954,178.32,INR,netbanking,failed,limit_exceeded,Transaction exceeds customer limits.,839,13,1,0,150.05,False,1,9,smb_saas,204.22,True,True,False,CREATE_ESCALATION,0.0
txn_a6aaa2fdd9fe,cust_98d0f4a9,2026-08-18 12:36:16.240825,3729.88,INR,card,failed,authentication_failed,OTP or 3D secure authentication failed.,357,1,4,2,7027.27,False,1,24,mid_market,3732.61,True,True,False,CREATE_ESCALATION,0.0
txn_86f5be6b983a,cust_d236926e,2026-07-30 07:52:16.278812,208.49,INR,upi,failed,insufficient_funds,Customer account has insufficient balance.,199,40,5,2,402.52,False,3,30,smb_saas,296.21,True,True,False,CREATE_ESCALATION,0.0
txn_22cc49c215cc,cust_ad3fd273,2026-08-23 13:38:16.316954,75.42,INR,upi,failed,fraud_suspected,Transaction flagged by risk engine.,44,45,3,1,90.19,True,1,12,smb_saas,102.46,True,False,False,STOP_AUTOMATION,0.0
txn_d37ea1e24474,cust_b5d0acf9,2026-08-09 13:16:16.327954,92.77,USD,wallet,failed,insufficient_funds,Customer account has insufficient balance.,586,11,0,0,59.99,False,2,16,ecommerce,181.65,True,True,False,CREATE_ESCALATION,0.0
